{"type": "FeatureCollection", "features": [{"type": "Feature", "properties": {"cota": 620}, "geometry": {"type": "MultiPolygon", "coordinates": [[[[-42.67912, -19.5406], [-42.67912, -19.54066], [-42.67912, -19.5408], [-42.67926, -19.54087], [-42.67955, -19.54087], [-42.67977, -19.54074], [-42.67991, -19.54047], [-42.68034, -19.54034], [-42.68106, -19.54035], [-42.68141, -19.54029], [-42.68142, -19.54015], [-42.68099, -19.54008], [-42.68013, -19.54007], [-42.67963, -19.5402], [-42.67948, -19.54047], [-42.67934, -19.5406], [-42.6792, -19.5406], [-42.67912, -19.5406]]], [[[-42.67486, -19.53919], [-42.675, -19.53919], [-42.67529, -19.53919], [-42.67544, -19.53892], [-42.67544, -19.53838], [-42.6753, -19.53811], [-42.67502, -19.53811], [-42.67488, -19.53797], [-42.67488, -19.5377], [-42.67474, -19.53749], [-42.67446, -19.53735], [-42.67431, -19.53749], [-42.67431, -19.53789], [-42.67438, -19.5381], [-42.67452, -19.5381], [-42.67466, -19.53837], [-42.67479, -19.53892], [-42.67486, -19.53919]]], [[[-42.6659, -19.52662], [-42.66576, -19.52662], [-42.66547, -19.52661], [-42.66533, -19.52668], [-42.66533, -19.52681], [-42.66526, -19.52688], [-42.66511, -19.52688], [-42.66504, -19.52681], [-42.66505, -19.52667], [-42.6649, -19.5266], [-42.66462, -19.5266], [-42.66448, -19.52653], [-42.66448, -19.5264], [-42.66441, -19.52633], [-42.66427, -19.52633], [-42.66419, -19.52639], [-42.66419, -19.52653], [-42.66369, -19.52659], [-42.66269, -19.52658], [-42.66219, -19.5265], [-42.66219, -19.52637], [-42.66212, -19.5263], [-42.66198, -19.5263], [-42.66191, -19.52657], [-42.6619, -19.52711], [-42.66247, -19.52739], [-42.66361, -19.5274], [-42.66418, -19.52748], [-42.66418, -19.52761], [-42.66453, -19.52768], [-42.66525, -19.52769], [-42.6656, -19.52776], [-42.6656, -19.5279], [-42.66567, -19.52797], [-42.66581, -19.52797], [-42.66588, -19.52804], [-42.66588, -19.52817], [-42.66602, -19.52831], [-42.66631, -19.52845], [-42.66644, -19.52866], [-42.66644, -19.52893], [-42.66651, -19.52906], [-42.66665, -19.52906], [-42.66665, -19.5292], [-42.6665, -19.52947], [-42.66657, -19.5296], [-42.66686, -19.52961], [-42.667, -19.52975], [-42.667, -19.53002], [-42.66707, -19.53015], [-42.66721, -19.53015], [-42.66735, -19.53043], [-42.66748, -19.53097], [-42.66762, -19.53124], [-42.66776, -19.53124], [-42.6679, -19.53152], [-42.66804, -19.53206], [-42.66825, -19.53233], [-42.66853, -19.53234], [-42.66867, -19.53247], [-42.66867, -19.53275], [-42.66881, -19.53288], [-42.6691, -19.53289], [-42.66924, -19.53296], [-42.66924, -19.53309], [-42.66931, -19.53316], [-42.66945, -19.53316], [-42.66952, -19.53337], [-42.66951, -19.53377], [-42.66965, -19.53398], [-42.66994, -19.53398], [-42.67015, -19.53412], [-42.67029, -19.53439], [-42.67043, -19.53453], [-42.67057, -19.53453], [-42.67064, -19.5346], [-42.67064, -19.53473], [-42.67078, -19.53487], [-42.67107, -19.53501], [-42.67121, -19.53521], [-42.6712, -19.53549], [-42.67134, -19.53569], [-42.67162, -19.53583], [-42.67177, -19.53597], [-42.67176, -19.5361], [-42.67183, -19.53617], [-42.67198, -19.53617], [-42.67204, -19.53665], [-42.67203, -19.53759], [-42.67209, -19.53807], [-42.67224, -19.53807], [-42.6723, -19.53848], [-42.67229, -19.53929], [-42.67235, -19.5397], [-42.6725, -19.5397], [-42.67256, -19.54011], [-42.67255, -19.54092], [-42.67269, -19.54133], [-42.67297, -19.54133], [-42.67312, -19.5414], [-42.67311, -19.54153], [-42.67318, -19.5416], [-42.67333, -19.5416], [-42.6734, -19.54174], [-42.67339, -19.54201], [-42.67346, -19.54215], [-42.6736, -19.54215], [-42.67368, -19.54222], [-42.67367, -19.54235], [-42.67382, -19.54242], [-42.6741, -19.54243], [-42.67424, -19.5425], [-42.67424, -19.54263], [-42.67467, -19.5427], [-42.67552, -19.54272], [-42.67595, -19.54279], [-42.67595, -19.54292], [-42.67609, -19.54299], [-42.67638, -19.543], [-42.67652, -19.54293], [-42.67652, -19.5428], [-42.6766, -19.54273], [-42.67674, -19.54273], [-42.67681, -19.5428], [-42.67681, -19.54294], [-42.67688, -19.543], [-42.67702, -19.54301], [-42.67709, -19.54314], [-42.67709, -19.54341], [-42.67701, -19.54355], [-42.67687, -19.54355], [-42.6768, -19.54361], [-42.67679, -19.54375], [-42.67694, -19.54382], [-42.67722, -19.54382], [-42.67737, -19.54375], [-42.67737, -19.54362], [-42.67744, -19.54355], [-42.67758, -19.54355], [-42.67765, -19.54362], [-42.67765, -19.54376], [-42.67779, -19.54383], [-42.67808, -19.54383], [-42.67822, -19.54377], [-42.67822, -19.54363], [-42.67851, -19.54357], [-42.67908, -19.54357], [-42.67937, -19.54365], [-42.67936, -19.54378], [-42.67951, -19.54385], [-42.67979, -19.54385], [-42.67994, -19.54379], [-42.67994, -19.54365], [-42.67987, -19.54358], [-42.67972, -19.54358], [-42.67958, -19.54345], [-42.67944, -19.54317], [-42.6793, -19.54304], [-42.67916, -19.54303], [-42.67909, -19.54296], [-42.67909, -19.54283], [-42.67902, -19.54276], [-42.67888, -19.54276], [-42.67881, -19.54289], [-42.6788, -19.54316], [-42.67866, -19.5433], [-42.67837, -19.54329], [-42.67816, -19.54302], [-42.67803, -19.54248], [-42.67803, -19.54221], [-42.67817, -19.54221], [-42.67824, -19.54228], [-42.67824, -19.54241], [-42.67845, -19.54248], [-42.67888, -19.54249], [-42.6791, -19.54242], [-42.6791, -19.54229], [-42.67917, -19.54222], [-42.67932, -19.54222], [-42.67939, -19.54229], [-42.67938, -19.54243], [-42.6796, -19.5425], [-42.68003, -19.5425], [-42.68024, -19.54244], [-42.68024, -19.5423], [-42.68053, -19.54224], [-42.6811, -19.54225], [-42.68139, -19.54218], [-42.68139, -19.54205], [-42.68175, -19.54198], [-42.68246, -19.54199], [-42.68289, -19.54186], [-42.68304, -19.54159], [-42.68325, -19.54146], [-42.68354, -19.54147], [-42.68368, -19.5414], [-42.68368, -19.54126], [-42.68383, -19.54113], [-42.68412, -19.541], [-42.68434, -19.54066], [-42.68449, -19.54012], [-42.68478, -19.53986], [-42.6852, -19.53986], [-42.68542, -19.53973], [-42.68542, -19.53946], [-42.68557, -19.53933], [-42.68585, -19.53933], [-42.686, -19.5392], [-42.686, -19.53892], [-42.68608, -19.53879], [-42.68622, -19.53879], [-42.68629, -19.53886], [-42.68629, -19.539], [-42.68643, -19.53913], [-42.68671, -19.53927], [-42.68685, -19.53941], [-42.68685, -19.53954], [-42.68699, -19.53961], [-42.68728, -19.53962], [-42.68743, -19.53928], [-42.68743, -19.5386], [-42.68737, -19.53827], [-42.68723, -19.53826], [-42.68716, -19.53819], [-42.68716, -19.53806], [-42.6868, -19.53799], [-42.68609, -19.53798], [-42.68573, -19.53804], [-42.68573, -19.53818], [-42.68558, -19.53824], [-42.6853, -19.53824], [-42.68508, -19.53837], [-42.68494, -19.53864], [-42.68465, -19.53877], [-42.68422, -19.53877], [-42.684, -19.53883], [-42.684, -19.53897], [-42.68393, -19.53903], [-42.68379, -19.53903], [-42.68364, -19.53917], [-42.6835, -19.53943], [-42.68328, -19.53957], [-42.68299, -19.53956], [-42.68285, -19.53963], [-42.68285, -19.53976], [-42.68256, -19.53983], [-42.68199, -19.53982], [-42.6817, -19.53988], [-42.6817, -19.54002], [-42.68192, -19.54009], [-42.68234, -19.5401], [-42.68256, -19.54023], [-42.68255, -19.5405], [-42.68248, -19.54064], [-42.68234, -19.54064], [-42.68227, -19.54057], [-42.68227, -19.54043], [-42.68206, -19.54036], [-42.68163, -19.54036], [-42.68141, -19.54042], [-42.68141, -19.54056], [-42.68134, -19.54062], [-42.68119, -19.54062], [-42.68112, -19.54069], [-42.68112, -19.54082], [-42.68126, -19.54089], [-42.68155, -19.5409], [-42.68169, -19.54104], [-42.68168, -19.54131], [-42.68118, -19.54143], [-42.68018, -19.54142], [-42.67968, -19.54135], [-42.67969, -19.54121], [-42.67955, -19.54114], [-42.67926, -19.54114], [-42.67912, -19.54107], [-42.67912, -19.54093], [-42.67891, -19.54086], [-42.67848, -19.54086], [-42.67827, -19.54079], [-42.67827, -19.54065], [-42.67813, -19.54058], [-42.67784, -19.54058], [-42.67769, -19.54071], [-42.67769, -19.54098], [-42.67762, -19.54112], [-42.67747, -19.54112], [-42.67741, -19.54098], [-42.67741, -19.54071], [-42.67734, -19.54057], [-42.6772, -19.54057], [-42.67712, -19.54064], [-42.67712, -19.54077], [-42.67627, -19.54083], [-42.67455, -19.54081], [-42.6737, -19.54066], [-42.6737, -19.54039], [-42.67363, -19.54025], [-42.67349, -19.54025], [-42.67343, -19.53971], [-42.67344, -19.53863], [-42.67352, -19.53809], [-42.67366, -19.53809], [-42.67374, -19.53795], [-42.67374, -19.53768], [-42.6736, -19.53761], [-42.67331, -19.53775], [-42.67317, -19.53768], [-42.67317, -19.53741], [-42.67346, -19.53727], [-42.67403, -19.53728], [-42.67432, -19.53722], [-42.67432, -19.53708], [-42.67418, -19.53701], [-42.67389, -19.53701], [-42.67375, -19.53694], [-42.67375, -19.5368], [-42.67361, -19.5368], [-42.67332, -19.53693], [-42.67318, -19.5368], [-42.67319, -19.53639], [-42.67312, -19.53619], [-42.67298, -19.53619], [-42.67284, -19.53605], [-42.6727, -19.53578], [-42.67249, -19.53557], [-42.6722, -19.53543], [-42.67207, -19.53489], [-42.67208, -19.53394], [-42.67202, -19.53347], [-42.67187, -19.53346], [-42.6718, -19.5336], [-42.6718, -19.53387], [-42.67172, -19.534], [-42.67158, -19.534], [-42.67151, -19.53393], [-42.67151, -19.5338], [-42.67144, -19.53373], [-42.6713, -19.53373], [-42.67123, -19.53359], [-42.67123, -19.53332], [-42.67109, -19.53312], [-42.67081, -19.53298], [-42.67067, -19.53277], [-42.67067, -19.5325], [-42.6706, -19.53236], [-42.67046, -19.53236], [-42.67039, -19.53229], [-42.67039, -19.53216], [-42.67025, -19.53209], [-42.66997, -19.53209], [-42.66982, -19.53202], [-42.66983, -19.53188], [-42.66975, -19.53181], [-42.66961, -19.53181], [-42.66954, -19.53174], [-42.66954, -19.53161], [-42.6694, -19.53147], [-42.66912, -19.53133], [-42.66898, -19.53119], [-42.66898, -19.53106], [-42.66891, -19.53099], [-42.66877, -19.53099], [-42.6687, -19.53085], [-42.6687, -19.53058], [-42.66892, -19.53045], [-42.66935, -19.53045], [-42.66956, -19.53052], [-42.66956, -19.53066], [-42.66977, -19.53073], [-42.6702, -19.53073], [-42.67041, -19.5308], [-42.67041, -19.53094], [-42.67069, -19.53108], [-42.67126, -19.53122], [-42.67155, -19.53123], [-42.67155, -19.53109], [-42.67162, -19.53102], [-42.67177, -19.53103], [-42.67184, -19.53096], [-42.67184, -19.53082], [-42.67177, -19.53075], [-42.67163, -19.53075], [-42.67156, -19.53062], [-42.67156, -19.53035], [-42.67149, -19.53021], [-42.67135, -19.53021], [-42.67128, -19.53014], [-42.67128, -19.53], [-42.67121, -19.52994], [-42.67107, -19.52993], [-42.67099, -19.53], [-42.67099, -19.53014], [-42.67092, -19.5302], [-42.67078, -19.5302], [-42.67071, -19.53013], [-42.67071, -19.53], [-42.67057, -19.52993], [-42.67028, -19.52992], [-42.67014, -19.52985], [-42.67014, -19.52972], [-42.67021, -19.52965], [-42.67036, -19.52965], [-42.67043, -19.52945], [-42.67044, -19.52905], [-42.67037, -19.52884], [-42.67023, -19.52884], [-42.67009, -19.5287], [-42.66995, -19.52843], [-42.66981, -19.52829], [-42.66966, -19.52829], [-42.66959, -19.52822], [-42.66959, -19.52809], [-42.66924, -19.52801], [-42.66852, -19.52801], [-42.66817, -19.52787], [-42.66817, -19.52759], [-42.66803, -19.52746], [-42.66775, -19.52745], [-42.66761, -19.52738], [-42.66761, -19.52725], [-42.66739, -19.52718], [-42.66697, -19.52717], [-42.66675, -19.5271], [-42.66675, -19.52697], [-42.66654, -19.5269], [-42.66611, -19.52689], [-42.6659, -19.52682], [-42.6659, -19.52669], [-42.6659, -19.52662]], [[-42.6676, -19.52772], [-42.66746, -19.52772], [-42.66717, -19.52772], [-42.66703, -19.52765], [-42.66703, -19.52751], [-42.66718, -19.52745], [-42.66746, -19.52745], [-42.6676, -19.52752], [-42.6676, -19.52766], [-42.6676, -19.52772]], [[-42.66871, -19.5299], [-42.66857, -19.5299], [-42.66828, -19.5299], [-42.66814, -19.52976], [-42.66815, -19.52949], [-42.66808, -19.52935], [-42.66793, -19.52935], [-42.66787, -19.52915], [-42.66787, -19.52874], [-42.6678, -19.52854], [-42.66766, -19.52854], [-42.66759, -19.52847], [-42.66759, -19.52833], [-42.66788, -19.52827], [-42.66845, -19.52828], [-42.66873, -19.52835], [-42.66873, -19.52848], [-42.66866, -19.52855], [-42.66852, -19.52855], [-42.66844, -19.52882], [-42.66843, -19.52936], [-42.6685, -19.52963], [-42.66864, -19.52963], [-42.66871, -19.5297], [-42.66871, -19.52984], [-42.66871, -19.5299]]], [[[-42.67446, -19.527], [-42.67454, -19.527], [-42.67468, -19.527], [-42.67475, -19.5268], [-42.67476, -19.52639], [-42.6749, -19.52619], [-42.67519, -19.5262], [-42.67534, -19.52599], [-42.67534, -19.52559], [-42.6752, -19.52538], [-42.67492, -19.52538], [-42.67477, -19.52551], [-42.67477, -19.52578], [-42.67469, -19.52592], [-42.67455, -19.52592], [-42.67448, -19.52619], [-42.67447, -19.52673], [-42.67446, -19.527]]], [[[-42.66698, -19.53096], [-42.66698, -19.53083], [-42.66699, -19.53056], [-42.66692, -19.53042], [-42.66678, -19.53042], [-42.66671, -19.53035], [-42.66671, -19.53022], [-42.66657, -19.53015], [-42.66628, -19.53014], [-42.66614, -19.53028], [-42.66613, -19.53055], [-42.66627, -19.53068], [-42.66656, -19.53069], [-42.6667, -19.53076], [-42.6667, -19.53089], [-42.66677, -19.53096], [-42.66691, -19.53096], [-42.66698, -19.53096]]], [[[-42.67298, -19.53077], [-42.67306, -19.53064], [-42.6732, -19.53037], [-42.67335, -19.53023], [-42.67349, -19.53024], [-42.67356, -19.5301], [-42.67357, -19.52983], [-42.67343, -19.52976], [-42.67314, -19.52989], [-42.673, -19.52982], [-42.673, -19.52955], [-42.67293, -19.52942], [-42.67279, -19.52941], [-42.67272, -19.52948], [-42.67271, -19.52962], [-42.67264, -19.52968], [-42.6725, -19.52968], [-42.67242, -19.52995], [-42.67242, -19.53049], [-42.67255, -19.53076], [-42.67284, -19.53077], [-42.67298, -19.53077]]], [[[-42.66244, -19.52928], [-42.66244, -19.52921], [-42.66244, -19.52908], [-42.66266, -19.52901], [-42.66308, -19.52902], [-42.6633, -19.52889], [-42.6633, -19.52861], [-42.66338, -19.52848], [-42.66352, -19.52848], [-42.66359, -19.52842], [-42.66359, -19.52828], [-42.66345, -19.52821], [-42.66317, -19.52821], [-42.66303, -19.52814], [-42.66303, -19.528], [-42.66274, -19.52793], [-42.66217, -19.52792], [-42.66188, -19.52819], [-42.66187, -19.52873], [-42.66201, -19.52907], [-42.6623, -19.52921], [-42.66244, -19.52928]]]]}}, {"type": "Feature", "properties": {"cota": 700}, "geometry": {"type": "MultiPolygon", "coordinates": [[[[-42.66305, -19.52658], [-42.66305, -19.52651], [-42.66305, -19.52638], [-42.66277, -19.52631], [-42.6622, -19.5263], [-42.66191, -19.52657], [-42.6619, -19.52711], [-42.66239, -19.52738], [-42.66339, -19.5274], [-42.66389, -19.52747], [-42.66389, -19.52761], [-42.66432, -19.52768], [-42.66517, -19.52769], [-42.6656, -19.52817], [-42.66558, -19.52912], [-42.66565, -19.52959], [-42.66579, -19.52959], [-42.66586, -19.52953], [-42.66586, -19.52939], [-42.66615, -19.5294], [-42.66672, -19.52954], [-42.667, -19.52975], [-42.667, -19.53002], [-42.66671, -19.53015], [-42.66614, -19.53014], [-42.66585, -19.5302], [-42.66585, -19.53034], [-42.66592, -19.53041], [-42.66606, -19.53041], [-42.66613, -19.53048], [-42.66613, -19.53061], [-42.66627, -19.53068], [-42.66656, -19.53069], [-42.66677, -19.53083], [-42.66691, -19.5311], [-42.66712, -19.53117], [-42.66741, -19.53104], [-42.66755, -19.53111], [-42.66755, -19.53138], [-42.66762, -19.53151], [-42.66776, -19.53152], [-42.66783, -19.53165], [-42.66783, -19.53192], [-42.6679, -19.53206], [-42.66804, -19.53206], [-42.66811, -19.53213], [-42.66811, -19.53226], [-42.66825, -19.5324], [-42.66853, -19.53254], [-42.66867, -19.53275], [-42.66867, -19.53302], [-42.66888, -19.53315], [-42.66931, -19.53316], [-42.66952, -19.53343], [-42.66951, -19.53397], [-42.66958, -19.53425], [-42.66972, -19.53425], [-42.66986, -19.53439], [-42.67, -19.53466], [-42.67021, -19.53473], [-42.6705, -19.5346], [-42.67064, -19.5346], [-42.67064, -19.53473], [-42.67071, -19.5348], [-42.67085, -19.5348], [-42.67092, -19.53494], [-42.67092, -19.53521], [-42.67099, -19.53535], [-42.67113, -19.53535], [-42.67127, -19.53549], [-42.67141, -19.53576], [-42.67155, -19.5359], [-42.6717, -19.5359], [-42.67176, -19.5361], [-42.67176, -19.53651], [-42.67183, -19.53671], [-42.67197, -19.53671], [-42.67204, -19.53705], [-42.67203, -19.53773], [-42.67209, -19.53807], [-42.67224, -19.53807], [-42.6723, -19.53848], [-42.67229, -19.53929], [-42.67235, -19.5397], [-42.6725, -19.5397], [-42.67256, -19.54011], [-42.67255, -19.54092], [-42.67269, -19.54133], [-42.67297, -19.54133], [-42.67312, -19.5414], [-42.67311, -19.54153], [-42.67318, -19.5416], [-42.67333, -19.5416], [-42.6734, -19.54174], [-42.67339, -19.54201], [-42.67346, -19.54215], [-42.6736, -19.54215], [-42.67368, -19.54222], [-42.67367, -19.54235], [-42.67382, -19.54242], [-42.6741, -19.54243], [-42.67424, -19.5425], [-42.67424, -19.54263], [-42.67467, -19.5427], [-42.67552, -19.54272], [-42.67595, -19.54286], [-42.67595, -19.54313], [-42.67602, -19.54326], [-42.67616, -19.54327], [-42.67623, -19.5432], [-42.67623, -19.54306], [-42.67638, -19.543], [-42.67666, -19.543], [-42.6768, -19.54321], [-42.6768, -19.54361], [-42.67694, -19.54382], [-42.67722, -19.54382], [-42.67736, -19.54389], [-42.67736, -19.54403], [-42.67743, -19.54409], [-42.67758, -19.5441], [-42.67765, -19.54403], [-42.67765, -19.54389], [-42.67794, -19.54383], [-42.67851, -19.54384], [-42.67879, -19.54377], [-42.6788, -19.54364], [-42.67908, -19.54364], [-42.67965, -19.54378], [-42.67994, -19.54372], [-42.67994, -19.54345], [-42.6798, -19.54331], [-42.67951, -19.54331], [-42.67937, -19.54317], [-42.67938, -19.5429], [-42.67931, -19.54276], [-42.67916, -19.54276], [-42.67909, -19.54269], [-42.6791, -19.54256], [-42.67938, -19.54249], [-42.67995, -19.5425], [-42.68024, -19.54244], [-42.68024, -19.5423], [-42.68053, -19.54224], [-42.6811, -19.54225], [-42.68139, -19.54218], [-42.68139, -19.54205], [-42.68175, -19.54198], [-42.68246, -19.54199], [-42.68289, -19.54186], [-42.68304, -19.54159], [-42.68325, -19.54146], [-42.68354, -19.54147], [-42.68368, -19.5414], [-42.68368, -19.54126], [-42.68383, -19.54113], [-42.68412, -19.541], [-42.68434, -19.54066], [-42.68449, -19.54012], [-42.68478, -19.53986], [-42.6852, -19.53986], [-42.68542, -19.53973], [-42.68542, -19.53946], [-42.68557, -19.53933], [-42.68585, -19.53933], [-42.686, -19.5394], [-42.68599, -19.53953], [-42.68635, -19.53961], [-42.68706, -19.53962], [-42.68743, -19.53928], [-42.68743, -19.5386], [-42.68737, -19.53827], [-42.68723, -19.53826], [-42.68716, -19.53819], [-42.68716, -19.53806], [-42.68673, -19.53799], [-42.68587, -19.53798], [-42.68537, -19.5381], [-42.68522, -19.53837], [-42.68508, -19.53851], [-42.68494, -19.5385], [-42.68487, -19.53857], [-42.68486, -19.53871], [-42.68465, -19.53877], [-42.68422, -19.53877], [-42.684, -19.53883], [-42.684, -19.53897], [-42.68393, -19.53903], [-42.68379, -19.53903], [-42.68364, -19.53917], [-42.6835, -19.53943], [-42.68328, -19.53957], [-42.68299, -19.53956], [-42.68285, -19.53963], [-42.68285, -19.53976], [-42.68278, -19.53983], [-42.68263, -19.53983], [-42.68256, -19.53976], [-42.68257, -19.53963], [-42.68249, -19.53956], [-42.68235, -19.53955], [-42.68228, -19.53962], [-42.68228, -19.53976], [-42.68206, -19.53982], [-42.68163, -19.53982], [-42.68142, -19.53988], [-42.68142, -19.54002], [-42.68127, -19.54001], [-42.68099, -19.53988], [-42.68085, -19.53987], [-42.68085, -19.54001], [-42.68056, -19.54007], [-42.67999, -19.54007], [-42.6797, -19.54013], [-42.6797, -19.54027], [-42.67949, -19.54033], [-42.67906, -19.54032], [-42.67884, -19.54039], [-42.67884, -19.54052], [-42.67841, -19.54059], [-42.67755, -19.54058], [-42.67712, -19.54064], [-42.67712, -19.54077], [-42.67655, -19.54083], [-42.67541, -19.54082], [-42.67484, -19.54074], [-42.67484, -19.54061], [-42.6747, -19.54061], [-42.67441, -19.54074], [-42.67427, -19.54074], [-42.67427, -19.5406], [-42.67413, -19.54053], [-42.67384, -19.54053], [-42.67371, -19.53992], [-42.67373, -19.5387], [-42.67388, -19.53809], [-42.67416, -19.5381], [-42.6743, -19.53823], [-42.6743, -19.5385], [-42.67423, -19.53864], [-42.67408, -19.53864], [-42.67401, -19.53884], [-42.674, -19.53924], [-42.67407, -19.53945], [-42.67421, -19.53945], [-42.67429, -19.53952], [-42.67428, -19.53965], [-42.67442, -19.53972], [-42.67471, -19.53973], [-42.67492, -19.53987], [-42.67506, -19.54014], [-42.6752, -19.54028], [-42.67535, -19.54028], [-42.67542, -19.54035], [-42.67541, -19.54048], [-42.67556, -19.54055], [-42.67584, -19.54055], [-42.67599, -19.54035], [-42.67599, -19.53995], [-42.67614, -19.53968], [-42.67643, -19.53955], [-42.67657, -19.53941], [-42.67657, -19.53928], [-42.67643, -19.53914], [-42.67615, -19.539], [-42.67601, -19.5388], [-42.67601, -19.53853], [-42.67587, -19.53839], [-42.67559, -19.53838], [-42.67545, -19.53825], [-42.67545, -19.53798], [-42.67538, -19.53784], [-42.67524, -19.53784], [-42.67517, -19.53777], [-42.67517, -19.53763], [-42.6751, -19.53757], [-42.67496, -19.53756], [-42.67481, -19.53743], [-42.67468, -19.53715], [-42.67446, -19.53702], [-42.67418, -19.53701], [-42.67397, -19.53687], [-42.67383, -19.5366], [-42.67361, -19.53646], [-42.67333, -19.53646], [-42.67319, -19.53639], [-42.67319, -19.53626], [-42.67312, -19.53619], [-42.67298, -19.53619], [-42.67284, -19.53605], [-42.6727, -19.53578], [-42.67256, -19.53564], [-42.67241, -19.53564], [-42.67234, -19.53543], [-42.67235, -19.53503], [-42.67228, -19.53482], [-42.67214, -19.53482], [-42.67208, -19.53408], [-42.6721, -19.53259], [-42.67204, -19.53184], [-42.6719, -19.53184], [-42.67183, -19.53177], [-42.67183, -19.53164], [-42.6719, -19.53157], [-42.67204, -19.53157], [-42.67212, -19.53144], [-42.67212, -19.53117], [-42.67205, -19.53103], [-42.67191, -19.53103], [-42.67184, -19.53089], [-42.67184, -19.53062], [-42.67177, -19.53048], [-42.67163, -19.53048], [-42.67156, -19.53035], [-42.67156, -19.53008], [-42.6715, -19.52994], [-42.67135, -19.52994], [-42.67128, -19.52987], [-42.67128, -19.52973], [-42.67114, -19.52966], [-42.67086, -19.52966], [-42.67072, -19.52952], [-42.67072, -19.52925], [-42.67065, -19.52912], [-42.67051, -19.52911], [-42.67044, -19.52905], [-42.67044, -19.52891], [-42.67037, -19.52884], [-42.67023, -19.52884], [-42.67009, -19.5287], [-42.66995, -19.52843], [-42.66981, -19.52829], [-42.66966, -19.52829], [-42.66952, -19.52815], [-42.66938, -19.52788], [-42.66924, -19.52774], [-42.6691, -19.52774], [-42.66903, -19.52781], [-42.66903, -19.52794], [-42.66888, -19.52801], [-42.6686, -19.52801], [-42.66845, -19.52794], [-42.66846, -19.5278], [-42.66839, -19.52773], [-42.66824, -19.52773], [-42.6681, -19.52759], [-42.66796, -19.52732], [-42.66768, -19.52718], [-42.66725, -19.52718], [-42.66704, -19.52711], [-42.66704, -19.52697], [-42.66676, -19.5269], [-42.66618, -19.52689], [-42.6659, -19.52682], [-42.6659, -19.52669], [-42.66576, -19.52662], [-42.66547, -19.52661], [-42.66533, -19.52654], [-42.66533, -19.52641], [-42.66484, -19.52633], [-42.66384, -19.52632], [-42.66334, -19.52638], [-42.66333, -19.52652], [-42.66326, -19.52658], [-42.66312, -19.52658], [-42.66305, -19.52658]], [[-42.66533, -19.52688], [-42.66526, -19.52688], [-42.66511, -19.52688], [-42.66504, -19.52681], [-42.66505, -19.52667], [-42.66512, -19.52661], [-42.66526, -19.52661], [-42.66533, -19.52668], [-42.66533, -19.52681], [-42.66533, -19.52688]], [[-42.66786, -19.52935], [-42.66787, -19.52915], [-42.66787, -19.52874], [-42.6678, -19.52854], [-42.66766, -19.52854], [-42.66759, -19.52847], [-42.66759, -19.52833], [-42.66781, -19.52827], [-42.66824, -19.52827], [-42.66844, -19.52868], [-42.66843, -19.52949], [-42.66835, -19.5299], [-42.66821, -19.5299], [-42.66814, -19.52976], [-42.66815, -19.52949], [-42.66808, -19.52935], [-42.66793, -19.52935], [-42.66786, -19.52935]], [[-42.66617, -19.52825], [-42.66616, -19.52831], [-42.66616, -19.52845], [-42.66609, -19.52852], [-42.66595, -19.52851], [-42.66588, -19.52845], [-42.66588, -19.52831], [-42.66595, -19.52824], [-42.66609, -19.52824], [-42.66617, -19.52825]], [[-42.67069, -19.53101], [-42.67069, -19.53108], [-42.67069, -19.53121], [-42.67083, -19.53128], [-42.67112, -19.53129], [-42.67126, -19.53136], [-42.67126, -19.53149], [-42.67133, -19.53156], [-42.67147, -19.53156], [-42.67154, -19.53177], [-42.67153, -19.53217], [-42.67146, -19.53238], [-42.67132, -19.53237], [-42.67125, -19.53244], [-42.67124, -19.53258], [-42.67138, -19.53271], [-42.67167, -19.53285], [-42.67181, -19.53306], [-42.6718, -19.53333], [-42.67173, -19.53346], [-42.67159, -19.53346], [-42.67152, -19.53353], [-42.67151, -19.53366], [-42.67144, -19.53373], [-42.6713, -19.53373], [-42.67123, -19.53359], [-42.67123, -19.53332], [-42.67116, -19.53318], [-42.67102, -19.53318], [-42.67095, -19.53311], [-42.67095, -19.53298], [-42.67088, -19.53291], [-42.67074, -19.53291], [-42.67067, -19.5327], [-42.67068, -19.5323], [-42.67039, -19.53202], [-42.66983, -19.53188], [-42.66954, -19.53174], [-42.66954, -19.53161], [-42.66947, -19.53154], [-42.66933, -19.53154], [-42.66919, -19.5314], [-42.66905, -19.53113], [-42.66891, -19.53099], [-42.66877, -19.53099], [-42.6687, -19.53085], [-42.6687, -19.53058], [-42.66885, -19.53045], [-42.66913, -19.53045], [-42.66927, -19.53052], [-42.66927, -19.53065], [-42.66956, -19.53073], [-42.67013, -19.53073], [-42.67041, -19.5308], [-42.67041, -19.53094], [-42.67048, -19.53101], [-42.67062, -19.53101], [-42.67069, -19.53101]], [[-42.67403, -19.53755], [-42.67403, -19.53762], [-42.67402, -19.53776], [-42.67395, -19.53782], [-42.67381, -19.53782], [-42.67374, -19.53775], [-42.67374, -19.53762], [-42.67381, -19.53755], [-42.67396, -19.53755], [-42.67403, -19.53755]], [[-42.68657, -19.53907], [-42.68657, -19.53914], [-42.68657, -19.53927], [-42.6865, -19.53934], [-42.68635, -19.53934], [-42.68628, -19.53927], [-42.68629, -19.53913], [-42.68636, -19.53906], [-42.6865, -19.53907], [-42.68657, -19.53907]], [[-42.68199, -19.54009], [-42.68199, -19.54016], [-42.68198, -19.54029], [-42.68191, -19.54036], [-42.68177, -19.54036], [-42.6817, -19.54029], [-42.6817, -19.54016], [-42.68177, -19.54009], [-42.68192, -19.54009], [-42.68199, -19.54009]], [[-42.67969, -19.54115], [-42.67962, -19.54114], [-42.67947, -19.54114], [-42.6794, -19.54107], [-42.67941, -19.54094], [-42.67948, -19.54087], [-42.67962, -19.54087], [-42.67977, -19.54074], [-42.67991, -19.54047], [-42.68027, -19.54034], [-42.68084, -19.54035], [-42.68113, -19.54042], [-42.68112, -19.54055], [-42.68098, -19.54062], [-42.68069, -19.54062], [-42.68055, -19.54068], [-42.68055, -19.54082], [-42.68062, -19.54089], [-42.68076, -19.54089], [-42.68076, -19.54102], [-42.68061, -19.54129], [-42.68033, -19.54142], [-42.6799, -19.54142], [-42.67968, -19.54135], [-42.67969, -19.54121], [-42.67969, -19.54115]], [[-42.68112, -19.54116], [-42.68111, -19.54123], [-42.68111, -19.54137], [-42.68104, -19.54143], [-42.6809, -19.54143], [-42.68083, -19.54136], [-42.68083, -19.54123], [-42.6809, -19.54116], [-42.68104, -19.54116], [-42.68112, -19.54116]], [[-42.68169, -19.54117], [-42.68169, -19.54124], [-42.68168, -19.54137], [-42.68161, -19.54144], [-42.68147, -19.54144], [-42.6814, -19.54137], [-42.6814, -19.54123], [-42.68147, -19.54117], [-42.68162, -19.54117], [-42.68169, -19.54117]], [[-42.67823, -19.54302], [-42.67824, -19.54289], [-42.67824, -19.54262], [-42.67838, -19.54248], [-42.67867, -19.54249], [-42.67881, -19.54269], [-42.6788, -19.5431], [-42.67866, -19.54323], [-42.67837, -19.54309], [-42.67823, -19.54302]]], [[[-42.67477, -19.52592], [-42.67469, -19.52592], [-42.67455, -19.52592], [-42.67448, -19.52612], [-42.67447, -19.52653], [-42.6744, -19.52673], [-42.67425, -19.52673], [-42.67418, -19.52686], [-42.67418, -19.52713], [-42.67432, -19.5272], [-42.67461, -19.52707], [-42.67475, -19.5268], [-42.67476, -19.52639], [-42.67498, -19.52619], [-42.6754, -19.5262], [-42.67562, -19.52613], [-42.67562, -19.526], [-42.67555, -19.52593], [-42.67541, -19.52593], [-42.67534, -19.52572], [-42.67535, -19.52532], [-42.67513, -19.52511], [-42.67471, -19.52511], [-42.67449, -19.52517], [-42.67449, -19.52531], [-42.67456, -19.52538], [-42.6747, -19.52538], [-42.67477, -19.52551], [-42.67477, -19.52578], [-42.67477, -19.52592]]], [[[-42.6768, -19.52351], [-42.67687, -19.52351], [-42.67701, -19.52351], [-42.67708, -19.52358], [-42.67708, -19.52372], [-42.67722, -19.52379], [-42.67751, -19.52379], [-42.67765, -19.52372], [-42.67765, -19.52359], [-42.67787, -19.52352], [-42.6783, -19.52353], [-42.67851, -19.5234], [-42.67852, -19.52313], [-42.67845, -19.52299], [-42.67831, -19.52299], [-42.67823, -19.52305], [-42.67823, -19.52319], [-42.67787, -19.52325], [-42.67716, -19.52324], [-42.6768, -19.52331], [-42.6768, -19.52344], [-42.6768, -19.52351]]], [[[-42.6727, -19.53077], [-42.67277, -19.53077], [-42.67291, -19.53077], [-42.67298, -19.5307], [-42.67299, -19.53057], [-42.67313, -19.5305], [-42.67341, -19.53051], [-42.67356, -19.5303], [-42.67357, -19.5299], [-42.67328, -19.52962], [-42.67272, -19.52948], [-42.67243, -19.52982], [-42.67241, -19.53063], [-42.67248, -19.53103], [-42.67262, -19.53104], [-42.67269, -19.53097], [-42.6727, -19.53083], [-42.6727, -19.53077]]], [[[-42.66215, -19.52928], [-42.66244, -19.52928], [-42.66301, -19.52929], [-42.6633, -19.52909], [-42.6633, -19.52868], [-42.66338, -19.52848], [-42.66352, -19.52848], [-42.66359, -19.52842], [-42.66359, -19.52828], [-42.66352, -19.52821], [-42.66338, -19.52821], [-42.66331, -19.52814], [-42.66331, -19.52801], [-42.66296, -19.52793], [-42.66224, -19.52792], [-42.66188, -19.52819], [-42.66187, -19.52873], [-42.66194, -19.529], [-42.66209, -19.52901], [-42.66216, -19.52907], [-42.66215, -19.52921], [-42.66215, -19.52928]]]]}}, {"type": "Feature", "properties": {"cota": 750}, "geometry": {"type": "MultiPolygon", "coordinates": [[[[-42.66389, -19.5274], [-42.66396, -19.52754], [-42.6641, -19.52781], [-42.66424, -19.52795], [-42.66438, -19.52795], [-42.66446, -19.52789], [-42.66446, -19.52775], [-42.66475, -19.52769], [-42.66532, -19.52769], [-42.6656, -19.52804], [-42.66559, -19.52871], [-42.66551, -19.52905], [-42.66537, -19.52905], [-42.6653, -19.52911], [-42.66529, -19.52925], [-42.66536, -19.52932], [-42.66551, -19.52932], [-42.66558, -19.52946], [-42.66557, -19.52973], [-42.6655, -19.52986], [-42.66536, -19.52986], [-42.66528, -19.52993], [-42.66528, -19.53006], [-42.66542, -19.53013], [-42.66571, -19.53014], [-42.66592, -19.53027], [-42.66606, -19.53055], [-42.66627, -19.53068], [-42.66656, -19.53069], [-42.6667, -19.53076], [-42.6667, -19.53089], [-42.66684, -19.53103], [-42.66712, -19.53117], [-42.66726, -19.53131], [-42.66726, -19.53144], [-42.6674, -19.53151], [-42.66769, -19.53151], [-42.66783, -19.53165], [-42.66783, -19.53192], [-42.6679, -19.53206], [-42.66804, -19.53206], [-42.66811, -19.53213], [-42.66811, -19.53226], [-42.66825, -19.5324], [-42.66853, -19.53254], [-42.66867, -19.53275], [-42.66867, -19.53302], [-42.66888, -19.53315], [-42.66931, -19.53316], [-42.66952, -19.5333], [-42.66952, -19.53357], [-42.66944, -19.5337], [-42.6693, -19.5337], [-42.66923, -19.53377], [-42.66923, -19.5339], [-42.66937, -19.53404], [-42.66965, -19.53418], [-42.66986, -19.53439], [-42.67, -19.53466], [-42.67021, -19.53473], [-42.6705, -19.5346], [-42.67064, -19.5346], [-42.67064, -19.53473], [-42.67071, -19.5348], [-42.67085, -19.5348], [-42.67092, -19.53494], [-42.67092, -19.53521], [-42.67099, -19.53535], [-42.67113, -19.53535], [-42.6712, -19.53549], [-42.6712, -19.53576], [-42.67134, -19.53589], [-42.67162, -19.5359], [-42.67176, -19.53617], [-42.67176, -19.53671], [-42.67182, -19.53698], [-42.67197, -19.53698], [-42.67203, -19.53726], [-42.67203, -19.5378], [-42.67209, -19.53807], [-42.67224, -19.53807], [-42.6723, -19.53848], [-42.67229, -19.53929], [-42.67235, -19.5397], [-42.6725, -19.5397], [-42.67256, -19.54011], [-42.67255, -19.54092], [-42.67269, -19.54133], [-42.67297, -19.54133], [-42.67312, -19.5414], [-42.67311, -19.54153], [-42.67318, -19.5416], [-42.67333, -19.5416], [-42.6734, -19.54174], [-42.67339, -19.54201], [-42.67346, -19.54215], [-42.6736, -19.54215], [-42.67368, -19.54222], [-42.67367, -19.54235], [-42.67382, -19.54242], [-42.6741, -19.54243], [-42.67424, -19.5425], [-42.67424, -19.54263], [-42.6746, -19.5427], [-42.67531, -19.54271], [-42.67574, -19.54285], [-42.67588, -19.54313], [-42.67616, -19.54327], [-42.67659, -19.54327], [-42.6768, -19.54341], [-42.6768, -19.54368], [-42.67687, -19.54382], [-42.67701, -19.54382], [-42.67708, -19.54389], [-42.67708, -19.54402], [-42.67722, -19.54409], [-42.6775, -19.5441], [-42.67765, -19.54416], [-42.67764, -19.5443], [-42.67771, -19.54437], [-42.67786, -19.54437], [-42.67793, -19.5443], [-42.67793, -19.54417], [-42.67807, -19.54417], [-42.67836, -19.54431], [-42.6785, -19.54424], [-42.67851, -19.54397], [-42.67858, -19.54384], [-42.67872, -19.54384], [-42.67879, -19.54377], [-42.6788, -19.54364], [-42.67894, -19.54357], [-42.67922, -19.54358], [-42.67937, -19.54365], [-42.67936, -19.54378], [-42.67943, -19.54385], [-42.67958, -19.54385], [-42.67965, -19.54405], [-42.67964, -19.54446], [-42.67978, -19.54473], [-42.68006, -19.54487], [-42.68021, -19.54467], [-42.68022, -19.54413], [-42.68015, -19.54386], [-42.68001, -19.54386], [-42.67994, -19.54372], [-42.67994, -19.54345], [-42.6798, -19.54331], [-42.67951, -19.54331], [-42.67937, -19.54317], [-42.67938, -19.5429], [-42.67931, -19.54276], [-42.67916, -19.54276], [-42.67909, -19.54269], [-42.6791, -19.54256], [-42.67938, -19.54249], [-42.67995, -19.5425], [-42.68024, -19.54244], [-42.68024, -19.5423], [-42.68053, -19.54224], [-42.6811, -19.54225], [-42.68139, -19.54218], [-42.68139, -19.54205], [-42.68175, -19.54198], [-42.68246, -19.54199], [-42.68282, -19.54193], [-42.68282, -19.54179], [-42.68296, -19.54173], [-42.68325, -19.54173], [-42.68347, -19.5416], [-42.68361, -19.54133], [-42.68383, -19.54113], [-42.68412, -19.541], [-42.68426, -19.5408], [-42.68427, -19.54053], [-42.68434, -19.54039], [-42.68448, -19.54039], [-42.68463, -19.54026], [-42.68477, -19.53999], [-42.68499, -19.53986], [-42.68528, -19.53986], [-42.68542, -19.5398], [-42.68542, -19.53966], [-42.68585, -19.5396], [-42.68671, -19.53961], [-42.68713, -19.53968], [-42.68713, -19.53982], [-42.6872, -19.53989], [-42.68735, -19.53989], [-42.68742, -19.53942], [-42.68744, -19.53847], [-42.68702, -19.53792], [-42.68616, -19.53778], [-42.68573, -19.53777], [-42.68573, -19.53791], [-42.68566, -19.53797], [-42.68552, -19.53797], [-42.68537, -19.5381], [-42.68522, -19.53837], [-42.68508, -19.53851], [-42.68494, -19.5385], [-42.68487, -19.53857], [-42.68486, -19.53871], [-42.68465, -19.53877], [-42.68422, -19.53877], [-42.68393, -19.5389], [-42.68379, -19.53917], [-42.68357, -19.5393], [-42.68328, -19.5393], [-42.68314, -19.53936], [-42.68314, -19.5395], [-42.68285, -19.53956], [-42.68228, -19.53955], [-42.68199, -19.53962], [-42.68199, -19.53975], [-42.68171, -19.53982], [-42.68113, -19.53981], [-42.68085, -19.53987], [-42.68085, -19.54001], [-42.68077, -19.54008], [-42.68063, -19.54007], [-42.68056, -19.54001], [-42.68056, -19.53987], [-42.68042, -19.5398], [-42.68014, -19.5398], [-42.67999, -19.53986], [-42.67999, -19.54], [-42.67992, -19.54006], [-42.67977, -19.54006], [-42.6797, -19.53999], [-42.67971, -19.53986], [-42.67956, -19.53979], [-42.67928, -19.53979], [-42.67914, -19.53985], [-42.67913, -19.53999], [-42.67906, -19.54005], [-42.67892, -19.54005], [-42.67877, -19.54019], [-42.67863, -19.54045], [-42.6782, -19.54058], [-42.67748, -19.54058], [-42.67712, -19.54064], [-42.67712, -19.54077], [-42.67684, -19.54084], [-42.67627, -19.54083], [-42.67598, -19.54062], [-42.67599, -19.54022], [-42.67606, -19.54002], [-42.67621, -19.54002], [-42.67628, -19.54015], [-42.67627, -19.54042], [-42.67634, -19.54056], [-42.67648, -19.54056], [-42.67656, -19.54043], [-42.67656, -19.54016], [-42.67663, -19.54002], [-42.67678, -19.54002], [-42.67685, -19.53996], [-42.67685, -19.53982], [-42.67699, -19.53976], [-42.67728, -19.53976], [-42.67742, -19.53969], [-42.67743, -19.53956], [-42.67714, -19.53942], [-42.67657, -19.53928], [-42.67629, -19.53907], [-42.67629, -19.5388], [-42.67622, -19.53866], [-42.67608, -19.53866], [-42.67601, -19.53859], [-42.67601, -19.53846], [-42.67587, -19.53832], [-42.67559, -19.53818], [-42.67545, -19.53804], [-42.67545, -19.53791], [-42.67538, -19.53784], [-42.67524, -19.53784], [-42.67517, -19.53777], [-42.67517, -19.53763], [-42.6751, -19.53757], [-42.67496, -19.53756], [-42.67481, -19.53743], [-42.67468, -19.53715], [-42.67446, -19.53702], [-42.67418, -19.53701], [-42.67404, -19.53694], [-42.67404, -19.53681], [-42.67397, -19.53674], [-42.67383, -19.53674], [-42.67368, -19.5366], [-42.67355, -19.53633], [-42.67333, -19.53619], [-42.67305, -19.53619], [-42.67291, -19.53612], [-42.67291, -19.53598], [-42.67284, -19.53591], [-42.67269, -19.53591], [-42.67263, -19.53577], [-42.67263, -19.5355], [-42.67256, -19.53537], [-42.67242, -19.53537], [-42.67235, -19.53523], [-42.67235, -19.53496], [-42.67228, -19.53482], [-42.67214, -19.53482], [-42.67208, -19.53387], [-42.67211, -19.53198], [-42.67205, -19.53103], [-42.67191, -19.53103], [-42.67184, -19.53089], [-42.67184, -19.53062], [-42.67177, -19.53048], [-42.67163, -19.53048], [-42.67156, -19.53035], [-42.67156, -19.53008], [-42.67142, -19.52987], [-42.67114, -19.52973], [-42.671, -19.52953], [-42.67101, -19.52926], [-42.67094, -19.52912], [-42.67079, -19.52912], [-42.67072, -19.52905], [-42.67072, -19.52891], [-42.67058, -19.52884], [-42.6703, -19.52884], [-42.67009, -19.5287], [-42.66995, -19.52843], [-42.66974, -19.52822], [-42.66945, -19.52809], [-42.66931, -19.52795], [-42.66931, -19.52781], [-42.66917, -19.52781], [-42.66888, -19.52794], [-42.66874, -19.52787], [-42.66874, -19.5276], [-42.66832, -19.52739], [-42.66746, -19.52725], [-42.66704, -19.52711], [-42.66704, -19.52697], [-42.66683, -19.5269], [-42.6664, -19.5269], [-42.66619, -19.52682], [-42.66619, -19.52669], [-42.66597, -19.52662], [-42.66555, -19.52661], [-42.66533, -19.52654], [-42.66533, -19.52641], [-42.66448, -19.52633], [-42.66277, -19.52631], [-42.66191, -19.52657], [-42.6619, -19.52711], [-42.66239, -19.52738], [-42.66339, -19.5274], [-42.66389, -19.5274]], [[-42.66586, -19.52932], [-42.66594, -19.52933], [-42.66608, -19.52933], [-42.66615, -19.5294], [-42.66615, -19.52953], [-42.66629, -19.5296], [-42.66657, -19.5296], [-42.66672, -19.52967], [-42.66671, -19.52981], [-42.66657, -19.52988], [-42.66628, -19.52987], [-42.66614, -19.52994], [-42.66614, -19.53007], [-42.66607, -19.53014], [-42.66592, -19.53014], [-42.66586, -19.52993], [-42.66586, -19.52953], [-42.66586, -19.52932]], [[-42.667, -19.52988], [-42.667, -19.52995], [-42.667, -19.53008], [-42.66692, -19.53015], [-42.66678, -19.53015], [-42.66671, -19.53008], [-42.66671, -19.52994], [-42.66678, -19.52988], [-42.66693, -19.52988], [-42.667, -19.52988]], [[-42.66727, -19.53097], [-42.66734, -19.53097], [-42.66748, -19.53097], [-42.66755, -19.53104], [-42.66755, -19.53117], [-42.66748, -19.53124], [-42.66734, -19.53124], [-42.66727, -19.53117], [-42.66727, -19.53104], [-42.66727, -19.53097]], [[-42.67942, -19.54006], [-42.67942, -19.54013], [-42.67941, -19.54026], [-42.67934, -19.54033], [-42.6792, -19.54033], [-42.67913, -19.54026], [-42.67913, -19.54012], [-42.6792, -19.54006], [-42.67935, -19.54006], [-42.67942, -19.54006]], [[-42.66533, -19.52688], [-42.66526, -19.52688], [-42.66511, -19.52688], [-42.66504, -19.52681], [-42.66505, -19.52667], [-42.66512, -19.52661], [-42.66526, -19.52661], [-42.66533, -19.52668], [-42.66533, -19.52681], [-42.66533, -19.52688]], [[-42.66759, -19.52853], [-42.66759, -19.52847], [-42.66759, -19.52833], [-42.66781, -19.52827], [-42.66824, -19.52827], [-42.66845, -19.52855], [-42.66844, -19.52909], [-42.66829, -19.52936], [-42.66801, -19.52935], [-42.66787, -19.52915], [-42.66787, -19.52874], [-42.6678, -19.52854], [-42.66766, -19.52854], [-42.66759, -19.52853]], [[-42.66617, -19.52825], [-42.66616, -19.52831], [-42.66616, -19.52845], [-42.66609, -19.52852], [-42.66595, -19.52851], [-42.66588, -19.52845], [-42.66588, -19.52831], [-42.66595, -19.52824], [-42.66609, -19.52824], [-42.66617, -19.52825]], [[-42.66843, -19.52963], [-42.66843, -19.5297], [-42.66843, -19.52983], [-42.66835, -19.5299], [-42.66821, -19.5299], [-42.66814, -19.52983], [-42.66814, -19.52969], [-42.66822, -19.52963], [-42.66836, -19.52963], [-42.66843, -19.52963]], [[-42.67041, -19.53101], [-42.67041, -19.53108], [-42.67041, -19.53121], [-42.67055, -19.53128], [-42.67083, -19.53128], [-42.67098, -19.53135], [-42.67097, -19.53149], [-42.67104, -19.53156], [-42.67119, -19.53156], [-42.67125, -19.53183], [-42.67125, -19.53237], [-42.67138, -19.53271], [-42.67167, -19.53285], [-42.67181, -19.53299], [-42.67181, -19.53312], [-42.67173, -19.53319], [-42.67159, -19.53319], [-42.67152, -19.53332], [-42.67151, -19.53359], [-42.67144, -19.53373], [-42.6713, -19.53373], [-42.67123, -19.53359], [-42.67123, -19.53332], [-42.67116, -19.53318], [-42.67102, -19.53318], [-42.67095, -19.53311], [-42.67095, -19.53298], [-42.67088, -19.53291], [-42.67074, -19.53291], [-42.67067, -19.5327], [-42.67068, -19.5323], [-42.67061, -19.53209], [-42.67046, -19.53209], [-42.67039, -19.53202], [-42.6704, -19.53189], [-42.67025, -19.53182], [-42.66997, -19.53181], [-42.66983, -19.53175], [-42.66983, -19.53161], [-42.66969, -19.53154], [-42.6694, -19.53154], [-42.66919, -19.5314], [-42.66905, -19.53113], [-42.66891, -19.53099], [-42.66877, -19.53099], [-42.6687, -19.53085], [-42.6687, -19.53058], [-42.66885, -19.53045], [-42.66913, -19.53045], [-42.66927, -19.53052], [-42.66927, -19.53065], [-42.66948, -19.53073], [-42.66991, -19.53073], [-42.67013, -19.5308], [-42.67012, -19.53094], [-42.67019, -19.53101], [-42.67034, -19.53101], [-42.67041, -19.53101]], [[-42.67401, -19.53864], [-42.67401, -19.5385], [-42.67402, -19.53823], [-42.67409, -19.53809], [-42.67423, -19.5381], [-42.6743, -19.53823], [-42.6743, -19.5385], [-42.67423, -19.53864], [-42.67408, -19.53864], [-42.67401, -19.53864]], [[-42.674, -19.53945], [-42.67414, -19.53952], [-42.67443, -19.53966], [-42.67464, -19.53986], [-42.67478, -19.54013], [-42.67456, -19.54033], [-42.67399, -19.54046], [-42.67371, -19.54005], [-42.67372, -19.53911], [-42.6738, -19.53863], [-42.67394, -19.53863], [-42.67401, -19.53884], [-42.674, -19.53924], [-42.674, -19.53945]], [[-42.67542, -19.54028], [-42.67542, -19.54035], [-42.67541, -19.54048], [-42.67527, -19.54055], [-42.67498, -19.54054], [-42.67484, -19.54047], [-42.67484, -19.54034], [-42.67499, -19.54027], [-42.67527, -19.54028], [-42.67542, -19.54028]], [[-42.67997, -19.54115], [-42.67983, -19.54115], [-42.67955, -19.54114], [-42.6794, -19.54107], [-42.67941, -19.54094], [-42.67948, -19.54087], [-42.67962, -19.54087], [-42.67977, -19.54074], [-42.67991, -19.54047], [-42.6802, -19.54034], [-42.68063, -19.54034], [-42.68084, -19.54042], [-42.68084, -19.54055], [-42.68069, -19.54062], [-42.68041, -19.54061], [-42.68027, -19.54068], [-42.68026, -19.54081], [-42.68041, -19.54088], [-42.68069, -19.54089], [-42.68076, -19.54102], [-42.68061, -19.54129], [-42.6804, -19.54142], [-42.68011, -19.54142], [-42.67997, -19.54135], [-42.67997, -19.54122], [-42.67997, -19.54115]], [[-42.68112, -19.54116], [-42.68111, -19.54123], [-42.68111, -19.54137], [-42.68104, -19.54143], [-42.6809, -19.54143], [-42.68083, -19.54136], [-42.68083, -19.54123], [-42.6809, -19.54116], [-42.68104, -19.54116], [-42.68112, -19.54116]], [[-42.68169, -19.54117], [-42.68169, -19.54124], [-42.68168, -19.54137], [-42.68161, -19.54144], [-42.68147, -19.54144], [-42.6814, -19.54137], [-42.6814, -19.54123], [-42.68147, -19.54117], [-42.68162, -19.54117], [-42.68169, -19.54117]], [[-42.67852, -19.54275], [-42.67852, -19.54269], [-42.67853, -19.54255], [-42.6786, -19.54248], [-42.67874, -19.54249], [-42.67881, -19.54262], [-42.67881, -19.54289], [-42.67866, -19.54303], [-42.67838, -19.54302], [-42.67823, -19.54295], [-42.67824, -19.54282], [-42.67831, -19.54275], [-42.67845, -19.54275], [-42.67852, -19.54275]]], [[[-42.67448, -19.52592], [-42.6744, -19.52632], [-42.67425, -19.52713], [-42.67424, -19.52754], [-42.67439, -19.52754], [-42.67446, -19.52741], [-42.67446, -19.52713], [-42.67461, -19.527], [-42.67489, -19.527], [-42.67504, -19.52694], [-42.67504, -19.5268], [-42.67525, -19.52674], [-42.67568, -19.52674], [-42.6759, -19.52668], [-42.6759, -19.52654], [-42.67561, -19.52647], [-42.67504, -19.52646], [-42.67476, -19.52639], [-42.67476, -19.52626], [-42.67498, -19.52619], [-42.6754, -19.5262], [-42.67562, -19.52593], [-42.67563, -19.52539], [-42.67549, -19.52512], [-42.67521, -19.52511], [-42.67514, -19.52498], [-42.67528, -19.52471], [-42.67543, -19.52457], [-42.67557, -19.52458], [-42.67564, -19.52444], [-42.67565, -19.52417], [-42.67558, -19.52404], [-42.67543, -19.52403], [-42.67536, -19.5241], [-42.67536, -19.52424], [-42.67522, -19.52437], [-42.67493, -19.5245], [-42.67478, -19.5247], [-42.67478, -19.52497], [-42.67471, -19.52511], [-42.67456, -19.52511], [-42.67449, -19.52517], [-42.67449, -19.52531], [-42.67456, -19.52538], [-42.6747, -19.52538], [-42.67477, -19.52551], [-42.67477, -19.52578], [-42.67469, -19.52592], [-42.67455, -19.52592], [-42.67448, -19.52592]]], [[[-42.6768, -19.52351], [-42.67666, -19.52351], [-42.67637, -19.5235], [-42.67623, -19.52357], [-42.67622, -19.52371], [-42.67658, -19.52378], [-42.67729, -19.52379], [-42.67765, -19.52372], [-42.67765, -19.52359], [-42.67787, -19.52352], [-42.6783, -19.52353], [-42.67851, -19.5234], [-42.67852, -19.52313], [-42.67845, -19.52299], [-42.67831, -19.52299], [-42.67823, -19.52305], [-42.67823, -19.52319], [-42.67787, -19.52325], [-42.67716, -19.52324], [-42.6768, -19.52331], [-42.6768, -19.52344], [-42.6768, -19.52351]]], [[[-42.6727, -19.53077], [-42.67277, -19.53077], [-42.67291, -19.53077], [-42.67298, -19.5307], [-42.67299, -19.53057], [-42.67313, -19.5305], [-42.67341, -19.53051], [-42.67356, -19.53044], [-42.67356, -19.5303], [-42.67363, -19.53024], [-42.67378, -19.53024], [-42.67385, -19.5301], [-42.67385, -19.52983], [-42.67364, -19.5297], [-42.67321, -19.52969], [-42.673, -19.52962], [-42.673, -19.52948], [-42.67286, -19.52942], [-42.67257, -19.52941], [-42.67243, -19.52982], [-42.67241, -19.53063], [-42.67248, -19.53103], [-42.67262, -19.53104], [-42.67269, -19.53097], [-42.6727, -19.53083], [-42.6727, -19.53077]]], [[[-42.66215, -19.52928], [-42.66244, -19.52928], [-42.66301, -19.52929], [-42.6633, -19.52916], [-42.6633, -19.52889], [-42.66337, -19.52875], [-42.66352, -19.52875], [-42.66359, -19.52855], [-42.6636, -19.52814], [-42.66317, -19.52794], [-42.66231, -19.52793], [-42.66188, -19.52833], [-42.66187, -19.52914], [-42.66193, -19.52954], [-42.66208, -19.52955], [-42.66215, -19.52948], [-42.66215, -19.52934], [-42.66215, -19.52928]]]]}}, {"type": "Feature", "properties": {"cota": 800}, "geometry": {"type": "MultiPolygon", "coordinates": [[[[-42.66389, -19.52767], [-42.66396, -19.52768], [-42.6641, -19.52768], [-42.66417, -19.52781], [-42.66417, -19.52808], [-42.66431, -19.52822], [-42.66459, -19.52823], [-42.66481, -19.52809], [-42.66496, -19.52782], [-42.66517, -19.52769], [-42.66546, -19.5277], [-42.6656, -19.52804], [-42.66559, -19.52871], [-42.66551, -19.52905], [-42.66537, -19.52905], [-42.6653, -19.52918], [-42.66529, -19.52945], [-42.66536, -19.52959], [-42.6655, -19.52959], [-42.66557, -19.52966], [-42.66557, -19.52979], [-42.6655, -19.52986], [-42.66536, -19.52986], [-42.66528, -19.52993], [-42.66528, -19.53006], [-42.66542, -19.5302], [-42.66571, -19.53034], [-42.66585, -19.53048], [-42.66585, -19.53061], [-42.66599, -19.53068], [-42.66627, -19.53068], [-42.66641, -19.53075], [-42.66641, -19.53089], [-42.66655, -19.53096], [-42.66684, -19.53096], [-42.66698, -19.53103], [-42.66698, -19.53117], [-42.66705, -19.53124], [-42.66719, -19.53124], [-42.66733, -19.53137], [-42.66747, -19.53165], [-42.66761, -19.53178], [-42.66776, -19.53179], [-42.66783, -19.53185], [-42.66782, -19.53199], [-42.66797, -19.53213], [-42.66825, -19.53227], [-42.66839, -19.53247], [-42.66839, -19.53274], [-42.66845, -19.53288], [-42.6686, -19.53288], [-42.66867, -19.53295], [-42.66867, -19.53308], [-42.66888, -19.53315], [-42.66931, -19.53316], [-42.66952, -19.5333], [-42.66952, -19.53357], [-42.66944, -19.5337], [-42.6693, -19.5337], [-42.66923, -19.53377], [-42.66923, -19.5339], [-42.66937, -19.53404], [-42.66965, -19.53418], [-42.66979, -19.53432], [-42.66979, -19.53445], [-42.66986, -19.53452], [-42.67, -19.53452], [-42.67007, -19.53466], [-42.67007, -19.53493], [-42.67014, -19.53507], [-42.67028, -19.53507], [-42.67035, -19.53514], [-42.67035, -19.53527], [-42.67056, -19.53534], [-42.67099, -19.53535], [-42.6712, -19.53549], [-42.6712, -19.53576], [-42.67134, -19.53596], [-42.67162, -19.5361], [-42.67176, -19.53637], [-42.67175, -19.53678], [-42.67182, -19.53698], [-42.67197, -19.53698], [-42.67203, -19.53726], [-42.67203, -19.5378], [-42.67209, -19.53807], [-42.67224, -19.53807], [-42.6723, -19.53848], [-42.67229, -19.53929], [-42.67235, -19.5397], [-42.6725, -19.5397], [-42.67256, -19.54011], [-42.67255, -19.54092], [-42.67269, -19.54133], [-42.67297, -19.54133], [-42.67312, -19.5414], [-42.67311, -19.54153], [-42.67318, -19.5416], [-42.67333, -19.5416], [-42.6734, -19.54174], [-42.67339, -19.54201], [-42.67346, -19.54215], [-42.6736, -19.54215], [-42.67368, -19.54222], [-42.67367, -19.54235], [-42.67382, -19.54242], [-42.6741, -19.54243], [-42.67424, -19.5425], [-42.67424, -19.54263], [-42.6746, -19.5427], [-42.67531, -19.54271], [-42.67574, -19.54285], [-42.67588, -19.54313], [-42.67616, -19.54327], [-42.67659, -19.54327], [-42.6768, -19.54348], [-42.67679, -19.54388], [-42.67722, -19.54416], [-42.67807, -19.54431], [-42.6785, -19.54431], [-42.6785, -19.54418], [-42.67857, -19.54411], [-42.67872, -19.54411], [-42.67879, -19.54398], [-42.67879, -19.54371], [-42.67887, -19.54357], [-42.67901, -19.54357], [-42.67908, -19.54364], [-42.67908, -19.54378], [-42.67922, -19.54385], [-42.67951, -19.54385], [-42.67965, -19.54405], [-42.67964, -19.54446], [-42.67978, -19.54473], [-42.68006, -19.54487], [-42.68021, -19.54454], [-42.68022, -19.54372], [-42.6803, -19.54332], [-42.68044, -19.54332], [-42.68051, -19.54325], [-42.68052, -19.54312], [-42.68037, -19.54305], [-42.68009, -19.54305], [-42.67995, -19.54311], [-42.67994, -19.54325], [-42.67987, -19.54331], [-42.67973, -19.54331], [-42.67959, -19.54317], [-42.67945, -19.5429], [-42.67931, -19.54276], [-42.67916, -19.54276], [-42.67909, -19.54269], [-42.6791, -19.54256], [-42.67938, -19.54249], [-42.67995, -19.5425], [-42.68024, -19.54244], [-42.68024, -19.5423], [-42.68053, -19.54224], [-42.6811, -19.54225], [-42.68139, -19.54218], [-42.68139, -19.54205], [-42.68182, -19.54198], [-42.68267, -19.542], [-42.6831, -19.54193], [-42.68311, -19.5418], [-42.68325, -19.54166], [-42.68354, -19.54153], [-42.68368, -19.5414], [-42.68368, -19.54126], [-42.68383, -19.54113], [-42.68412, -19.541], [-42.68426, -19.5408], [-42.68427, -19.54053], [-42.68434, -19.54039], [-42.68448, -19.54039], [-42.68463, -19.54026], [-42.68477, -19.53999], [-42.68499, -19.53986], [-42.68528, -19.53986], [-42.68542, -19.5398], [-42.68542, -19.53966], [-42.68585, -19.5396], [-42.68671, -19.53961], [-42.68713, -19.53968], [-42.68713, -19.53982], [-42.6872, -19.53989], [-42.68735, -19.53989], [-42.68742, -19.53942], [-42.68744, -19.53847], [-42.68723, -19.53799], [-42.6868, -19.53799], [-42.68659, -19.53792], [-42.68659, -19.53778], [-42.68638, -19.53771], [-42.68595, -19.53771], [-42.68573, -19.53777], [-42.68573, -19.53791], [-42.68566, -19.53797], [-42.68552, -19.53797], [-42.68537, -19.5381], [-42.68522, -19.53837], [-42.68508, -19.53851], [-42.68494, -19.5385], [-42.68487, -19.53857], [-42.68486, -19.53871], [-42.68458, -19.53877], [-42.68401, -19.53876], [-42.68372, -19.5389], [-42.68371, -19.53917], [-42.68357, -19.5393], [-42.68328, -19.5393], [-42.68314, -19.53936], [-42.68314, -19.5395], [-42.68278, -19.53956], [-42.68207, -19.53955], [-42.68171, -19.53961], [-42.68171, -19.53975], [-42.68149, -19.53981], [-42.68106, -19.53981], [-42.68085, -19.53974], [-42.68085, -19.5396], [-42.68071, -19.53953], [-42.68042, -19.53953], [-42.68028, -19.5396], [-42.68028, -19.53973], [-42.67956, -19.53979], [-42.67814, -19.53977], [-42.67742, -19.53969], [-42.67743, -19.53956], [-42.67728, -19.53949], [-42.677, -19.53949], [-42.67686, -19.53942], [-42.67686, -19.53928], [-42.67672, -19.53914], [-42.67643, -19.539], [-42.67629, -19.53887], [-42.6763, -19.53873], [-42.67622, -19.53866], [-42.67608, -19.53866], [-42.67601, -19.53859], [-42.67601, -19.53846], [-42.67587, -19.53832], [-42.67559, -19.53818], [-42.67545, -19.53804], [-42.67545, -19.53791], [-42.67538, -19.53784], [-42.67524, -19.53784], [-42.67517, -19.53777], [-42.67517, -19.53763], [-42.6751, -19.53757], [-42.67496, -19.53756], [-42.67481, -19.53743], [-42.67468, -19.53715], [-42.67454, -19.53702], [-42.67439, -19.53702], [-42.67432, -19.53695], [-42.67432, -19.53681], [-42.67418, -19.53674], [-42.6739, -19.53674], [-42.67368, -19.5366], [-42.67355, -19.53633], [-42.67333, -19.53619], [-42.67305, -19.53619], [-42.67291, -19.53612], [-42.67291, -19.53598], [-42.67284, -19.53591], [-42.67269, -19.53591], [-42.67263, -19.53577], [-42.67263, -19.5355], [-42.67256, -19.53537], [-42.67242, -19.53537], [-42.67235, -19.53523], [-42.67235, -19.53496], [-42.67228, -19.53482], [-42.67214, -19.53482], [-42.67208, -19.53414], [-42.6721, -19.53279], [-42.67218, -19.53211], [-42.67232, -19.53212], [-42.67239, -19.53205], [-42.6724, -19.53191], [-42.67232, -19.53184], [-42.67218, -19.53184], [-42.67204, -19.53144], [-42.67191, -19.53062], [-42.67178, -19.53021], [-42.67163, -19.53021], [-42.67156, -19.53014], [-42.67157, -19.53001], [-42.67142, -19.52987], [-42.67114, -19.52973], [-42.671, -19.52953], [-42.67101, -19.52926], [-42.67094, -19.52912], [-42.67079, -19.52912], [-42.67072, -19.52905], [-42.67072, -19.52891], [-42.67058, -19.52884], [-42.6703, -19.52884], [-42.67009, -19.5287], [-42.66995, -19.52843], [-42.66974, -19.52822], [-42.66945, -19.52809], [-42.66931, -19.52795], [-42.66931, -19.52781], [-42.66917, -19.52774], [-42.66889, -19.52774], [-42.66874, -19.52767], [-42.66875, -19.52753], [-42.6686, -19.52746], [-42.66832, -19.52746], [-42.66818, -19.52739], [-42.66818, -19.52726], [-42.66789, -19.52719], [-42.66732, -19.52718], [-42.66704, -19.52711], [-42.66704, -19.52697], [-42.66661, -19.52683], [-42.66576, -19.52668], [-42.66533, -19.52654], [-42.66533, -19.52641], [-42.66469, -19.52633], [-42.66341, -19.52631], [-42.66277, -19.52624], [-42.66277, -19.5261], [-42.66256, -19.52603], [-42.66213, -19.52603], [-42.66191, -19.52636], [-42.6619, -19.52704], [-42.66239, -19.52738], [-42.66339, -19.5274], [-42.66389, -19.52747], [-42.66389, -19.52761], [-42.66389, -19.52767]], [[-42.66845, -19.52828], [-42.66845, -19.52855], [-42.66844, -19.52909], [-42.66829, -19.52936], [-42.66801, -19.52935], [-42.66787, -19.52908], [-42.66787, -19.52854], [-42.66802, -19.52827], [-42.66831, -19.52827], [-42.66845, -19.52828]], [[-42.66615, -19.5296], [-42.66607, -19.5296], [-42.66593, -19.5296], [-42.66586, -19.52953], [-42.66586, -19.52939], [-42.66594, -19.52933], [-42.66608, -19.52933], [-42.66615, -19.5294], [-42.66615, -19.52953], [-42.66615, -19.5296]], [[-42.66643, -19.5296], [-42.66643, -19.52967], [-42.66643, -19.52981], [-42.66636, -19.52987], [-42.66621, -19.52987], [-42.66614, -19.5298], [-42.66614, -19.52967], [-42.66622, -19.5296], [-42.66636, -19.5296], [-42.66643, -19.5296]], [[-42.66843, -19.52963], [-42.66843, -19.5297], [-42.66843, -19.52983], [-42.66835, -19.5299], [-42.66821, -19.5299], [-42.66814, -19.52983], [-42.66814, -19.52969], [-42.66822, -19.52963], [-42.66836, -19.52963], [-42.66843, -19.52963]], [[-42.67041, -19.53101], [-42.67041, -19.53114], [-42.6704, -19.53141], [-42.67054, -19.53155], [-42.67083, -19.53155], [-42.67104, -19.53169], [-42.67118, -19.53197], [-42.67104, -19.5321], [-42.67061, -19.53209], [-42.67032, -19.53195], [-42.67019, -19.53168], [-42.6699, -19.53154], [-42.66947, -19.53154], [-42.66919, -19.5314], [-42.66905, -19.53113], [-42.66891, -19.53099], [-42.66877, -19.53099], [-42.6687, -19.53085], [-42.6687, -19.53058], [-42.66885, -19.53045], [-42.66913, -19.53045], [-42.66927, -19.53052], [-42.66927, -19.53065], [-42.66956, -19.53079], [-42.67012, -19.53094], [-42.67041, -19.53101]], [[-42.67181, -19.53292], [-42.67181, -19.53299], [-42.67181, -19.53312], [-42.67173, -19.53319], [-42.67159, -19.53319], [-42.67152, -19.53332], [-42.67151, -19.53359], [-42.67144, -19.53373], [-42.6713, -19.53373], [-42.67123, -19.53359], [-42.67123, -19.53332], [-42.67109, -19.53312], [-42.67081, -19.53298], [-42.67067, -19.53277], [-42.67067, -19.5325], [-42.67082, -19.53237], [-42.6711, -19.53237], [-42.67132, -19.53251], [-42.67145, -19.53278], [-42.6716, -19.53292], [-42.67174, -19.53292], [-42.67181, -19.53292]], [[-42.67856, -19.54032], [-42.67856, -19.54039], [-42.67855, -19.54052], [-42.6782, -19.54058], [-42.67748, -19.54058], [-42.67712, -19.54064], [-42.67712, -19.54077], [-42.67684, -19.54084], [-42.67627, -19.54083], [-42.67598, -19.54076], [-42.67598, -19.54062], [-42.67613, -19.54056], [-42.67641, -19.54056], [-42.67656, -19.5405], [-42.67656, -19.54036], [-42.67663, -19.54029], [-42.67677, -19.5403], [-42.67685, -19.54016], [-42.67685, -19.53989], [-42.67692, -19.53976], [-42.67707, -19.53976], [-42.67714, -19.53983], [-42.67713, -19.53996], [-42.67742, -19.54003], [-42.67799, -19.54004], [-42.67827, -19.54011], [-42.67827, -19.54025], [-42.67834, -19.54032], [-42.67849, -19.54032], [-42.67856, -19.54032]], [[-42.67428, -19.53972], [-42.67428, -19.53979], [-42.67428, -19.53992], [-42.67421, -19.53999], [-42.67406, -19.53999], [-42.67399, -19.53992], [-42.674, -19.53979], [-42.67407, -19.53972], [-42.67421, -19.53972], [-42.67428, -19.53972]], [[-42.67997, -19.54115], [-42.67983, -19.54115], [-42.67955, -19.54114], [-42.6794, -19.54107], [-42.67941, -19.54094], [-42.67948, -19.54087], [-42.67962, -19.54087], [-42.67977, -19.54074], [-42.67991, -19.54047], [-42.68013, -19.54034], [-42.68041, -19.54034], [-42.68048, -19.54048], [-42.68034, -19.54075], [-42.68041, -19.54088], [-42.68069, -19.54089], [-42.68083, -19.54096], [-42.68083, -19.54109], [-42.68076, -19.54116], [-42.68062, -19.54116], [-42.68054, -19.54122], [-42.68054, -19.54136], [-42.6804, -19.54142], [-42.68011, -19.54142], [-42.67997, -19.54135], [-42.67997, -19.54122], [-42.67997, -19.54115]], [[-42.68112, -19.54116], [-42.68111, -19.54123], [-42.68111, -19.54137], [-42.68104, -19.54143], [-42.6809, -19.54143], [-42.68083, -19.54136], [-42.68083, -19.54123], [-42.6809, -19.54116], [-42.68104, -19.54116], [-42.68112, -19.54116]], [[-42.67399, -19.54026], [-42.67399, -19.54033], [-42.67399, -19.54046], [-42.67391, -19.54053], [-42.67377, -19.54053], [-42.6737, -19.54046], [-42.6737, -19.54032], [-42.67377, -19.54026], [-42.67392, -19.54026], [-42.67399, -19.54026]], [[-42.68169, -19.54117], [-42.68169, -19.54124], [-42.68168, -19.54137], [-42.68161, -19.54144], [-42.68147, -19.54144], [-42.6814, -19.54137], [-42.6814, -19.54123], [-42.68147, -19.54117], [-42.68162, -19.54117], [-42.68169, -19.54117]], [[-42.67881, -19.54276], [-42.67881, -19.54283], [-42.67881, -19.54296], [-42.67866, -19.54303], [-42.67838, -19.54302], [-42.67823, -19.54295], [-42.67824, -19.54282], [-42.67838, -19.54275], [-42.67867, -19.54276], [-42.67881, -19.54276]]], [[[-42.67564, -19.52458], [-42.67564, -19.52451], [-42.67564, -19.52437], [-42.67579, -19.52431], [-42.67607, -19.52431], [-42.67622, -19.52425], [-42.67622, -19.52411], [-42.67601, -19.52404], [-42.67558, -19.52404], [-42.67536, -19.5241], [-42.67536, -19.52424], [-42.67529, -19.5243], [-42.67515, -19.5243], [-42.675, -19.52443], [-42.67485, -19.5247], [-42.67471, -19.52484], [-42.67457, -19.52483], [-42.6745, -19.52477], [-42.6745, -19.52463], [-42.67436, -19.52456], [-42.67407, -19.52456], [-42.67393, -19.52476], [-42.67392, -19.52516], [-42.67413, -19.52537], [-42.67456, -19.52538], [-42.67477, -19.52551], [-42.67477, -19.52578], [-42.67469, -19.52592], [-42.67455, -19.52592], [-42.67448, -19.52612], [-42.67447, -19.52653], [-42.6744, -19.52673], [-42.67425, -19.52673], [-42.67418, -19.52686], [-42.67418, -19.52713], [-42.67403, -19.5272], [-42.67375, -19.52706], [-42.67361, -19.52712], [-42.6736, -19.52739], [-42.67367, -19.52753], [-42.67381, -19.52753], [-42.67388, -19.5276], [-42.67388, -19.52774], [-42.67402, -19.52781], [-42.67431, -19.52781], [-42.67445, -19.52768], [-42.67446, -19.52741], [-42.67453, -19.52727], [-42.67467, -19.52727], [-42.67482, -19.52714], [-42.67497, -19.52687], [-42.67518, -19.52674], [-42.67547, -19.52674], [-42.67561, -19.52681], [-42.67561, -19.52695], [-42.67568, -19.52701], [-42.67582, -19.52702], [-42.67589, -19.52681], [-42.6759, -19.52641], [-42.67583, -19.5262], [-42.67569, -19.5262], [-42.67562, -19.52593], [-42.67563, -19.52539], [-42.67556, -19.52512], [-42.67542, -19.52512], [-42.67535, -19.52498], [-42.67535, -19.52471], [-42.67543, -19.52457], [-42.67557, -19.52458], [-42.67564, -19.52458]], [[-42.67561, -19.52647], [-42.67547, -19.52647], [-42.67519, -19.52647], [-42.67504, -19.5264], [-42.67505, -19.52626], [-42.67519, -19.5262], [-42.67548, -19.5262], [-42.67562, -19.52627], [-42.67562, -19.5264], [-42.67561, -19.52647]]], [[[-42.67651, -19.52351], [-42.67644, -19.5235], [-42.6763, -19.5235], [-42.67623, -19.52357], [-42.67622, -19.52371], [-42.67644, -19.52378], [-42.67687, -19.52378], [-42.67708, -19.52385], [-42.67708, -19.52399], [-42.67715, -19.52406], [-42.67729, -19.52406], [-42.67736, -19.52399], [-42.67736, -19.52386], [-42.67758, -19.52379], [-42.67801, -19.5238], [-42.67822, -19.52373], [-42.67823, -19.5236], [-42.6783, -19.52353], [-42.67844, -19.52353], [-42.67851, -19.5234], [-42.67852, -19.52313], [-42.67838, -19.52299], [-42.67809, -19.52298], [-42.67795, -19.52305], [-42.67795, -19.52319], [-42.67759, -19.52325], [-42.67687, -19.52324], [-42.67652, -19.5233], [-42.67651, -19.52344], [-42.67651, -19.52351]]], [[[-42.6727, -19.53077], [-42.67277, -19.53077], [-42.67291, -19.53077], [-42.67298, -19.5307], [-42.67299, -19.53057], [-42.67313, -19.5305], [-42.67341, -19.53051], [-42.67356, -19.53044], [-42.67356, -19.5303], [-42.67363, -19.53024], [-42.67378, -19.53024], [-42.67385, -19.5301], [-42.67385, -19.52983], [-42.67364, -19.5297], [-42.67321, -19.52969], [-42.67293, -19.52955], [-42.67279, -19.52928], [-42.67265, -19.52914], [-42.67251, -19.52914], [-42.67243, -19.52961], [-42.67241, -19.53056], [-42.67248, -19.53103], [-42.67262, -19.53104], [-42.67269, -19.53097], [-42.6727, -19.53083], [-42.6727, -19.53077]]], [[[-42.66329, -19.52929], [-42.6633, -19.52916], [-42.6633, -19.52889], [-42.66337, -19.52875], [-42.66352, -19.52875], [-42.66359, -19.52855], [-42.6636, -19.52814], [-42.66317, -19.52794], [-42.66231, -19.52793], [-42.66188, -19.52833], [-42.66187, -19.52914], [-42.66201, -19.52955], [-42.66229, -19.52955], [-42.66244, -19.52948], [-42.66244, -19.52935], [-42.66265, -19.52928], [-42.66308, -19.52929], [-42.66329, -19.52929]]]]}}, {"type": "Feature", "properties": {"cota": 850}, "geometry": {"type": "MultiPolygon", "coordinates": [[[[-42.66835, -19.53531], [-42.66849, -19.53525], [-42.66878, -19.53512], [-42.66892, -19.53519], [-42.66892, -19.53546], [-42.66899, -19.53559], [-42.66913, -19.53559], [-42.66927, -19.53573], [-42.66941, -19.536], [-42.66955, -19.53614], [-42.66969, -19.53614], [-42.66976, -19.53621], [-42.66976, -19.53635], [-42.6699, -19.53642], [-42.67019, -19.53642], [-42.67026, -19.53629], [-42.67012, -19.53601], [-42.6702, -19.53588], [-42.67048, -19.53588], [-42.67063, -19.53582], [-42.67063, -19.53568], [-42.67077, -19.53562], [-42.67106, -19.53562], [-42.67127, -19.53576], [-42.67141, -19.53603], [-42.67155, -19.53617], [-42.67169, -19.53617], [-42.67176, -19.53637], [-42.67175, -19.53678], [-42.67182, -19.53698], [-42.67197, -19.53698], [-42.67203, -19.53712], [-42.67203, -19.53739], [-42.67196, -19.53753], [-42.67181, -19.53752], [-42.67174, -19.53773], [-42.67173, -19.53813], [-42.67187, -19.5384], [-42.67216, -19.53854], [-42.67223, -19.53875], [-42.67208, -19.53902], [-42.67208, -19.53915], [-42.67222, -19.53915], [-42.67229, -19.53929], [-42.67229, -19.53956], [-42.67235, -19.5397], [-42.6725, -19.5397], [-42.67256, -19.54011], [-42.67255, -19.54092], [-42.67262, -19.54132], [-42.67276, -19.54133], [-42.67283, -19.5414], [-42.67283, -19.54153], [-42.67297, -19.5416], [-42.67326, -19.5416], [-42.6734, -19.54174], [-42.67339, -19.54201], [-42.67346, -19.54215], [-42.6736, -19.54215], [-42.67368, -19.54222], [-42.67367, -19.54235], [-42.67382, -19.54242], [-42.6741, -19.54243], [-42.67424, -19.5425], [-42.67424, -19.54263], [-42.6746, -19.5427], [-42.67531, -19.54271], [-42.67574, -19.54285], [-42.67588, -19.54313], [-42.67616, -19.54327], [-42.67659, -19.54327], [-42.6768, -19.54334], [-42.6768, -19.54348], [-42.67673, -19.54354], [-42.67658, -19.54354], [-42.67658, -19.54368], [-42.67672, -19.54395], [-42.677, -19.54409], [-42.67743, -19.54409], [-42.67765, -19.54416], [-42.67764, -19.5443], [-42.67793, -19.54437], [-42.6785, -19.54438], [-42.67879, -19.54425], [-42.67879, -19.54398], [-42.67901, -19.54384], [-42.67943, -19.54385], [-42.67965, -19.54412], [-42.67964, -19.54466], [-42.67978, -19.54494], [-42.68006, -19.54494], [-42.68021, -19.54454], [-42.68022, -19.54372], [-42.6803, -19.54332], [-42.68044, -19.54332], [-42.68052, -19.54319], [-42.68052, -19.54292], [-42.68038, -19.54285], [-42.68009, -19.54298], [-42.67995, -19.54311], [-42.67994, -19.54325], [-42.67987, -19.54331], [-42.67973, -19.54331], [-42.67966, -19.54318], [-42.67966, -19.5429], [-42.67959, -19.54277], [-42.67945, -19.54277], [-42.67938, -19.5427], [-42.67938, -19.54256], [-42.6796, -19.5425], [-42.68003, -19.5425], [-42.68024, -19.54244], [-42.68024, -19.5423], [-42.68046, -19.54224], [-42.68089, -19.54224], [-42.6811, -19.54231], [-42.6811, -19.54245], [-42.68117, -19.54252], [-42.68131, -19.54252], [-42.68146, -19.54239], [-42.6816, -19.54212], [-42.68203, -19.54199], [-42.68275, -19.542], [-42.6831, -19.54193], [-42.68311, -19.5418], [-42.68325, -19.54166], [-42.68354, -19.54153], [-42.68368, -19.5414], [-42.68368, -19.54126], [-42.68383, -19.54113], [-42.68412, -19.541], [-42.68426, -19.5408], [-42.68427, -19.54053], [-42.68434, -19.54039], [-42.68448, -19.54039], [-42.68463, -19.54026], [-42.68477, -19.53999], [-42.68492, -19.53986], [-42.68506, -19.53986], [-42.68513, -19.54], [-42.68513, -19.54027], [-42.6852, -19.5404], [-42.68534, -19.54041], [-42.68541, -19.5402], [-42.68542, -19.5398], [-42.68556, -19.5396], [-42.68585, -19.5396], [-42.68599, -19.53967], [-42.68599, -19.5398], [-42.68606, -19.53987], [-42.6862, -19.53987], [-42.68628, -19.53981], [-42.68628, -19.53967], [-42.68649, -19.53961], [-42.68692, -19.53961], [-42.68713, -19.53968], [-42.68713, -19.53982], [-42.6872, -19.53989], [-42.68735, -19.53989], [-42.68742, -19.53942], [-42.68744, -19.53847], [-42.68723, -19.53799], [-42.6868, -19.53799], [-42.68652, -19.53785], [-42.68638, -19.53758], [-42.68602, -19.5375], [-42.68545, -19.53763], [-42.68516, -19.5379], [-42.68515, -19.5383], [-42.68508, -19.53851], [-42.68494, -19.5385], [-42.68487, -19.53857], [-42.68486, -19.53871], [-42.68458, -19.53877], [-42.68401, -19.53876], [-42.68372, -19.53883], [-42.68372, -19.53896], [-42.68364, -19.53903], [-42.6835, -19.53903], [-42.68336, -19.53916], [-42.68321, -19.53943], [-42.68278, -19.53956], [-42.68207, -19.53955], [-42.68171, -19.53961], [-42.68171, -19.53975], [-42.68156, -19.53982], [-42.68128, -19.53981], [-42.68121, -19.53968], [-42.68135, -19.53941], [-42.68129, -19.53927], [-42.681, -19.53927], [-42.68086, -19.53933], [-42.68085, -19.53947], [-42.68064, -19.53953], [-42.68021, -19.53953], [-42.68, -19.53959], [-42.67999, -19.53973], [-42.67935, -19.53979], [-42.67807, -19.53977], [-42.67742, -19.53969], [-42.67743, -19.53956], [-42.67728, -19.53949], [-42.677, -19.53949], [-42.67686, -19.53942], [-42.67686, -19.53928], [-42.67672, -19.53914], [-42.67643, -19.539], [-42.67629, -19.53887], [-42.6763, -19.53873], [-42.67622, -19.53866], [-42.67608, -19.53866], [-42.67601, -19.53859], [-42.67601, -19.53846], [-42.67587, -19.53832], [-42.67559, -19.53818], [-42.67545, -19.53804], [-42.67545, -19.53791], [-42.67538, -19.53784], [-42.67524, -19.53784], [-42.67517, -19.53777], [-42.67517, -19.53763], [-42.6751, -19.53757], [-42.67496, -19.53756], [-42.67481, -19.53743], [-42.67468, -19.53715], [-42.67454, -19.53702], [-42.67439, -19.53702], [-42.67432, -19.53695], [-42.67432, -19.53681], [-42.67418, -19.53674], [-42.6739, -19.53674], [-42.67368, -19.5366], [-42.67355, -19.53633], [-42.67333, -19.53619], [-42.67305, -19.53619], [-42.67291, -19.53612], [-42.67291, -19.53598], [-42.67284, -19.53591], [-42.67269, -19.53591], [-42.67263, -19.53577], [-42.67263, -19.5355], [-42.67256, -19.53537], [-42.67242, -19.53537], [-42.67235, -19.53516], [-42.67235, -19.53476], [-42.67229, -19.53455], [-42.67214, -19.53455], [-42.67208, -19.53401], [-42.67209, -19.53292], [-42.67217, -19.53238], [-42.67232, -19.53239], [-42.67239, -19.53225], [-42.67239, -19.53198], [-42.67232, -19.53184], [-42.67218, -19.53184], [-42.67211, -19.53157], [-42.67212, -19.53103], [-42.67205, -19.53076], [-42.67191, -19.53076], [-42.67184, -19.53062], [-42.67185, -19.53035], [-42.67171, -19.53014], [-42.67142, -19.53001], [-42.67128, -19.5298], [-42.67129, -19.52953], [-42.67122, -19.52939], [-42.67107, -19.52939], [-42.67093, -19.52925], [-42.6708, -19.52898], [-42.67058, -19.52884], [-42.6703, -19.52884], [-42.67009, -19.5287], [-42.66995, -19.52843], [-42.66974, -19.52822], [-42.66945, -19.52809], [-42.66931, -19.52795], [-42.66931, -19.52781], [-42.66917, -19.52774], [-42.66889, -19.52774], [-42.66874, -19.52767], [-42.66875, -19.52753], [-42.6686, -19.52746], [-42.66832, -19.52746], [-42.66818, -19.52739], [-42.66818, -19.52726], [-42.66797, -19.52719], [-42.66754, -19.52718], [-42.66732, -19.52711], [-42.66733, -19.52697], [-42.66711, -19.5269], [-42.66668, -19.5269], [-42.66647, -19.52683], [-42.66647, -19.52669], [-42.66626, -19.52662], [-42.66583, -19.52662], [-42.66562, -19.52655], [-42.66562, -19.52641], [-42.66491, -19.52633], [-42.66348, -19.52632], [-42.66277, -19.52624], [-42.66277, -19.5261], [-42.66256, -19.52603], [-42.66213, -19.52603], [-42.66191, -19.52636], [-42.6619, -19.52704], [-42.66239, -19.52738], [-42.66339, -19.5274], [-42.66389, -19.52754], [-42.66389, -19.52781], [-42.66396, -19.52795], [-42.6641, -19.52795], [-42.66417, -19.52815], [-42.66416, -19.52856], [-42.6643, -19.5287], [-42.66459, -19.52856], [-42.66474, -19.52836], [-42.66474, -19.52809], [-42.66481, -19.52796], [-42.66496, -19.52796], [-42.66503, -19.52789], [-42.66503, -19.52776], [-42.66517, -19.52769], [-42.66546, -19.5277], [-42.6656, -19.52797], [-42.66559, -19.52851], [-42.66552, -19.52878], [-42.66537, -19.52878], [-42.6653, -19.52898], [-42.66529, -19.52939], [-42.66536, -19.52959], [-42.6655, -19.52959], [-42.66557, -19.52966], [-42.66557, -19.52979], [-42.6655, -19.52986], [-42.66536, -19.52986], [-42.66528, -19.52993], [-42.66528, -19.53006], [-42.66542, -19.5302], [-42.66571, -19.53034], [-42.66585, -19.53048], [-42.66585, -19.53061], [-42.66599, -19.53068], [-42.66627, -19.53068], [-42.66641, -19.53075], [-42.66641, -19.53089], [-42.66655, -19.53096], [-42.66684, -19.53096], [-42.66698, -19.53103], [-42.66698, -19.53117], [-42.66705, -19.53124], [-42.66719, -19.53124], [-42.66733, -19.53137], [-42.66747, -19.53165], [-42.66761, -19.53178], [-42.66776, -19.53179], [-42.66783, -19.53185], [-42.66782, -19.53199], [-42.66797, -19.53213], [-42.66825, -19.53227], [-42.66839, -19.53247], [-42.66839, -19.53274], [-42.66845, -19.53288], [-42.6686, -19.53288], [-42.66867, -19.53295], [-42.66867, -19.53308], [-42.66881, -19.53315], [-42.66909, -19.53316], [-42.66923, -19.53329], [-42.66923, -19.53356], [-42.66916, -19.5337], [-42.66901, -19.5337], [-42.66901, -19.53383], [-42.66915, -19.53411], [-42.66908, -19.53431], [-42.66879, -19.53444], [-42.66864, -19.53457], [-42.66864, -19.53471], [-42.66857, -19.53477], [-42.66843, -19.53477], [-42.66835, -19.53491], [-42.66835, -19.53518], [-42.66835, -19.53531]], [[-42.67007, -19.53452], [-42.67007, -19.53459], [-42.67007, -19.53473], [-42.66993, -19.53479], [-42.66964, -19.53479], [-42.6695, -19.53485], [-42.6695, -19.53499], [-42.66935, -19.53499], [-42.66907, -19.53485], [-42.66893, -19.53471], [-42.66893, -19.53458], [-42.66922, -19.53451], [-42.66979, -19.53452], [-42.67007, -19.53452]], [[-42.66816, -19.52854], [-42.66816, -19.52847], [-42.66816, -19.52834], [-42.66824, -19.52827], [-42.66838, -19.52827], [-42.66845, -19.52855], [-42.66844, -19.52909], [-42.66829, -19.52936], [-42.66801, -19.52935], [-42.66787, -19.52915], [-42.66787, -19.52874], [-42.66795, -19.52854], [-42.66809, -19.52854], [-42.66816, -19.52854]], [[-42.66843, -19.52963], [-42.66843, -19.5297], [-42.66843, -19.52983], [-42.66835, -19.5299], [-42.66821, -19.5299], [-42.66814, -19.52983], [-42.66814, -19.52969], [-42.66822, -19.52963], [-42.66836, -19.52963], [-42.66843, -19.52963]], [[-42.67012, -19.531], [-42.67012, -19.53114], [-42.67012, -19.53141], [-42.6699, -19.53154], [-42.66947, -19.53154], [-42.66919, -19.5314], [-42.66905, -19.53113], [-42.66891, -19.53099], [-42.66877, -19.53099], [-42.6687, -19.53085], [-42.6687, -19.53058], [-42.66885, -19.53045], [-42.66913, -19.53045], [-42.66927, -19.53052], [-42.66927, -19.53065], [-42.66941, -19.53072], [-42.6697, -19.53073], [-42.66984, -19.5308], [-42.66984, -19.53093], [-42.66991, -19.531], [-42.67005, -19.531], [-42.67012, -19.531]], [[-42.67097, -19.53156], [-42.67097, -19.53169], [-42.67097, -19.53196], [-42.67089, -19.5321], [-42.67075, -19.5321], [-42.67068, -19.53196], [-42.67068, -19.53169], [-42.67076, -19.53155], [-42.6709, -19.53156], [-42.67097, -19.53156]], [[-42.67181, -19.53292], [-42.67181, -19.53299], [-42.67181, -19.53312], [-42.67173, -19.53319], [-42.67159, -19.53319], [-42.67152, -19.53332], [-42.67151, -19.53359], [-42.67144, -19.53373], [-42.6713, -19.53373], [-42.67123, -19.53359], [-42.67123, -19.53332], [-42.67109, -19.53312], [-42.67081, -19.53298], [-42.67067, -19.53277], [-42.67067, -19.5325], [-42.67082, -19.53237], [-42.6711, -19.53237], [-42.67132, -19.53251], [-42.67145, -19.53278], [-42.6716, -19.53292], [-42.67174, -19.53292], [-42.67181, -19.53292]], [[-42.67035, -19.53507], [-42.67035, -19.53514], [-42.67035, -19.53527], [-42.67028, -19.53534], [-42.67013, -19.53534], [-42.67006, -19.53527], [-42.67006, -19.53513], [-42.67014, -19.53507], [-42.67028, -19.53507], [-42.67035, -19.53507]], [[-42.66978, -19.53533], [-42.66977, -19.5354], [-42.66977, -19.53553], [-42.6697, -19.5356], [-42.66956, -19.5356], [-42.66949, -19.53553], [-42.66949, -19.5354], [-42.66956, -19.53533], [-42.6697, -19.53533], [-42.66978, -19.53533]], [[-42.67713, -19.54057], [-42.67712, -19.54064], [-42.67712, -19.54077], [-42.67705, -19.54084], [-42.67691, -19.54084], [-42.67684, -19.5407], [-42.67684, -19.54043], [-42.67692, -19.5403], [-42.67706, -19.5403], [-42.67713, -19.54023], [-42.67713, -19.5401], [-42.6772, -19.54003], [-42.67735, -19.54003], [-42.67742, -19.5401], [-42.67742, -19.54024], [-42.67749, -19.5403], [-42.67763, -19.54031], [-42.6777, -19.54024], [-42.6777, -19.5401], [-42.67785, -19.54011], [-42.67813, -19.54025], [-42.67827, -19.54038], [-42.67827, -19.54052], [-42.67798, -19.54058], [-42.67741, -19.54057], [-42.67713, -19.54057]], [[-42.68026, -19.54142], [-42.68026, -19.54136], [-42.68026, -19.54122], [-42.68004, -19.54115], [-42.67962, -19.54114], [-42.6794, -19.54107], [-42.67941, -19.54094], [-42.67948, -19.54087], [-42.67962, -19.54087], [-42.67977, -19.54074], [-42.67991, -19.54047], [-42.68006, -19.54034], [-42.6802, -19.54034], [-42.68027, -19.54048], [-42.68026, -19.54075], [-42.68033, -19.54088], [-42.68048, -19.54088], [-42.68055, -19.54102], [-42.68054, -19.54129], [-42.68047, -19.54143], [-42.68033, -19.54142], [-42.68026, -19.54142]]], [[[-42.67564, -19.52458], [-42.67564, -19.52451], [-42.67564, -19.52437], [-42.67579, -19.52431], [-42.67607, -19.52431], [-42.67622, -19.52425], [-42.67622, -19.52411], [-42.67629, -19.52404], [-42.67643, -19.52405], [-42.67651, -19.52398], [-42.67651, -19.52384], [-42.67658, -19.52378], [-42.67672, -19.52378], [-42.67679, -19.52385], [-42.67679, -19.52398], [-42.67722, -19.52399], [-42.67808, -19.52386], [-42.67851, -19.5236], [-42.67852, -19.52319], [-42.67838, -19.52299], [-42.67809, -19.52298], [-42.67795, -19.52305], [-42.67795, -19.52319], [-42.67759, -19.52325], [-42.67687, -19.52324], [-42.67652, -19.5233], [-42.67651, -19.52344], [-42.67637, -19.5235], [-42.67608, -19.5235], [-42.67594, -19.52363], [-42.67594, -19.5239], [-42.67579, -19.52404], [-42.67551, -19.52403], [-42.67536, -19.5241], [-42.67536, -19.52424], [-42.67529, -19.5243], [-42.67515, -19.5243], [-42.675, -19.52443], [-42.67485, -19.5247], [-42.67471, -19.52484], [-42.67457, -19.52483], [-42.6745, -19.52477], [-42.6745, -19.52463], [-42.67429, -19.52456], [-42.67386, -19.52455], [-42.67364, -19.52462], [-42.67364, -19.52475], [-42.67371, -19.52482], [-42.67385, -19.52483], [-42.67392, -19.52503], [-42.67392, -19.52544], [-42.67398, -19.52564], [-42.67413, -19.52564], [-42.6742, -19.52557], [-42.6742, -19.52544], [-42.67434, -19.52537], [-42.67463, -19.52538], [-42.67477, -19.52551], [-42.67477, -19.52578], [-42.67462, -19.52599], [-42.67433, -19.52612], [-42.67419, -19.52639], [-42.67418, -19.52679], [-42.67404, -19.52699], [-42.67375, -19.52699], [-42.67361, -19.52712], [-42.6736, -19.52739], [-42.67367, -19.52753], [-42.67381, -19.52753], [-42.67388, -19.5276], [-42.67388, -19.52774], [-42.67402, -19.52781], [-42.67431, -19.52781], [-42.67445, -19.52774], [-42.67446, -19.52761], [-42.67453, -19.52754], [-42.67467, -19.52754], [-42.67474, -19.52741], [-42.67475, -19.52714], [-42.67482, -19.527], [-42.67496, -19.52701], [-42.67504, -19.52694], [-42.67504, -19.5268], [-42.67518, -19.52674], [-42.67547, -19.52674], [-42.67561, -19.52681], [-42.67561, -19.52695], [-42.67568, -19.52701], [-42.67582, -19.52702], [-42.67589, -19.52681], [-42.6759, -19.52641], [-42.67583, -19.5262], [-42.67569, -19.5262], [-42.67562, -19.52593], [-42.67563, -19.52539], [-42.67556, -19.52512], [-42.67542, -19.52512], [-42.67535, -19.52498], [-42.67535, -19.52471], [-42.67543, -19.52457], [-42.67557, -19.52458], [-42.67564, -19.52458]], [[-42.67561, -19.52647], [-42.67547, -19.52647], [-42.67519, -19.52647], [-42.67504, -19.5264], [-42.67505, -19.52626], [-42.67519, -19.5262], [-42.67548, -19.5262], [-42.67562, -19.52627], [-42.67562, -19.5264], [-42.67561, -19.52647]]], [[[-42.6727, -19.53077], [-42.67277, -19.53077], [-42.67291, -19.53077], [-42.67298, -19.5307], [-42.67299, -19.53057], [-42.67313, -19.5305], [-42.67341, -19.53051], [-42.67356, -19.53044], [-42.67356, -19.5303], [-42.67363, -19.53024], [-42.67378, -19.53024], [-42.67385, -19.5301], [-42.67385, -19.52983], [-42.67364, -19.5297], [-42.67321, -19.52969], [-42.67293, -19.52955], [-42.67279, -19.52928], [-42.67265, -19.52914], [-42.67251, -19.52914], [-42.67243, -19.52961], [-42.67241, -19.53056], [-42.67248, -19.53103], [-42.67262, -19.53104], [-42.67269, -19.53097], [-42.6727, -19.53083], [-42.6727, -19.53077]]], [[[-42.66244, -19.52928], [-42.66265, -19.52928], [-42.66308, -19.52929], [-42.6633, -19.52922], [-42.6633, -19.52909], [-42.66344, -19.52896], [-42.66373, -19.52882], [-42.66387, -19.52869], [-42.66388, -19.52855], [-42.66381, -19.52849], [-42.66366, -19.52848], [-42.66359, -19.52835], [-42.6636, -19.52808], [-42.66317, -19.52794], [-42.66231, -19.52793], [-42.66188, -19.52833], [-42.66187, -19.52914], [-42.66201, -19.52955], [-42.66229, -19.52955], [-42.66244, -19.52948], [-42.66244, -19.52935], [-42.66244, -19.52928]]], [[[-42.67301, -19.52915], [-42.67315, -19.52922], [-42.67343, -19.52935], [-42.67358, -19.52902], [-42.67359, -19.52821], [-42.67352, -19.5278], [-42.67338, -19.5278], [-42.67331, -19.52807], [-42.6733, -19.52861], [-42.67322, -19.52888], [-42.67308, -19.52888], [-42.67301, -19.52894], [-42.67301, -19.52908], [-42.67301, -19.52915]]]]}}, {"type": "Feature", "properties": {"cota": 900}, "geometry": {"type": "MultiPolygon", "coordinates": [[[[-42.67564, -19.52458], [-42.67564, -19.52451], [-42.67564, -19.52437], [-42.67572, -19.52431], [-42.67586, -19.52431], [-42.67593, -19.52438], [-42.67593, -19.52451], [-42.67607, -19.52458], [-42.67635, -19.52459], [-42.6765, -19.52445], [-42.6765, -19.52418], [-42.67679, -19.52405], [-42.67736, -19.52406], [-42.67765, -19.52399], [-42.67765, -19.52386], [-42.67787, -19.52379], [-42.67829, -19.5238], [-42.67851, -19.52367], [-42.67851, -19.5234], [-42.67859, -19.52326], [-42.67873, -19.52326], [-42.6788, -19.5232], [-42.6788, -19.52306], [-42.67859, -19.52299], [-42.67816, -19.52299], [-42.67795, -19.52305], [-42.67795, -19.52319], [-42.67759, -19.52325], [-42.67687, -19.52324], [-42.67652, -19.5233], [-42.67651, -19.52344], [-42.67637, -19.5235], [-42.67608, -19.5235], [-42.67594, -19.52363], [-42.67594, -19.5239], [-42.67586, -19.52404], [-42.67572, -19.52404], [-42.67565, -19.52383], [-42.67566, -19.52343], [-42.67552, -19.52322], [-42.67523, -19.52322], [-42.67509, -19.52328], [-42.67509, -19.52342], [-42.67516, -19.52349], [-42.6753, -19.52349], [-42.67537, -19.52369], [-42.67536, -19.5241], [-42.67529, -19.5243], [-42.67515, -19.5243], [-42.67507, -19.52437], [-42.67507, -19.5245], [-42.67478, -19.52457], [-42.67421, -19.52456], [-42.674, -19.52442], [-42.67415, -19.52415], [-42.67401, -19.52401], [-42.67358, -19.52401], [-42.67336, -19.52414], [-42.67336, -19.52441], [-42.6735, -19.52462], [-42.67378, -19.52476], [-42.67385, -19.52496], [-42.6737, -19.52523], [-42.6737, -19.52536], [-42.67385, -19.52537], [-42.67392, -19.52544], [-42.67391, -19.52557], [-42.67406, -19.52557], [-42.67434, -19.52544], [-42.67448, -19.52558], [-42.67448, -19.52598], [-42.6744, -19.52619], [-42.67426, -19.52618], [-42.67419, -19.52632], [-42.67418, -19.52659], [-42.67404, -19.52679], [-42.67375, -19.52692], [-42.67361, -19.52712], [-42.6736, -19.52739], [-42.67367, -19.52753], [-42.67381, -19.52753], [-42.67396, -19.52767], [-42.67409, -19.52794], [-42.67423, -19.52808], [-42.67438, -19.52808], [-42.67445, -19.52795], [-42.67445, -19.52768], [-42.67453, -19.52754], [-42.67467, -19.52754], [-42.67474, -19.52741], [-42.67475, -19.52714], [-42.67482, -19.527], [-42.67496, -19.52701], [-42.67504, -19.52694], [-42.67504, -19.5268], [-42.67518, -19.52674], [-42.67547, -19.52674], [-42.67561, -19.52688], [-42.6756, -19.52715], [-42.67567, -19.52729], [-42.67582, -19.52729], [-42.67589, -19.52702], [-42.6759, -19.52648], [-42.67583, -19.5262], [-42.67569, -19.5262], [-42.67562, -19.52593], [-42.67563, -19.52539], [-42.67556, -19.52512], [-42.67542, -19.52512], [-42.67535, -19.52498], [-42.67535, -19.52471], [-42.67543, -19.52457], [-42.67557, -19.52458], [-42.67564, -19.52458]], [[-42.67561, -19.52647], [-42.67547, -19.52647], [-42.67519, -19.52647], [-42.67504, -19.5264], [-42.67505, -19.52626], [-42.67519, -19.5262], [-42.67548, -19.5262], [-42.67562, -19.52627], [-42.67562, -19.5264], [-42.67561, -19.52647]]], [[[-42.68315, -19.53875], [-42.68329, -19.53875], [-42.68358, -19.53876], [-42.68372, -19.53883], [-42.68372, -19.53896], [-42.68357, -19.53903], [-42.68329, -19.53903], [-42.68314, -19.53916], [-42.68314, -19.53943], [-42.68278, -19.53956], [-42.68207, -19.53955], [-42.68171, -19.53961], [-42.68171, -19.53975], [-42.68156, -19.53982], [-42.68128, -19.53981], [-42.68121, -19.53968], [-42.68135, -19.53941], [-42.68129, -19.53927], [-42.681, -19.53927], [-42.68086, -19.53933], [-42.68085, -19.53947], [-42.68064, -19.53953], [-42.68021, -19.53953], [-42.68, -19.53959], [-42.67999, -19.53973], [-42.67935, -19.53979], [-42.67807, -19.53977], [-42.67742, -19.53969], [-42.67743, -19.53956], [-42.67728, -19.53949], [-42.677, -19.53949], [-42.67686, -19.53942], [-42.67686, -19.53928], [-42.67672, -19.53914], [-42.67643, -19.539], [-42.67629, -19.53887], [-42.6763, -19.53873], [-42.67622, -19.53866], [-42.67608, -19.53866], [-42.67601, -19.53859], [-42.67601, -19.53846], [-42.67587, -19.53832], [-42.67559, -19.53818], [-42.67545, -19.53804], [-42.67545, -19.53791], [-42.67538, -19.53784], [-42.67524, -19.53784], [-42.67517, -19.53777], [-42.67517, -19.53763], [-42.6751, -19.53757], [-42.67496, -19.53756], [-42.67481, -19.53743], [-42.67468, -19.53715], [-42.67446, -19.53695], [-42.67418, -19.53681], [-42.67404, -19.53667], [-42.67404, -19.53654], [-42.6739, -19.53647], [-42.67361, -19.53646], [-42.67347, -19.53639], [-42.67348, -19.53626], [-42.67333, -19.53619], [-42.67305, -19.53619], [-42.67291, -19.53612], [-42.67291, -19.53598], [-42.67284, -19.53591], [-42.67269, -19.53591], [-42.67263, -19.53577], [-42.67263, -19.5355], [-42.67256, -19.53537], [-42.67242, -19.53537], [-42.67235, -19.53516], [-42.67235, -19.53476], [-42.67229, -19.53455], [-42.67214, -19.53455], [-42.67207, -19.53435], [-42.67208, -19.53394], [-42.67215, -19.53374], [-42.6723, -19.53374], [-42.67237, -19.53367], [-42.67237, -19.53354], [-42.6723, -19.53347], [-42.67216, -19.53347], [-42.67209, -19.53333], [-42.67209, -19.53306], [-42.67217, -19.53293], [-42.67231, -19.53293], [-42.67239, -19.53259], [-42.6724, -19.53191], [-42.67233, -19.53157], [-42.67219, -19.53157], [-42.67212, -19.53137], [-42.67212, -19.53096], [-42.67205, -19.53076], [-42.67191, -19.53076], [-42.67184, -19.53062], [-42.67185, -19.53035], [-42.67171, -19.53014], [-42.67142, -19.53001], [-42.67128, -19.5298], [-42.67129, -19.52953], [-42.67122, -19.52939], [-42.67107, -19.52939], [-42.67093, -19.52925], [-42.6708, -19.52898], [-42.67058, -19.52884], [-42.6703, -19.52884], [-42.67009, -19.5287], [-42.66995, -19.52843], [-42.66974, -19.52822], [-42.66945, -19.52809], [-42.66931, -19.52795], [-42.66931, -19.52781], [-42.66917, -19.52774], [-42.66889, -19.52774], [-42.66874, -19.52767], [-42.66875, -19.52753], [-42.6686, -19.52746], [-42.66832, -19.52746], [-42.66818, -19.52739], [-42.66818, -19.52726], [-42.66797, -19.52719], [-42.66754, -19.52718], [-42.66732, -19.52711], [-42.66733, -19.52697], [-42.66711, -19.5269], [-42.66668, -19.5269], [-42.66647, -19.52683], [-42.66647, -19.52669], [-42.66626, -19.52662], [-42.66583, -19.52662], [-42.66562, -19.52655], [-42.66562, -19.52641], [-42.66534, -19.52634], [-42.66476, -19.52633], [-42.66448, -19.52626], [-42.66448, -19.52613], [-42.66441, -19.52606], [-42.66427, -19.52606], [-42.6642, -19.52612], [-42.66419, -19.52626], [-42.66362, -19.52625], [-42.66248, -19.5261], [-42.66191, -19.52636], [-42.6619, -19.52704], [-42.66225, -19.52738], [-42.66296, -19.52739], [-42.66332, -19.52746], [-42.66332, -19.5276], [-42.66346, -19.52767], [-42.66375, -19.52767], [-42.66389, -19.52774], [-42.66389, -19.52788], [-42.66339, -19.52794], [-42.66239, -19.52793], [-42.66188, -19.52833], [-42.66187, -19.52914], [-42.66201, -19.52955], [-42.66229, -19.52955], [-42.66244, -19.52948], [-42.66244, -19.52935], [-42.66265, -19.52928], [-42.66308, -19.52929], [-42.66337, -19.52916], [-42.66351, -19.52889], [-42.66373, -19.52876], [-42.66402, -19.52876], [-42.66416, -19.5289], [-42.66415, -19.52917], [-42.66408, -19.5293], [-42.66394, -19.5293], [-42.66386, -19.52937], [-42.66386, -19.5295], [-42.664, -19.52957], [-42.66429, -19.52958], [-42.66443, -19.52951], [-42.66444, -19.52937], [-42.66451, -19.52931], [-42.66465, -19.52931], [-42.66472, -19.52924], [-42.66473, -19.52911], [-42.66465, -19.52904], [-42.66451, -19.52904], [-42.66444, -19.5289], [-42.66445, -19.52863], [-42.66459, -19.52843], [-42.66488, -19.5283], [-42.66503, -19.5281], [-42.66503, -19.52782], [-42.66517, -19.52769], [-42.66546, -19.5277], [-42.6656, -19.52776], [-42.6656, -19.5279], [-42.66553, -19.52797], [-42.66538, -19.52796], [-42.66531, -19.52803], [-42.66531, -19.52817], [-42.66538, -19.52824], [-42.66552, -19.52824], [-42.66559, -19.52837], [-42.66559, -19.52864], [-42.66552, -19.52878], [-42.66537, -19.52878], [-42.6653, -19.52898], [-42.66529, -19.52939], [-42.66536, -19.52959], [-42.6655, -19.52959], [-42.66557, -19.52966], [-42.66557, -19.52979], [-42.6655, -19.52986], [-42.66536, -19.52986], [-42.66528, -19.52993], [-42.66528, -19.53006], [-42.66542, -19.5302], [-42.66571, -19.53034], [-42.66585, -19.53048], [-42.66585, -19.53061], [-42.66599, -19.53068], [-42.66627, -19.53068], [-42.66641, -19.53075], [-42.66641, -19.53089], [-42.66655, -19.53096], [-42.66684, -19.53096], [-42.66698, -19.53103], [-42.66698, -19.53117], [-42.66705, -19.53124], [-42.66719, -19.53124], [-42.66733, -19.53137], [-42.66747, -19.53165], [-42.66761, -19.53178], [-42.66776, -19.53179], [-42.66783, -19.53185], [-42.66782, -19.53199], [-42.66797, -19.53213], [-42.66825, -19.53227], [-42.66839, -19.53247], [-42.66839, -19.53274], [-42.66845, -19.53288], [-42.6686, -19.53288], [-42.66867, -19.53295], [-42.66867, -19.53308], [-42.66881, -19.53315], [-42.66909, -19.53316], [-42.66923, -19.53329], [-42.66923, -19.53356], [-42.66916, -19.5337], [-42.66901, -19.5337], [-42.66901, -19.53383], [-42.66915, -19.53411], [-42.66915, -19.53424], [-42.66901, -19.53424], [-42.66893, -19.53431], [-42.66893, -19.53444], [-42.66879, -19.53451], [-42.6685, -19.5345], [-42.66829, -19.53464], [-42.66814, -19.5349], [-42.66814, -19.53504], [-42.66828, -19.53504], [-42.66842, -19.53518], [-42.66856, -19.53545], [-42.6687, -19.53559], [-42.66884, -19.53559], [-42.66891, -19.53566], [-42.66891, -19.53579], [-42.66905, -19.53586], [-42.66934, -19.53587], [-42.66948, -19.536], [-42.66948, -19.53628], [-42.66969, -19.53641], [-42.67012, -19.53642], [-42.67033, -19.53635], [-42.67033, -19.53622], [-42.67048, -19.53622], [-42.67076, -19.53636], [-42.6709, -19.53629], [-42.67091, -19.53602], [-42.67105, -19.53596], [-42.67134, -19.5361], [-42.67148, -19.5363], [-42.67147, -19.53657], [-42.6714, -19.53671], [-42.67126, -19.5367], [-42.67118, -19.53677], [-42.67118, -19.53691], [-42.67132, -19.53698], [-42.67161, -19.53698], [-42.67175, -19.53705], [-42.67175, -19.53718], [-42.67168, -19.53725], [-42.67153, -19.53725], [-42.67146, -19.53732], [-42.67146, -19.53745], [-42.67153, -19.53752], [-42.67167, -19.53752], [-42.67174, -19.53759], [-42.67174, -19.53773], [-42.67167, -19.53779], [-42.67153, -19.53779], [-42.67145, -19.53793], [-42.67145, -19.5382], [-42.67159, -19.53833], [-42.67187, -19.53834], [-42.67202, -19.53841], [-42.67201, -19.53854], [-42.67208, -19.53861], [-42.67223, -19.53861], [-42.67223, -19.53875], [-42.67208, -19.53902], [-42.67208, -19.53915], [-42.67222, -19.53915], [-42.67229, -19.53929], [-42.67229, -19.53956], [-42.67235, -19.5397], [-42.6725, -19.5397], [-42.67256, -19.54011], [-42.67255, -19.54092], [-42.67262, -19.54132], [-42.67276, -19.54133], [-42.67283, -19.5414], [-42.67283, -19.54153], [-42.67297, -19.5416], [-42.67326, -19.5416], [-42.6734, -19.54174], [-42.67339, -19.54201], [-42.67346, -19.54215], [-42.6736, -19.54215], [-42.67375, -19.54229], [-42.67388, -19.54256], [-42.67424, -19.5427], [-42.67481, -19.54271], [-42.6751, -19.54278], [-42.67509, -19.54291], [-42.67524, -19.54292], [-42.67552, -19.54278], [-42.67567, -19.54279], [-42.67566, -19.54292], [-42.67573, -19.54299], [-42.67588, -19.54299], [-42.67595, -19.54313], [-42.67594, -19.5434], [-42.67608, -19.54354], [-42.67637, -19.54354], [-42.67658, -19.54368], [-42.67672, -19.54395], [-42.67693, -19.54409], [-42.67722, -19.54409], [-42.67743, -19.54423], [-42.67757, -19.5445], [-42.67778, -19.54464], [-42.67807, -19.54464], [-42.67821, -19.54458], [-42.67821, -19.54444], [-42.67829, -19.54438], [-42.67843, -19.54438], [-42.67857, -19.54451], [-42.67871, -19.54479], [-42.67892, -19.54493], [-42.67921, -19.54493], [-42.67935, -19.54473], [-42.67936, -19.54432], [-42.67922, -19.54418], [-42.67893, -19.54432], [-42.67879, -19.54425], [-42.67879, -19.54398], [-42.67901, -19.54384], [-42.67943, -19.54385], [-42.67965, -19.54412], [-42.67964, -19.54466], [-42.67978, -19.54494], [-42.68006, -19.54494], [-42.68021, -19.54487], [-42.68021, -19.54474], [-42.68028, -19.54467], [-42.68042, -19.54467], [-42.6805, -19.54461], [-42.6805, -19.54447], [-42.68043, -19.5444], [-42.68028, -19.5444], [-42.68022, -19.54413], [-42.68022, -19.54359], [-42.68037, -19.54332], [-42.68066, -19.54332], [-42.6808, -19.54326], [-42.6808, -19.54312], [-42.68073, -19.54305], [-42.68059, -19.54305], [-42.68052, -19.54285], [-42.68053, -19.54244], [-42.68067, -19.54224], [-42.68096, -19.54224], [-42.6811, -19.54231], [-42.6811, -19.54245], [-42.68117, -19.54252], [-42.68131, -19.54252], [-42.68138, -19.54245], [-42.68138, -19.54232], [-42.68153, -19.54225], [-42.68181, -19.54226], [-42.68196, -19.54219], [-42.68196, -19.54205], [-42.68225, -19.54199], [-42.68282, -19.542], [-42.6831, -19.54193], [-42.68311, -19.5418], [-42.68325, -19.54166], [-42.68354, -19.54153], [-42.68368, -19.5414], [-42.68368, -19.54126], [-42.68383, -19.54113], [-42.68412, -19.541], [-42.68426, -19.54087], [-42.68426, -19.54073], [-42.68434, -19.54066], [-42.68448, -19.54066], [-42.68455, -19.54053], [-42.68456, -19.54026], [-42.68463, -19.54013], [-42.68477, -19.54013], [-42.68484, -19.54006], [-42.68485, -19.53993], [-42.68492, -19.53986], [-42.68506, -19.53986], [-42.68513, -19.54], [-42.68513, -19.54027], [-42.6852, -19.5404], [-42.68534, -19.54041], [-42.68541, -19.5402], [-42.68542, -19.5398], [-42.68549, -19.5396], [-42.68564, -19.5396], [-42.68571, -19.53967], [-42.6857, -19.5398], [-42.68592, -19.53987], [-42.68635, -19.53988], [-42.68656, -19.53981], [-42.68656, -19.53968], [-42.68671, -19.53961], [-42.68699, -19.53961], [-42.68713, -19.53968], [-42.68713, -19.53982], [-42.6872, -19.53989], [-42.68735, -19.53989], [-42.68742, -19.53942], [-42.68744, -19.53847], [-42.68723, -19.53799], [-42.6868, -19.53799], [-42.68659, -19.53785], [-42.68659, -19.53758], [-42.68631, -19.53744], [-42.68574, -19.53743], [-42.68545, -19.5375], [-42.68545, -19.53763], [-42.68531, -19.5377], [-42.68502, -19.53769], [-42.68488, -19.53776], [-42.68487, -19.53789], [-42.68473, -19.53796], [-42.68445, -19.53796], [-42.6843, -19.53802], [-42.6843, -19.53816], [-42.68416, -19.53822], [-42.68387, -19.53822], [-42.68373, -19.53829], [-42.68372, -19.53842], [-42.68358, -19.53849], [-42.6833, -19.53848], [-42.68315, -19.53855], [-42.68315, -19.53869], [-42.68315, -19.53875]], [[-42.67062, -19.53588], [-42.67063, -19.53582], [-42.67063, -19.53568], [-42.6707, -19.53561], [-42.67084, -19.53562], [-42.67091, -19.53568], [-42.67091, -19.53582], [-42.67084, -19.53589], [-42.6707, -19.53589], [-42.67062, -19.53588]], [[-42.68516, -19.53824], [-42.68508, -19.53837], [-42.68494, -19.53864], [-42.68465, -19.53877], [-42.68422, -19.53877], [-42.68408, -19.53863], [-42.68423, -19.53836], [-42.68451, -19.53823], [-42.68494, -19.53823], [-42.68516, -19.53824]], [[-42.66816, -19.52854], [-42.66816, -19.52847], [-42.66816, -19.52834], [-42.66824, -19.52827], [-42.66838, -19.52827], [-42.66845, -19.52855], [-42.66844, -19.52909], [-42.66829, -19.52936], [-42.66801, -19.52935], [-42.66787, -19.52915], [-42.66787, -19.52874], [-42.66795, -19.52854], [-42.66809, -19.52854], [-42.66816, -19.52854]], [[-42.66417, -19.52822], [-42.66417, -19.52829], [-42.66416, -19.52842], [-42.66409, -19.52849], [-42.66395, -19.52849], [-42.66388, -19.52842], [-42.66388, -19.52828], [-42.66395, -19.52822], [-42.6641, -19.52822], [-42.66417, -19.52822]], [[-42.66843, -19.52963], [-42.66843, -19.5297], [-42.66843, -19.52983], [-42.66835, -19.5299], [-42.66821, -19.5299], [-42.66814, -19.52983], [-42.66814, -19.52969], [-42.66822, -19.52963], [-42.66836, -19.52963], [-42.66843, -19.52963]], [[-42.66983, -19.53127], [-42.66984, -19.5312], [-42.66984, -19.53107], [-42.66991, -19.531], [-42.67005, -19.531], [-42.67012, -19.53114], [-42.67012, -19.53141], [-42.6699, -19.53154], [-42.66947, -19.53154], [-42.66919, -19.5314], [-42.66905, -19.53113], [-42.66891, -19.53099], [-42.66877, -19.53099], [-42.6687, -19.53085], [-42.6687, -19.53058], [-42.66885, -19.53045], [-42.66913, -19.53045], [-42.66927, -19.53052], [-42.66927, -19.53065], [-42.66934, -19.53072], [-42.66948, -19.53073], [-42.66955, -19.53086], [-42.66955, -19.53113], [-42.66962, -19.53127], [-42.66976, -19.53127], [-42.66983, -19.53127]], [[-42.67123, -19.53373], [-42.67123, -19.53359], [-42.67123, -19.53332], [-42.67109, -19.53312], [-42.67081, -19.53298], [-42.67067, -19.53277], [-42.67067, -19.5325], [-42.67082, -19.53237], [-42.6711, -19.53237], [-42.67125, -19.53244], [-42.67124, -19.53258], [-42.67131, -19.53264], [-42.67146, -19.53265], [-42.67152, -19.53292], [-42.67152, -19.53346], [-42.67144, -19.53373], [-42.6713, -19.53373], [-42.67123, -19.53373]], [[-42.68026, -19.54142], [-42.68026, -19.54136], [-42.68026, -19.54122], [-42.68004, -19.54115], [-42.67962, -19.54114], [-42.6794, -19.54107], [-42.67941, -19.54094], [-42.67948, -19.54087], [-42.67962, -19.54087], [-42.67977, -19.54074], [-42.67991, -19.54047], [-42.68006, -19.54034], [-42.6802, -19.54034], [-42.68027, -19.54048], [-42.68026, -19.54075], [-42.68033, -19.54088], [-42.68048, -19.54088], [-42.68055, -19.54102], [-42.68054, -19.54129], [-42.68047, -19.54143], [-42.68033, -19.54142], [-42.68026, -19.54142]], [[-42.6777, -19.54031], [-42.6777, -19.54037], [-42.6777, -19.54051], [-42.67755, -19.54058], [-42.67727, -19.54057], [-42.67713, -19.5405], [-42.67713, -19.54037], [-42.67727, -19.5403], [-42.67756, -19.54031], [-42.6777, -19.54031]], [[-42.67966, -19.54277], [-42.67959, -19.54277], [-42.67945, -19.54277], [-42.67938, -19.5427], [-42.67938, -19.54256], [-42.67945, -19.5425], [-42.6796, -19.5425], [-42.67967, -19.54257], [-42.67967, -19.5427], [-42.67966, -19.54277]], [[-42.67995, -19.54277], [-42.67995, -19.54284], [-42.67995, -19.54298], [-42.67987, -19.54304], [-42.67973, -19.54304], [-42.67966, -19.54297], [-42.67966, -19.54284], [-42.67974, -19.54277], [-42.67988, -19.54277], [-42.67995, -19.54277]]], [[[-42.67213, -19.53022], [-42.67221, -19.53022], [-42.67235, -19.53022], [-42.67242, -19.53049], [-42.67241, -19.53103], [-42.67248, -19.53131], [-42.67262, -19.53131], [-42.67269, -19.53124], [-42.67269, -19.53111], [-42.67276, -19.53104], [-42.67291, -19.53104], [-42.67298, -19.53091], [-42.67298, -19.53064], [-42.67313, -19.5305], [-42.67341, -19.53051], [-42.67356, -19.53044], [-42.67356, -19.5303], [-42.67363, -19.53024], [-42.67378, -19.53024], [-42.67385, -19.5301], [-42.67385, -19.52983], [-42.67364, -19.5297], [-42.67321, -19.52969], [-42.67293, -19.52955], [-42.67279, -19.52928], [-42.67265, -19.52914], [-42.67251, -19.52914], [-42.67243, -19.52921], [-42.67243, -19.52934], [-42.67236, -19.52941], [-42.67222, -19.52941], [-42.67214, -19.52961], [-42.67214, -19.53001], [-42.67213, -19.53022]]], [[[-42.673, -19.52942], [-42.67314, -19.52942], [-42.67343, -19.52942], [-42.67358, -19.52895], [-42.67359, -19.528], [-42.67353, -19.52753], [-42.67339, -19.52753], [-42.67331, -19.52786], [-42.6733, -19.52854], [-42.67322, -19.52888], [-42.67308, -19.52888], [-42.67301, -19.52901], [-42.673, -19.52928], [-42.673, -19.52942]]]]}}, {"type": "Feature", "properties": {"cota": 950}, "geometry": {"type": "MultiPolygon", "coordinates": [[[[-42.6765, -19.52459], [-42.6765, -19.52445], [-42.6765, -19.52418], [-42.67679, -19.52405], [-42.67736, -19.52406], [-42.67765, -19.52399], [-42.67765, -19.52386], [-42.67787, -19.52379], [-42.67829, -19.5238], [-42.67851, -19.52367], [-42.67851, -19.5234], [-42.67859, -19.52326], [-42.67873, -19.52326], [-42.6788, -19.52333], [-42.6788, -19.52347], [-42.67894, -19.52354], [-42.67923, -19.52354], [-42.67937, -19.52347], [-42.67937, -19.52334], [-42.6793, -19.52327], [-42.67916, -19.52327], [-42.67909, -19.5232], [-42.67909, -19.52306], [-42.6788, -19.52299], [-42.67823, -19.52299], [-42.67795, -19.52305], [-42.67795, -19.52319], [-42.67759, -19.52325], [-42.67687, -19.52324], [-42.67652, -19.5233], [-42.67651, -19.52344], [-42.67637, -19.5235], [-42.67608, -19.5235], [-42.67594, -19.52357], [-42.67594, -19.5237], [-42.67587, -19.52377], [-42.67572, -19.52377], [-42.67565, -19.52363], [-42.67566, -19.52336], [-42.67552, -19.52322], [-42.67523, -19.52322], [-42.67509, -19.52328], [-42.67509, -19.52342], [-42.67516, -19.52349], [-42.6753, -19.52349], [-42.67537, -19.52369], [-42.67536, -19.5241], [-42.67529, -19.5243], [-42.67515, -19.5243], [-42.67507, -19.52437], [-42.67507, -19.5245], [-42.67486, -19.52457], [-42.67443, -19.52456], [-42.67422, -19.52442], [-42.67422, -19.52415], [-42.67408, -19.52402], [-42.67379, -19.52401], [-42.67365, -19.52394], [-42.67365, -19.52381], [-42.67358, -19.52374], [-42.67344, -19.52374], [-42.67337, -19.52394], [-42.67336, -19.52435], [-42.6735, -19.52462], [-42.67378, -19.52476], [-42.67392, -19.52489], [-42.67392, -19.52503], [-42.67385, -19.5251], [-42.67371, -19.52509], [-42.67363, -19.52523], [-42.67363, -19.5255], [-42.67377, -19.52564], [-42.67406, -19.52564], [-42.6742, -19.52557], [-42.6742, -19.52544], [-42.67427, -19.52537], [-42.67442, -19.52537], [-42.67449, -19.52551], [-42.67448, -19.52578], [-42.67441, -19.52592], [-42.67427, -19.52591], [-42.67419, -19.52612], [-42.67419, -19.52652], [-42.67404, -19.52672], [-42.67375, -19.52672], [-42.67361, -19.52692], [-42.6736, -19.52733], [-42.67367, -19.52753], [-42.67381, -19.52753], [-42.67396, -19.52767], [-42.67409, -19.52794], [-42.67431, -19.52801], [-42.67459, -19.52788], [-42.67474, -19.52761], [-42.67475, -19.52721], [-42.67482, -19.527], [-42.67496, -19.52701], [-42.67504, -19.52694], [-42.67504, -19.5268], [-42.67518, -19.52674], [-42.67547, -19.52674], [-42.67561, -19.52688], [-42.6756, -19.52715], [-42.67575, -19.52729], [-42.67603, -19.52729], [-42.67617, -19.52722], [-42.67618, -19.52709], [-42.67611, -19.52702], [-42.67596, -19.52702], [-42.67589, -19.52688], [-42.6759, -19.52661], [-42.67597, -19.52648], [-42.67611, -19.52648], [-42.67619, -19.52641], [-42.67619, -19.52628], [-42.67605, -19.52621], [-42.67576, -19.5262], [-42.67562, -19.52593], [-42.67563, -19.52539], [-42.67556, -19.52512], [-42.67542, -19.52512], [-42.67535, -19.52498], [-42.67535, -19.52471], [-42.67564, -19.52458], [-42.67621, -19.52458], [-42.6765, -19.52459]], [[-42.67561, -19.52647], [-42.67547, -19.52647], [-42.67519, -19.52647], [-42.67504, -19.5264], [-42.67505, -19.52626], [-42.67519, -19.5262], [-42.67548, -19.5262], [-42.67562, -19.52627], [-42.67562, -19.5264], [-42.67561, -19.52647]]], [[[-42.68257, -19.53902], [-42.68258, -19.53895], [-42.68258, -19.53881], [-42.68244, -19.53874], [-42.68215, -19.53874], [-42.68201, -19.53881], [-42.682, -19.53894], [-42.68186, -19.53901], [-42.68157, -19.539], [-42.68143, -19.53907], [-42.68143, -19.5392], [-42.68121, -19.53927], [-42.68079, -19.53926], [-42.68057, -19.53933], [-42.68057, -19.53946], [-42.68042, -19.53953], [-42.68014, -19.53953], [-42.68, -19.53959], [-42.67999, -19.53973], [-42.67935, -19.53979], [-42.67807, -19.53977], [-42.67742, -19.53969], [-42.67743, -19.53956], [-42.67728, -19.53949], [-42.677, -19.53949], [-42.67679, -19.53935], [-42.67665, -19.53908], [-42.67644, -19.53887], [-42.67615, -19.53873], [-42.67601, -19.53853], [-42.67602, -19.53825], [-42.67588, -19.53812], [-42.67559, -19.53811], [-42.67545, -19.53798], [-42.67545, -19.53771], [-42.67538, -19.53757], [-42.67524, -19.53757], [-42.67517, -19.5375], [-42.67517, -19.53736], [-42.67503, -19.53729], [-42.67475, -19.53729], [-42.6746, -19.53722], [-42.67461, -19.53709], [-42.67446, -19.53695], [-42.67418, -19.53681], [-42.67404, -19.53667], [-42.67404, -19.53654], [-42.6739, -19.53647], [-42.67361, -19.53646], [-42.67347, -19.53639], [-42.67348, -19.53626], [-42.67333, -19.53619], [-42.67305, -19.53619], [-42.67291, -19.53612], [-42.67291, -19.53598], [-42.67284, -19.53591], [-42.67269, -19.53591], [-42.67263, -19.53577], [-42.67263, -19.5355], [-42.67256, -19.53537], [-42.67242, -19.53537], [-42.67235, -19.53516], [-42.67235, -19.53476], [-42.67229, -19.53455], [-42.67214, -19.53455], [-42.67207, -19.53441], [-42.67208, -19.53414], [-42.67215, -19.53401], [-42.67229, -19.53401], [-42.67237, -19.53388], [-42.67237, -19.53361], [-42.6723, -19.53347], [-42.67216, -19.53347], [-42.67209, -19.53333], [-42.67209, -19.53306], [-42.67217, -19.53293], [-42.67231, -19.53293], [-42.67239, -19.53252], [-42.6724, -19.53171], [-42.67233, -19.5313], [-42.67219, -19.5313], [-42.67205, -19.53103], [-42.67192, -19.53049], [-42.67178, -19.53021], [-42.67163, -19.53021], [-42.67156, -19.53008], [-42.67157, -19.5298], [-42.6715, -19.52967], [-42.67136, -19.52967], [-42.67129, -19.5296], [-42.67129, -19.52946], [-42.67115, -19.52933], [-42.67086, -19.52919], [-42.67072, -19.52905], [-42.67072, -19.52891], [-42.67065, -19.52885], [-42.67051, -19.52884], [-42.67044, -19.52877], [-42.67044, -19.52864], [-42.6703, -19.52857], [-42.67002, -19.52857], [-42.66987, -19.5285], [-42.66988, -19.52836], [-42.66981, -19.52829], [-42.66966, -19.52829], [-42.66959, -19.52822], [-42.66959, -19.52809], [-42.66945, -19.52795], [-42.66917, -19.52781], [-42.66903, -19.52767], [-42.66903, -19.52754], [-42.66882, -19.52747], [-42.66839, -19.52746], [-42.66818, -19.52739], [-42.66818, -19.52726], [-42.66797, -19.52719], [-42.66754, -19.52718], [-42.66732, -19.52711], [-42.66733, -19.52697], [-42.66711, -19.5269], [-42.66668, -19.5269], [-42.66647, -19.52683], [-42.66647, -19.52669], [-42.66626, -19.52662], [-42.66583, -19.52662], [-42.66562, -19.52655], [-42.66562, -19.52641], [-42.66541, -19.52634], [-42.66498, -19.52634], [-42.66477, -19.52626], [-42.66477, -19.52613], [-42.66455, -19.52606], [-42.66413, -19.52605], [-42.66391, -19.52612], [-42.66391, -19.52625], [-42.66369, -19.52632], [-42.66327, -19.52631], [-42.66305, -19.52624], [-42.66305, -19.52611], [-42.66277, -19.52604], [-42.6622, -19.52603], [-42.66191, -19.52636], [-42.6619, -19.52704], [-42.66225, -19.52738], [-42.66296, -19.52739], [-42.66332, -19.52746], [-42.66332, -19.5276], [-42.66346, -19.52767], [-42.66375, -19.52767], [-42.66389, -19.52774], [-42.66389, -19.52788], [-42.66346, -19.52794], [-42.6626, -19.52793], [-42.66217, -19.52786], [-42.66217, -19.52772], [-42.6621, -19.52765], [-42.66196, -19.52765], [-42.66188, -19.52812], [-42.66187, -19.52907], [-42.66201, -19.52955], [-42.66229, -19.52955], [-42.66244, -19.52948], [-42.66244, -19.52935], [-42.66265, -19.52928], [-42.66308, -19.52929], [-42.66337, -19.52916], [-42.66351, -19.52889], [-42.66373, -19.52876], [-42.66402, -19.52876], [-42.66408, -19.52903], [-42.66393, -19.52957], [-42.66414, -19.52984], [-42.66471, -19.52985], [-42.665, -19.52979], [-42.665, -19.52965], [-42.66486, -19.52958], [-42.66458, -19.52958], [-42.66443, -19.52951], [-42.66444, -19.52937], [-42.66451, -19.52931], [-42.66465, -19.52931], [-42.66472, -19.52924], [-42.66473, -19.52911], [-42.66465, -19.52904], [-42.66451, -19.52904], [-42.66444, -19.5289], [-42.66445, -19.52863], [-42.66459, -19.52843], [-42.66488, -19.5283], [-42.66502, -19.52816], [-42.66503, -19.52803], [-42.66517, -19.52803], [-42.66545, -19.52817], [-42.66559, -19.52837], [-42.66559, -19.52864], [-42.66552, -19.52878], [-42.66537, -19.52878], [-42.6653, -19.52898], [-42.66529, -19.52939], [-42.66536, -19.52959], [-42.6655, -19.52959], [-42.66557, -19.52966], [-42.66557, -19.52979], [-42.6655, -19.52986], [-42.66536, -19.52986], [-42.66528, -19.52993], [-42.66528, -19.53006], [-42.66542, -19.5302], [-42.66571, -19.53034], [-42.66585, -19.53048], [-42.66585, -19.53061], [-42.66599, -19.53068], [-42.66627, -19.53068], [-42.66649, -19.53082], [-42.66662, -19.53109], [-42.66684, -19.53123], [-42.66712, -19.53124], [-42.66733, -19.53137], [-42.66747, -19.53165], [-42.66761, -19.53178], [-42.66776, -19.53179], [-42.66783, -19.53185], [-42.66782, -19.53199], [-42.66797, -19.53213], [-42.66825, -19.53227], [-42.66839, -19.53247], [-42.66839, -19.53274], [-42.66845, -19.53288], [-42.6686, -19.53288], [-42.66867, -19.53295], [-42.66867, -19.53308], [-42.66881, -19.53315], [-42.66909, -19.53316], [-42.66923, -19.53329], [-42.66923, -19.53356], [-42.66909, -19.5337], [-42.6688, -19.53369], [-42.66866, -19.53376], [-42.66865, -19.5339], [-42.6688, -19.53397], [-42.66908, -19.53397], [-42.66922, -19.53404], [-42.66922, -19.53417], [-42.66893, -19.53431], [-42.66836, -19.53443], [-42.66814, -19.53477], [-42.66828, -19.53531], [-42.66849, -19.53559], [-42.66877, -19.53559], [-42.66891, -19.53566], [-42.66891, -19.53579], [-42.66898, -19.53586], [-42.66913, -19.53586], [-42.66927, -19.536], [-42.66941, -19.53627], [-42.66969, -19.53641], [-42.67012, -19.53642], [-42.67033, -19.53656], [-42.67033, -19.53683], [-42.67047, -19.5369], [-42.67075, -19.53677], [-42.6709, -19.53656], [-42.6709, -19.53629], [-42.67105, -19.53623], [-42.67133, -19.53637], [-42.67147, -19.5365], [-42.67147, -19.53664], [-42.6714, -19.53671], [-42.67126, -19.5367], [-42.67118, -19.53684], [-42.67118, -19.53711], [-42.67125, -19.53725], [-42.67139, -19.53725], [-42.67146, -19.53732], [-42.67146, -19.53745], [-42.67139, -19.53752], [-42.67124, -19.53752], [-42.67117, -19.53772], [-42.67116, -19.53812], [-42.67137, -19.53833], [-42.6718, -19.53834], [-42.67201, -19.53854], [-42.67201, -19.53895], [-42.67208, -19.53915], [-42.67222, -19.53915], [-42.67229, -19.53929], [-42.67229, -19.53956], [-42.67235, -19.5397], [-42.6725, -19.5397], [-42.67256, -19.54011], [-42.67255, -19.54092], [-42.67262, -19.54132], [-42.67276, -19.54133], [-42.67283, -19.5414], [-42.67283, -19.54153], [-42.67297, -19.5416], [-42.67326, -19.5416], [-42.6734, -19.54174], [-42.67339, -19.54201], [-42.67346, -19.54215], [-42.6736, -19.54215], [-42.67375, -19.54229], [-42.67388, -19.54256], [-42.67424, -19.5427], [-42.67481, -19.54271], [-42.6751, -19.54278], [-42.67509, -19.54291], [-42.67524, -19.54292], [-42.67552, -19.54278], [-42.67567, -19.54279], [-42.67566, -19.54292], [-42.67573, -19.54299], [-42.67588, -19.54299], [-42.67595, -19.54313], [-42.67594, -19.5434], [-42.67601, -19.54353], [-42.67616, -19.54354], [-42.67623, -19.5436], [-42.67622, -19.54374], [-42.67637, -19.54381], [-42.67665, -19.54381], [-42.67686, -19.54395], [-42.677, -19.54422], [-42.67721, -19.54436], [-42.6775, -19.54437], [-42.67764, -19.54444], [-42.67764, -19.54457], [-42.67778, -19.54464], [-42.67807, -19.54464], [-42.67821, -19.54471], [-42.67821, -19.54485], [-42.67849, -19.54492], [-42.67906, -19.54493], [-42.67935, -19.54486], [-42.67935, -19.54473], [-42.67942, -19.54466], [-42.67957, -19.54466], [-42.67964, -19.54473], [-42.67963, -19.54487], [-42.67978, -19.54494], [-42.68006, -19.54494], [-42.6802, -19.54501], [-42.6802, -19.54515], [-42.68027, -19.54521], [-42.68042, -19.54522], [-42.68049, -19.54501], [-42.6805, -19.54461], [-42.68043, -19.5444], [-42.68028, -19.5444], [-42.68029, -19.54427], [-42.68043, -19.544], [-42.68043, -19.54386], [-42.68029, -19.54386], [-42.68022, -19.54379], [-42.68022, -19.54366], [-42.68037, -19.54359], [-42.68065, -19.54359], [-42.6808, -19.54326], [-42.68081, -19.54258], [-42.68089, -19.54224], [-42.68103, -19.54225], [-42.6811, -19.54245], [-42.68109, -19.54286], [-42.68116, -19.54306], [-42.6813, -19.54306], [-42.68138, -19.54286], [-42.68138, -19.54245], [-42.68153, -19.54225], [-42.68181, -19.54226], [-42.68196, -19.54219], [-42.68196, -19.54205], [-42.68225, -19.54199], [-42.68282, -19.542], [-42.68318, -19.54187], [-42.68332, -19.5416], [-42.68354, -19.54147], [-42.68382, -19.54147], [-42.68397, -19.5414], [-42.68397, -19.54127], [-42.68404, -19.5412], [-42.68418, -19.5412], [-42.68426, -19.54107], [-42.68426, -19.5408], [-42.68434, -19.54066], [-42.68448, -19.54066], [-42.68462, -19.54053], [-42.68477, -19.54026], [-42.68498, -19.5402], [-42.68527, -19.54034], [-42.68541, -19.5402], [-42.68542, -19.5398], [-42.68549, -19.5396], [-42.68564, -19.5396], [-42.68571, -19.53967], [-42.6857, -19.5398], [-42.68592, -19.53987], [-42.68635, -19.53988], [-42.68656, -19.53981], [-42.68656, -19.53968], [-42.68671, -19.53961], [-42.68699, -19.53961], [-42.68713, -19.53968], [-42.68713, -19.53982], [-42.6872, -19.53989], [-42.68735, -19.53989], [-42.68742, -19.53935], [-42.68744, -19.53827], [-42.6873, -19.53779], [-42.68702, -19.53792], [-42.68687, -19.53785], [-42.68688, -19.53758], [-42.68652, -19.53744], [-42.68581, -19.53743], [-42.68545, -19.5375], [-42.68545, -19.53763], [-42.68531, -19.5377], [-42.68502, -19.53769], [-42.68488, -19.53776], [-42.68487, -19.53789], [-42.68473, -19.53796], [-42.68445, -19.53796], [-42.6843, -19.53802], [-42.6843, -19.53816], [-42.68416, -19.53822], [-42.68387, -19.53822], [-42.68373, -19.53829], [-42.68372, -19.53842], [-42.68351, -19.53849], [-42.68308, -19.53848], [-42.68287, -19.53855], [-42.68286, -19.53868], [-42.68301, -19.53875], [-42.68329, -19.53875], [-42.68343, -19.53882], [-42.68343, -19.53896], [-42.68336, -19.53903], [-42.68322, -19.53902], [-42.68314, -19.53916], [-42.68314, -19.53943], [-42.68278, -19.53956], [-42.68207, -19.53955], [-42.68171, -19.53948], [-42.68171, -19.53934], [-42.68186, -19.53928], [-42.68214, -19.53928], [-42.68229, -19.53922], [-42.68229, -19.53908], [-42.68236, -19.53901], [-42.6825, -19.53902], [-42.68257, -19.53902]], [[-42.66532, -19.52769], [-42.66539, -19.52769], [-42.66553, -19.5277], [-42.6656, -19.52776], [-42.6656, -19.5279], [-42.66553, -19.52797], [-42.66538, -19.52796], [-42.66531, -19.5279], [-42.66532, -19.52776], [-42.66532, -19.52769]], [[-42.67821, -19.54438], [-42.67829, -19.54438], [-42.67843, -19.54438], [-42.6785, -19.54445], [-42.6785, -19.54458], [-42.67842, -19.54465], [-42.67828, -19.54465], [-42.67821, -19.54458], [-42.67821, -19.54444], [-42.67821, -19.54438]], [[-42.68516, -19.53824], [-42.68508, -19.53837], [-42.68494, -19.53864], [-42.68465, -19.53877], [-42.68422, -19.53877], [-42.68408, -19.53863], [-42.68423, -19.53836], [-42.68451, -19.53823], [-42.68494, -19.53823], [-42.68516, -19.53824]], [[-42.68171, -19.53982], [-42.68156, -19.53982], [-42.68128, -19.53981], [-42.68114, -19.53974], [-42.68114, -19.53961], [-42.68128, -19.53954], [-42.68157, -19.53954], [-42.68171, -19.53961], [-42.68171, -19.53975], [-42.68171, -19.53982]], [[-42.66816, -19.52854], [-42.66816, -19.52847], [-42.66816, -19.52834], [-42.66824, -19.52827], [-42.66838, -19.52827], [-42.66845, -19.52848], [-42.66844, -19.52888], [-42.66829, -19.52909], [-42.66801, -19.52908], [-42.66787, -19.52894], [-42.66787, -19.52867], [-42.66795, -19.52854], [-42.66809, -19.52854], [-42.66816, -19.52854]], [[-42.66417, -19.52822], [-42.66417, -19.52829], [-42.66416, -19.52842], [-42.66409, -19.52849], [-42.66395, -19.52849], [-42.66388, -19.52842], [-42.66388, -19.52828], [-42.66395, -19.52822], [-42.6641, -19.52822], [-42.66417, -19.52822]], [[-42.66843, -19.52963], [-42.66843, -19.5297], [-42.66843, -19.52983], [-42.66835, -19.5299], [-42.66821, -19.5299], [-42.66814, -19.52983], [-42.66814, -19.52969], [-42.66822, -19.52963], [-42.66836, -19.52963], [-42.66843, -19.52963]], [[-42.6687, -19.53044], [-42.66885, -19.53045], [-42.66913, -19.53045], [-42.66927, -19.53065], [-42.66927, -19.53106], [-42.66912, -19.53119], [-42.66884, -19.53106], [-42.6687, -19.53085], [-42.6687, -19.53058], [-42.6687, -19.53044]], [[-42.66983, -19.53127], [-42.66983, -19.53134], [-42.66983, -19.53147], [-42.66969, -19.53154], [-42.6694, -19.53154], [-42.66926, -19.53147], [-42.66926, -19.53133], [-42.66941, -19.53127], [-42.66969, -19.53127], [-42.66983, -19.53127]], [[-42.67123, -19.53346], [-42.67123, -19.53339], [-42.67123, -19.53325], [-42.67109, -19.53312], [-42.67081, -19.53298], [-42.67067, -19.53277], [-42.67067, -19.5325], [-42.67082, -19.53237], [-42.6711, -19.53237], [-42.67125, -19.53244], [-42.67124, -19.53258], [-42.67131, -19.53264], [-42.67146, -19.53265], [-42.67152, -19.53285], [-42.67152, -19.53326], [-42.67144, -19.53346], [-42.6713, -19.53346], [-42.67123, -19.53346]], [[-42.67091, -19.53562], [-42.67091, -19.53568], [-42.67091, -19.53582], [-42.67084, -19.53589], [-42.6707, -19.53589], [-42.67063, -19.53582], [-42.67063, -19.53568], [-42.6707, -19.53561], [-42.67084, -19.53562], [-42.67091, -19.53562]], [[-42.67742, -19.5403], [-42.67741, -19.54037], [-42.67741, -19.54051], [-42.67734, -19.54057], [-42.6772, -19.54057], [-42.67713, -19.5405], [-42.67713, -19.54037], [-42.6772, -19.5403], [-42.67734, -19.5403], [-42.67742, -19.5403]], [[-42.6794, -19.54114], [-42.6794, -19.54107], [-42.67941, -19.54094], [-42.67955, -19.54087], [-42.67983, -19.54088], [-42.67998, -19.54081], [-42.67998, -19.54067], [-42.68012, -19.54068], [-42.68041, -19.54082], [-42.68055, -19.54095], [-42.68055, -19.54109], [-42.68026, -19.54115], [-42.67969, -19.54115], [-42.6794, -19.54114]], [[-42.67967, -19.5425], [-42.67967, -19.54257], [-42.67967, -19.5427], [-42.67959, -19.54277], [-42.67945, -19.54277], [-42.67938, -19.5427], [-42.67938, -19.54256], [-42.67945, -19.5425], [-42.6796, -19.5425], [-42.67967, -19.5425]], [[-42.67878, -19.54438], [-42.67879, -19.54425], [-42.67879, -19.54398], [-42.67901, -19.54384], [-42.67943, -19.54385], [-42.67965, -19.54392], [-42.67965, -19.54405], [-42.6795, -19.54412], [-42.67922, -19.54412], [-42.67907, -19.54418], [-42.67907, -19.54432], [-42.679, -19.54439], [-42.67886, -19.54438], [-42.67878, -19.54438]]], [[[-42.6733, -19.52888], [-42.67301, -19.52901], [-42.67243, -19.52927], [-42.67214, -19.52961], [-42.67214, -19.53001], [-42.67221, -19.53022], [-42.67235, -19.53022], [-42.67242, -19.53049], [-42.67241, -19.53103], [-42.67255, -19.53124], [-42.67283, -19.53111], [-42.67298, -19.53091], [-42.67298, -19.53064], [-42.67313, -19.5305], [-42.67341, -19.53051], [-42.67356, -19.53044], [-42.67356, -19.5303], [-42.67363, -19.53024], [-42.67378, -19.53024], [-42.67385, -19.53004], [-42.67386, -19.52963], [-42.67379, -19.52943], [-42.67364, -19.52943], [-42.67358, -19.52895], [-42.67359, -19.528], [-42.67353, -19.52753], [-42.67339, -19.52753], [-42.67331, -19.52786], [-42.6733, -19.52854], [-42.6733, -19.52888]], [[-42.67357, -19.52969], [-42.6735, -19.52969], [-42.67335, -19.52969], [-42.67328, -19.52962], [-42.67329, -19.52949], [-42.67336, -19.52942], [-42.6735, -19.52942], [-42.67357, -19.52949], [-42.67357, -19.52963], [-42.67357, -19.52969]]]]}}, {"type": "Feature", "properties": {"cota": 1000}, "geometry": {"type": "MultiPolygon", "coordinates": [[[[-42.6733, -19.52888], [-42.67301, -19.52901], [-42.67243, -19.52927], [-42.67214, -19.52961], [-42.67214, -19.53001], [-42.67221, -19.53022], [-42.67235, -19.53022], [-42.67242, -19.53042], [-42.67241, -19.53083], [-42.67234, -19.53103], [-42.67219, -19.53103], [-42.67212, -19.53089], [-42.67213, -19.53062], [-42.67199, -19.53042], [-42.6717, -19.53028], [-42.67156, -19.53008], [-42.67157, -19.5298], [-42.6715, -19.52967], [-42.67136, -19.52967], [-42.67129, -19.5296], [-42.67129, -19.52946], [-42.67115, -19.52933], [-42.67086, -19.52919], [-42.67072, -19.52905], [-42.67072, -19.52891], [-42.67065, -19.52885], [-42.67051, -19.52884], [-42.67044, -19.52877], [-42.67044, -19.52864], [-42.67037, -19.52857], [-42.67023, -19.52857], [-42.67009, -19.52843], [-42.66995, -19.52816], [-42.66974, -19.52802], [-42.66945, -19.52802], [-42.66924, -19.52788], [-42.6691, -19.52761], [-42.66889, -19.52747], [-42.6686, -19.52746], [-42.66846, -19.5274], [-42.66846, -19.52726], [-42.66818, -19.52719], [-42.66761, -19.52718], [-42.66732, -19.52711], [-42.66733, -19.52697], [-42.66711, -19.5269], [-42.66668, -19.5269], [-42.66647, -19.52683], [-42.66647, -19.52669], [-42.66626, -19.52662], [-42.66583, -19.52662], [-42.66562, -19.52655], [-42.66562, -19.52641], [-42.66541, -19.52634], [-42.66498, -19.52634], [-42.66477, -19.52626], [-42.66477, -19.52613], [-42.66448, -19.52606], [-42.66391, -19.52605], [-42.66363, -19.52611], [-42.66362, -19.52625], [-42.66355, -19.52632], [-42.66341, -19.52631], [-42.66334, -19.52625], [-42.66334, -19.52611], [-42.66298, -19.52604], [-42.66227, -19.52603], [-42.66191, -19.52636], [-42.6619, -19.52704], [-42.66225, -19.52738], [-42.66296, -19.52739], [-42.66332, -19.52746], [-42.66332, -19.5276], [-42.66339, -19.52767], [-42.66353, -19.52767], [-42.6636, -19.52774], [-42.6636, -19.52787], [-42.66324, -19.52794], [-42.66253, -19.52793], [-42.66217, -19.52786], [-42.66217, -19.52772], [-42.6621, -19.52765], [-42.66196, -19.52765], [-42.66188, -19.52812], [-42.66187, -19.52907], [-42.66215, -19.52962], [-42.66272, -19.52976], [-42.66293, -19.52969], [-42.66279, -19.52942], [-42.66294, -19.52929], [-42.66337, -19.52929], [-42.66358, -19.52916], [-42.66359, -19.52889], [-42.66373, -19.52876], [-42.66402, -19.52876], [-42.66416, -19.5289], [-42.66415, -19.52917], [-42.66401, -19.52937], [-42.66372, -19.5295], [-42.66357, -19.5297], [-42.66357, -19.52997], [-42.66364, -19.53011], [-42.66378, -19.53011], [-42.66385, -19.53004], [-42.66386, -19.52991], [-42.664, -19.52991], [-42.66428, -19.53005], [-42.66443, -19.53005], [-42.66443, -19.52992], [-42.66457, -19.52985], [-42.66486, -19.52985], [-42.665, -19.52979], [-42.665, -19.52965], [-42.66493, -19.52958], [-42.66479, -19.52958], [-42.66472, -19.52945], [-42.66472, -19.52917], [-42.66487, -19.52904], [-42.66515, -19.52904], [-42.6653, -19.52918], [-42.66529, -19.52945], [-42.66536, -19.52959], [-42.6655, -19.52959], [-42.66557, -19.52966], [-42.66557, -19.52979], [-42.6655, -19.52986], [-42.66536, -19.52986], [-42.66528, -19.52999], [-42.66528, -19.53026], [-42.66535, -19.5304], [-42.66549, -19.5304], [-42.66556, -19.53047], [-42.66556, -19.53061], [-42.6657, -19.53068], [-42.66599, -19.53068], [-42.66613, -19.53075], [-42.66613, -19.53089], [-42.66627, -19.53095], [-42.66655, -19.53096], [-42.6667, -19.53103], [-42.66669, -19.53116], [-42.66684, -19.53123], [-42.66712, -19.53124], [-42.66733, -19.53137], [-42.66747, -19.53165], [-42.66761, -19.53178], [-42.66776, -19.53179], [-42.66783, -19.53185], [-42.66782, -19.53199], [-42.66797, -19.53213], [-42.66825, -19.53227], [-42.66839, -19.53247], [-42.66839, -19.53274], [-42.66853, -19.53295], [-42.66881, -19.53309], [-42.66895, -19.53329], [-42.66894, -19.53356], [-42.66887, -19.5337], [-42.66873, -19.53369], [-42.66866, -19.53376], [-42.66865, -19.5339], [-42.6688, -19.53397], [-42.66908, -19.53397], [-42.66922, -19.53404], [-42.66922, -19.53417], [-42.66893, -19.53431], [-42.66836, -19.53443], [-42.66807, -19.5347], [-42.66807, -19.53511], [-42.66813, -19.53531], [-42.66828, -19.53531], [-42.66842, -19.53545], [-42.66856, -19.53572], [-42.66877, -19.53586], [-42.66905, -19.53586], [-42.66927, -19.536], [-42.66941, -19.53627], [-42.66962, -19.53641], [-42.6699, -19.53642], [-42.67012, -19.53655], [-42.67025, -19.53683], [-42.67047, -19.53703], [-42.67075, -19.53717], [-42.67089, -19.53744], [-42.67088, -19.53785], [-42.67116, -19.53819], [-42.67173, -19.53847], [-42.67208, -19.53888], [-42.67222, -19.53942], [-42.67235, -19.5397], [-42.6725, -19.5397], [-42.67256, -19.54011], [-42.67255, -19.54092], [-42.67262, -19.54132], [-42.67276, -19.54133], [-42.6729, -19.54146], [-42.67304, -19.54174], [-42.67318, -19.54187], [-42.67332, -19.54188], [-42.67339, -19.54194], [-42.67339, -19.54208], [-42.67346, -19.54215], [-42.6736, -19.54215], [-42.67375, -19.54229], [-42.67388, -19.54256], [-42.67417, -19.5427], [-42.6746, -19.5427], [-42.67481, -19.54277], [-42.67481, -19.54291], [-42.67495, -19.54298], [-42.67523, -19.54298], [-42.67538, -19.54292], [-42.67538, -19.54278], [-42.67545, -19.54272], [-42.6756, -19.54272], [-42.67567, -19.54279], [-42.67566, -19.54292], [-42.67573, -19.54299], [-42.67588, -19.54299], [-42.67595, -19.54313], [-42.67594, -19.5434], [-42.67608, -19.5436], [-42.67637, -19.54374], [-42.67651, -19.54388], [-42.67651, -19.54401], [-42.67679, -19.54415], [-42.67736, -19.5443], [-42.67764, -19.54444], [-42.67764, -19.54457], [-42.67778, -19.54464], [-42.67807, -19.54464], [-42.67821, -19.54471], [-42.67821, -19.54485], [-42.67871, -19.54492], [-42.67971, -19.54494], [-42.6802, -19.54501], [-42.6802, -19.54515], [-42.68027, -19.54521], [-42.68042, -19.54522], [-42.68049, -19.54501], [-42.6805, -19.54461], [-42.68043, -19.5444], [-42.68028, -19.5444], [-42.68021, -19.54433], [-42.68022, -19.5442], [-42.68029, -19.54413], [-42.68043, -19.54413], [-42.6805, -19.54407], [-42.6805, -19.54393], [-42.68072, -19.54387], [-42.68115, -19.54387], [-42.68136, -19.54381], [-42.68137, -19.54367], [-42.68151, -19.54361], [-42.68179, -19.54361], [-42.68194, -19.54354], [-42.68194, -19.54341], [-42.6818, -19.54334], [-42.68151, -19.54333], [-42.68137, -19.5432], [-42.68138, -19.54293], [-42.68145, -19.54279], [-42.68159, -19.54279], [-42.68159, -19.54266], [-42.68146, -19.54239], [-42.68153, -19.54225], [-42.68181, -19.54226], [-42.68196, -19.54219], [-42.68196, -19.54205], [-42.68225, -19.54199], [-42.68282, -19.542], [-42.68318, -19.54187], [-42.68332, -19.5416], [-42.68354, -19.54147], [-42.68382, -19.54147], [-42.68397, -19.5414], [-42.68397, -19.54127], [-42.68404, -19.5412], [-42.68418, -19.5412], [-42.68426, -19.54107], [-42.68426, -19.5408], [-42.68434, -19.54066], [-42.68448, -19.54066], [-42.68455, -19.5406], [-42.68455, -19.54046], [-42.68484, -19.5404], [-42.68541, -19.54041], [-42.6857, -19.54034], [-42.6857, -19.54021], [-42.68563, -19.54014], [-42.68549, -19.54014], [-42.68542, -19.54], [-42.68542, -19.53973], [-42.68549, -19.5396], [-42.68564, -19.5396], [-42.68571, -19.53967], [-42.6857, -19.5398], [-42.68592, -19.53987], [-42.68635, -19.53988], [-42.68656, -19.53981], [-42.68656, -19.53968], [-42.68671, -19.53961], [-42.68699, -19.53961], [-42.68706, -19.53989], [-42.68691, -19.54043], [-42.68698, -19.5407], [-42.68726, -19.5407], [-42.68742, -19.53996], [-42.68744, -19.53847], [-42.6873, -19.53772], [-42.68702, -19.53772], [-42.68688, -19.53765], [-42.68688, -19.53751], [-42.68652, -19.53744], [-42.68581, -19.53743], [-42.68545, -19.5375], [-42.68545, -19.53763], [-42.68531, -19.5377], [-42.68502, -19.53769], [-42.68488, -19.53776], [-42.68487, -19.53789], [-42.68473, -19.53796], [-42.68445, -19.53796], [-42.6843, -19.53802], [-42.6843, -19.53816], [-42.68416, -19.53822], [-42.68387, -19.53822], [-42.68373, -19.53829], [-42.68372, -19.53842], [-42.68351, -19.53849], [-42.68308, -19.53848], [-42.68287, -19.53855], [-42.68286, -19.53868], [-42.68301, -19.53875], [-42.68329, -19.53875], [-42.68343, -19.53882], [-42.68343, -19.53896], [-42.68336, -19.53903], [-42.68322, -19.53902], [-42.68314, -19.53916], [-42.68314, -19.53943], [-42.68299, -19.53956], [-42.68271, -19.53956], [-42.68257, -19.53949], [-42.68257, -19.53935], [-42.6825, -19.53929], [-42.68236, -19.53928], [-42.68236, -19.53915], [-42.6825, -19.53888], [-42.68236, -19.53874], [-42.68194, -19.53874], [-42.68165, -19.53887], [-42.6815, -19.53914], [-42.68121, -19.53927], [-42.68079, -19.53926], [-42.68057, -19.53933], [-42.68057, -19.53946], [-42.68042, -19.53953], [-42.68014, -19.53953], [-42.68, -19.53959], [-42.67999, -19.53973], [-42.67942, -19.53979], [-42.67828, -19.53977], [-42.67771, -19.5397], [-42.67771, -19.53956], [-42.6775, -19.53949], [-42.67707, -19.53949], [-42.67679, -19.53935], [-42.67665, -19.53908], [-42.67644, -19.53887], [-42.67615, -19.53873], [-42.67601, -19.53853], [-42.67602, -19.53825], [-42.67595, -19.53812], [-42.6758, -19.53812], [-42.67566, -19.53798], [-42.67552, -19.53771], [-42.67538, -19.53757], [-42.67524, -19.53757], [-42.6751, -19.53743], [-42.67496, -19.53716], [-42.67475, -19.53702], [-42.67446, -19.53702], [-42.67425, -19.53688], [-42.67411, -19.53661], [-42.6739, -19.53647], [-42.67361, -19.53646], [-42.67347, -19.53639], [-42.67348, -19.53626], [-42.6734, -19.53619], [-42.67326, -19.53619], [-42.67319, -19.53612], [-42.67319, -19.53598], [-42.67305, -19.53585], [-42.67277, -19.53571], [-42.67263, -19.5355], [-42.67263, -19.53523], [-42.67256, -19.5351], [-42.67242, -19.5351], [-42.67235, -19.53489], [-42.67236, -19.53449], [-42.67229, -19.53428], [-42.67215, -19.53428], [-42.67208, -19.53421], [-42.67208, -19.53408], [-42.67215, -19.53401], [-42.67229, -19.53401], [-42.67237, -19.53388], [-42.67237, -19.53361], [-42.6723, -19.53347], [-42.67216, -19.53347], [-42.67209, -19.5334], [-42.67209, -19.53326], [-42.67216, -19.5332], [-42.67231, -19.5332], [-42.67238, -19.53273], [-42.6724, -19.53178], [-42.67255, -19.53124], [-42.67283, -19.53111], [-42.67298, -19.53091], [-42.67298, -19.53064], [-42.6732, -19.5305], [-42.67363, -19.53051], [-42.67385, -19.53024], [-42.67385, -19.5297], [-42.67379, -19.52943], [-42.67364, -19.52943], [-42.67358, -19.52895], [-42.67359, -19.528], [-42.67353, -19.52753], [-42.67339, -19.52753], [-42.67331, -19.52786], [-42.6733, -19.52854], [-42.6733, -19.52888]], [[-42.66444, -19.52904], [-42.66444, -19.52897], [-42.66444, -19.52883], [-42.66452, -19.52877], [-42.66466, -19.52877], [-42.66473, -19.52884], [-42.66473, -19.52897], [-42.66465, -19.52904], [-42.66451, -19.52904], [-42.66444, -19.52904]], [[-42.67821, -19.54438], [-42.67829, -19.54438], [-42.67843, -19.54438], [-42.6785, -19.54445], [-42.6785, -19.54458], [-42.67842, -19.54465], [-42.67828, -19.54465], [-42.67821, -19.54458], [-42.67821, -19.54444], [-42.67821, -19.54438]], [[-42.68516, -19.53824], [-42.68508, -19.53837], [-42.68494, -19.53864], [-42.68465, -19.53877], [-42.68422, -19.53877], [-42.68408, -19.53863], [-42.68423, -19.53836], [-42.68451, -19.53823], [-42.68494, -19.53823], [-42.68516, -19.53824]], [[-42.68228, -19.53955], [-42.68214, -19.53955], [-42.68185, -19.53955], [-42.68171, -19.53948], [-42.68171, -19.53934], [-42.68186, -19.53928], [-42.68214, -19.53928], [-42.68228, -19.53935], [-42.68228, -19.53949], [-42.68228, -19.53955]], [[-42.68171, -19.53982], [-42.68156, -19.53982], [-42.68128, -19.53981], [-42.68114, -19.53974], [-42.68114, -19.53961], [-42.68128, -19.53954], [-42.68157, -19.53954], [-42.68171, -19.53961], [-42.68171, -19.53975], [-42.68171, -19.53982]], [[-42.67357, -19.52969], [-42.6735, -19.52969], [-42.67335, -19.52969], [-42.67328, -19.52962], [-42.67329, -19.52949], [-42.67336, -19.52942], [-42.6735, -19.52942], [-42.67357, -19.52949], [-42.67357, -19.52963], [-42.67357, -19.52969]], [[-42.66532, -19.52769], [-42.66539, -19.52769], [-42.66553, -19.5277], [-42.6656, -19.52776], [-42.6656, -19.5279], [-42.66553, -19.52797], [-42.66538, -19.52796], [-42.66531, -19.5279], [-42.66532, -19.52776], [-42.66532, -19.52769]], [[-42.66531, -19.52823], [-42.66538, -19.52824], [-42.66552, -19.52824], [-42.66559, -19.52837], [-42.66559, -19.52864], [-42.66552, -19.52878], [-42.66537, -19.52878], [-42.6653, -19.52864], [-42.66531, -19.52837], [-42.66531, -19.52823]], [[-42.66787, -19.52854], [-42.66802, -19.52854], [-42.6683, -19.52854], [-42.66844, -19.52868], [-42.66844, -19.52895], [-42.66829, -19.52909], [-42.66801, -19.52908], [-42.66787, -19.52894], [-42.66787, -19.52867], [-42.66787, -19.52854]], [[-42.6687, -19.53099], [-42.6687, -19.53085], [-42.6687, -19.53058], [-42.66885, -19.53051], [-42.66913, -19.53065], [-42.66927, -19.53086], [-42.66927, -19.53113], [-42.66912, -19.53119], [-42.66884, -19.53106], [-42.6687, -19.53099]], [[-42.66983, -19.53127], [-42.66983, -19.53134], [-42.66983, -19.53147], [-42.66969, -19.53154], [-42.6694, -19.53154], [-42.66926, -19.53147], [-42.66926, -19.53133], [-42.66941, -19.53127], [-42.66969, -19.53127], [-42.66983, -19.53127]], [[-42.67152, -19.53346], [-42.67144, -19.53346], [-42.6713, -19.53346], [-42.67123, -19.53339], [-42.67123, -19.53325], [-42.67109, -19.53312], [-42.67081, -19.53298], [-42.67067, -19.53277], [-42.67067, -19.5325], [-42.67082, -19.53237], [-42.6711, -19.53237], [-42.67125, -19.53244], [-42.67124, -19.53258], [-42.67131, -19.53264], [-42.67146, -19.53265], [-42.67152, -19.53285], [-42.67152, -19.53326], [-42.67152, -19.53346]], [[-42.67063, -19.53561], [-42.6707, -19.53561], [-42.67084, -19.53562], [-42.67091, -19.53568], [-42.67091, -19.53582], [-42.67084, -19.53589], [-42.6707, -19.53589], [-42.67063, -19.53582], [-42.67063, -19.53568], [-42.67063, -19.53561]], [[-42.6709, -19.53643], [-42.67097, -19.53643], [-42.67112, -19.53643], [-42.67119, -19.5365], [-42.67119, -19.53664], [-42.67111, -19.5367], [-42.67097, -19.5367], [-42.6709, -19.53663], [-42.6709, -19.5365], [-42.6709, -19.53643]], [[-42.67118, -19.53725], [-42.67125, -19.53725], [-42.67139, -19.53725], [-42.67146, -19.53732], [-42.67146, -19.53745], [-42.67139, -19.53752], [-42.67124, -19.53752], [-42.67117, -19.53745], [-42.67118, -19.53731], [-42.67118, -19.53725]], [[-42.67969, -19.54087], [-42.67991, -19.54088], [-42.68033, -19.54088], [-42.68055, -19.54095], [-42.68055, -19.54109], [-42.68033, -19.54115], [-42.6799, -19.54115], [-42.67969, -19.54108], [-42.67969, -19.54094], [-42.67969, -19.54087]], [[-42.68081, -19.54224], [-42.68089, -19.54224], [-42.68103, -19.54225], [-42.6811, -19.54231], [-42.6811, -19.54245], [-42.68102, -19.54252], [-42.68088, -19.54251], [-42.68081, -19.54245], [-42.68081, -19.54231], [-42.68081, -19.54224]], [[-42.6808, -19.54305], [-42.68087, -19.54306], [-42.68102, -19.54306], [-42.68109, -19.54313], [-42.68109, -19.54326], [-42.68101, -19.54333], [-42.68087, -19.54333], [-42.6808, -19.54326], [-42.6808, -19.54312], [-42.6808, -19.54305]], [[-42.67908, -19.54384], [-42.67922, -19.54385], [-42.67951, -19.54385], [-42.67965, -19.54392], [-42.67965, -19.54405], [-42.6795, -19.54412], [-42.67922, -19.54412], [-42.67908, -19.54405], [-42.67908, -19.54391], [-42.67908, -19.54384]]], [[[-42.67589, -19.52702], [-42.67589, -19.52688], [-42.6759, -19.52661], [-42.67597, -19.52648], [-42.67611, -19.52648], [-42.67619, -19.52641], [-42.67619, -19.52628], [-42.67605, -19.52621], [-42.67576, -19.5262], [-42.67562, -19.52593], [-42.67563, -19.52539], [-42.67556, -19.52512], [-42.67542, -19.52512], [-42.67535, -19.52498], [-42.67535, -19.52471], [-42.67571, -19.52458], [-42.67643, -19.52459], [-42.67671, -19.52446], [-42.67657, -19.52418], [-42.67679, -19.52405], [-42.67736, -19.52406], [-42.67765, -19.52399], [-42.67765, -19.52386], [-42.67808, -19.52373], [-42.67894, -19.5236], [-42.6793, -19.52341], [-42.67916, -19.52313], [-42.6788, -19.52299], [-42.67823, -19.52299], [-42.67795, -19.52305], [-42.67795, -19.52319], [-42.67759, -19.52325], [-42.67687, -19.52324], [-42.67652, -19.5233], [-42.67651, -19.52344], [-42.6763, -19.5235], [-42.67587, -19.5235], [-42.67566, -19.52343], [-42.67566, -19.52329], [-42.67552, -19.52322], [-42.67523, -19.52322], [-42.67509, -19.52328], [-42.67509, -19.52342], [-42.67516, -19.52349], [-42.6753, -19.52349], [-42.6753, -19.52376], [-42.67515, -19.5243], [-42.67486, -19.52457], [-42.67443, -19.52456], [-42.67422, -19.52442], [-42.67422, -19.52415], [-42.67415, -19.52402], [-42.67401, -19.52401], [-42.67394, -19.52395], [-42.67394, -19.52381], [-42.6738, -19.52374], [-42.67351, -19.52374], [-42.67337, -19.52394], [-42.67336, -19.52435], [-42.67343, -19.52455], [-42.67357, -19.52455], [-42.67364, -19.52482], [-42.67363, -19.52536], [-42.67377, -19.52564], [-42.67406, -19.52564], [-42.6742, -19.52557], [-42.6742, -19.52544], [-42.67427, -19.52537], [-42.67442, -19.52537], [-42.67449, -19.52551], [-42.67448, -19.52578], [-42.67441, -19.52592], [-42.67427, -19.52591], [-42.67419, -19.52612], [-42.67419, -19.52652], [-42.67404, -19.52672], [-42.67375, -19.52672], [-42.67361, -19.52692], [-42.6736, -19.52733], [-42.67367, -19.52753], [-42.67381, -19.52753], [-42.67396, -19.52767], [-42.67409, -19.52794], [-42.67431, -19.52808], [-42.67459, -19.52808], [-42.67474, -19.52795], [-42.67474, -19.52768], [-42.67481, -19.52755], [-42.67496, -19.52755], [-42.67496, -19.52741], [-42.67482, -19.52714], [-42.67482, -19.527], [-42.67496, -19.52701], [-42.67504, -19.52694], [-42.67504, -19.5268], [-42.67518, -19.52674], [-42.67547, -19.52674], [-42.67561, -19.52688], [-42.6756, -19.52715], [-42.67575, -19.52729], [-42.67603, -19.52729], [-42.67617, -19.52722], [-42.67618, -19.52709], [-42.67611, -19.52702], [-42.67596, -19.52702], [-42.67589, -19.52702]], [[-42.67505, -19.52619], [-42.67512, -19.5262], [-42.67526, -19.5262], [-42.67533, -19.52627], [-42.67533, -19.5264], [-42.67526, -19.52647], [-42.67511, -19.52647], [-42.67504, -19.5264], [-42.67505, -19.52626], [-42.67505, -19.52619]]]]}}, {"type": "Feature", "properties": {"cota": 1050}, "geometry": {"type": "MultiPolygon", "coordinates": [[[[-42.68453, -19.54175], [-42.68475, -19.54175], [-42.68518, -19.54176], [-42.68546, -19.54163], [-42.68561, -19.54136], [-42.6854, -19.54122], [-42.68483, -19.54121], [-42.68454, -19.54134], [-42.68454, -19.54161], [-42.68453, -19.54175]]], [[[-42.67185, -19.53021], [-42.67178, -19.53021], [-42.67163, -19.53021], [-42.67156, -19.53008], [-42.67157, -19.5298], [-42.6715, -19.52967], [-42.67136, -19.52967], [-42.67129, -19.5296], [-42.67129, -19.52946], [-42.67115, -19.52933], [-42.67086, -19.52919], [-42.67072, -19.52905], [-42.67072, -19.52891], [-42.67065, -19.52885], [-42.67051, -19.52884], [-42.67044, -19.52877], [-42.67044, -19.52864], [-42.67037, -19.52857], [-42.67023, -19.52857], [-42.67009, -19.52843], [-42.66995, -19.52816], [-42.66981, -19.52802], [-42.66967, -19.52802], [-42.6696, -19.52795], [-42.6696, -19.52782], [-42.66931, -19.52768], [-42.66875, -19.52753], [-42.66846, -19.5274], [-42.66846, -19.52726], [-42.66818, -19.52719], [-42.66761, -19.52718], [-42.66732, -19.52711], [-42.66733, -19.52697], [-42.66718, -19.52691], [-42.6669, -19.5269], [-42.66676, -19.52683], [-42.66676, -19.5267], [-42.66647, -19.52663], [-42.6659, -19.52662], [-42.66562, -19.52655], [-42.66562, -19.52641], [-42.66541, -19.52634], [-42.66498, -19.52634], [-42.66477, -19.52626], [-42.66477, -19.52613], [-42.66406, -19.52605], [-42.66263, -19.52603], [-42.66191, -19.52636], [-42.6619, -19.52704], [-42.66225, -19.52738], [-42.66296, -19.52739], [-42.66332, -19.52746], [-42.66332, -19.5276], [-42.66339, -19.52767], [-42.66353, -19.52767], [-42.6636, -19.52774], [-42.6636, -19.52787], [-42.66331, -19.52794], [-42.66274, -19.52793], [-42.66246, -19.52786], [-42.66246, -19.52772], [-42.66232, -19.52765], [-42.66203, -19.52765], [-42.66188, -19.52812], [-42.66187, -19.52907], [-42.66201, -19.52955], [-42.66229, -19.52955], [-42.66243, -19.52962], [-42.66243, -19.52975], [-42.66264, -19.52982], [-42.66307, -19.52983], [-42.66329, -19.5297], [-42.66329, -19.52943], [-42.66344, -19.52923], [-42.66373, -19.52909], [-42.66379, -19.5293], [-42.66364, -19.52984], [-42.66378, -19.53011], [-42.66421, -19.53012], [-42.66443, -19.53005], [-42.66443, -19.52992], [-42.66457, -19.52985], [-42.66486, -19.52985], [-42.665, -19.52992], [-42.665, -19.53006], [-42.66507, -19.53013], [-42.66521, -19.53013], [-42.66535, -19.53027], [-42.66549, -19.53054], [-42.66584, -19.53075], [-42.66641, -19.53089], [-42.66677, -19.5311], [-42.66691, -19.53137], [-42.66712, -19.53151], [-42.6674, -19.53151], [-42.66755, -19.53158], [-42.66754, -19.53172], [-42.66761, -19.53178], [-42.66776, -19.53179], [-42.66783, -19.53185], [-42.66782, -19.53199], [-42.66797, -19.53213], [-42.66825, -19.53227], [-42.66839, -19.53247], [-42.66839, -19.53274], [-42.66845, -19.53288], [-42.6686, -19.53288], [-42.66867, -19.53302], [-42.66866, -19.53329], [-42.66873, -19.53342], [-42.66888, -19.53342], [-42.66895, -19.53349], [-42.66894, -19.53363], [-42.66887, -19.5337], [-42.66873, -19.53369], [-42.66866, -19.53383], [-42.66865, -19.5341], [-42.66851, -19.5343], [-42.66822, -19.53443], [-42.66807, -19.5347], [-42.66807, -19.53511], [-42.66813, -19.53531], [-42.66828, -19.53531], [-42.66842, -19.53545], [-42.66856, -19.53572], [-42.66877, -19.53586], [-42.66905, -19.53586], [-42.66927, -19.536], [-42.66941, -19.53627], [-42.66962, -19.53641], [-42.6699, -19.53642], [-42.67012, -19.53655], [-42.67025, -19.53683], [-42.67047, -19.53703], [-42.67075, -19.53717], [-42.67089, -19.53744], [-42.67088, -19.53785], [-42.67116, -19.53819], [-42.67173, -19.53847], [-42.67201, -19.53881], [-42.672, -19.53922], [-42.67214, -19.53949], [-42.67243, -19.53963], [-42.67256, -19.54011], [-42.67255, -19.54092], [-42.67269, -19.54139], [-42.67297, -19.54153], [-42.67311, -19.54174], [-42.67311, -19.54201], [-42.67318, -19.54214], [-42.67332, -19.54215], [-42.67339, -19.54221], [-42.67339, -19.54235], [-42.67353, -19.54242], [-42.67382, -19.54242], [-42.67396, -19.54249], [-42.67395, -19.54263], [-42.67417, -19.5427], [-42.6746, -19.5427], [-42.67481, -19.54277], [-42.67481, -19.54291], [-42.67509, -19.54298], [-42.67566, -19.54299], [-42.67595, -19.5432], [-42.67594, -19.5436], [-42.67608, -19.54381], [-42.67637, -19.54381], [-42.67651, -19.54388], [-42.67651, -19.54401], [-42.67665, -19.54408], [-42.67693, -19.54409], [-42.67707, -19.54416], [-42.67707, -19.54429], [-42.67736, -19.54443], [-42.67793, -19.54457], [-42.67821, -19.54471], [-42.67821, -19.54485], [-42.67871, -19.54492], [-42.67971, -19.54494], [-42.6802, -19.54501], [-42.6802, -19.54515], [-42.68027, -19.54521], [-42.68042, -19.54522], [-42.68049, -19.54515], [-42.68049, -19.54501], [-42.68063, -19.54495], [-42.68092, -19.54495], [-42.68092, -19.54468], [-42.68064, -19.54414], [-42.68065, -19.54386], [-42.68093, -19.54387], [-42.68108, -19.54394], [-42.68107, -19.54407], [-42.68114, -19.54414], [-42.68129, -19.54414], [-42.68136, -19.54408], [-42.68136, -19.54394], [-42.68151, -19.54388], [-42.68179, -19.54388], [-42.68194, -19.54375], [-42.68194, -19.54348], [-42.68187, -19.54334], [-42.68173, -19.54334], [-42.68166, -19.54313], [-42.68166, -19.54273], [-42.6816, -19.54252], [-42.68145, -19.54252], [-42.68138, -19.54245], [-42.68138, -19.54232], [-42.68153, -19.54225], [-42.68181, -19.54226], [-42.68196, -19.54219], [-42.68196, -19.54205], [-42.68225, -19.54199], [-42.68282, -19.542], [-42.68318, -19.54187], [-42.68332, -19.5416], [-42.68361, -19.54147], [-42.68404, -19.54147], [-42.68433, -19.5412], [-42.68448, -19.54066], [-42.68484, -19.5404], [-42.68541, -19.54041], [-42.68563, -19.54027], [-42.68549, -19.54], [-42.6857, -19.53987], [-42.68627, -19.53988], [-42.68656, -19.53981], [-42.68656, -19.53968], [-42.68664, -19.53961], [-42.68678, -19.53961], [-42.68685, -19.53988], [-42.68684, -19.54042], [-42.68698, -19.5407], [-42.68726, -19.5407], [-42.68742, -19.53996], [-42.68744, -19.53847], [-42.6873, -19.53772], [-42.68702, -19.53772], [-42.68688, -19.53765], [-42.68688, -19.53751], [-42.68652, -19.53744], [-42.68581, -19.53743], [-42.68545, -19.5375], [-42.68545, -19.53763], [-42.68531, -19.5377], [-42.68502, -19.53769], [-42.68488, -19.53776], [-42.68487, -19.53789], [-42.68473, -19.53796], [-42.68445, -19.53796], [-42.6843, -19.53802], [-42.6843, -19.53816], [-42.68408, -19.53822], [-42.68366, -19.53822], [-42.68344, -19.53828], [-42.68344, -19.53842], [-42.6833, -19.53848], [-42.68301, -19.53848], [-42.68287, -19.53855], [-42.68286, -19.53868], [-42.68293, -19.53875], [-42.68308, -19.53875], [-42.68315, -19.53896], [-42.68314, -19.53936], [-42.68307, -19.53956], [-42.68292, -19.53956], [-42.68285, -19.53949], [-42.68285, -19.53936], [-42.68271, -19.53929], [-42.68243, -19.53928], [-42.68236, -19.53915], [-42.6825, -19.53888], [-42.68236, -19.53874], [-42.68194, -19.53874], [-42.68172, -19.5388], [-42.68172, -19.53894], [-42.68157, -19.539], [-42.68129, -19.539], [-42.68115, -19.53907], [-42.68114, -19.5392], [-42.681, -19.53927], [-42.68071, -19.53926], [-42.68057, -19.53933], [-42.68057, -19.53946], [-42.68042, -19.53953], [-42.68014, -19.53953], [-42.68, -19.53959], [-42.67999, -19.53973], [-42.67964, -19.53979], [-42.67892, -19.53978], [-42.67857, -19.53971], [-42.67857, -19.53957], [-42.6785, -19.53951], [-42.67835, -19.5395], [-42.67828, -19.53957], [-42.67828, -19.53971], [-42.67814, -19.53977], [-42.67785, -19.53977], [-42.67771, -19.5397], [-42.67771, -19.53956], [-42.67743, -19.53942], [-42.67686, -19.53928], [-42.67658, -19.53914], [-42.67658, -19.53901], [-42.67651, -19.53894], [-42.67636, -19.53894], [-42.67629, -19.5388], [-42.6763, -19.53853], [-42.67623, -19.53839], [-42.67609, -19.53839], [-42.67602, -19.53832], [-42.67602, -19.53819], [-42.67588, -19.53805], [-42.67559, -19.53791], [-42.67545, -19.53777], [-42.67545, -19.53764], [-42.67538, -19.53757], [-42.67524, -19.53757], [-42.6751, -19.53743], [-42.67496, -19.53716], [-42.67475, -19.53702], [-42.67446, -19.53702], [-42.67425, -19.53688], [-42.67411, -19.53661], [-42.6739, -19.53647], [-42.67361, -19.53646], [-42.67347, -19.53639], [-42.67348, -19.53626], [-42.6734, -19.53619], [-42.67326, -19.53619], [-42.67319, -19.53612], [-42.67319, -19.53598], [-42.67305, -19.53585], [-42.67277, -19.53571], [-42.67263, -19.5355], [-42.67263, -19.53523], [-42.67256, -19.5351], [-42.67242, -19.5351], [-42.67235, -19.53489], [-42.67236, -19.53449], [-42.67229, -19.53428], [-42.67215, -19.53428], [-42.67208, -19.53421], [-42.67208, -19.53408], [-42.67215, -19.53401], [-42.67229, -19.53401], [-42.67237, -19.53388], [-42.67237, -19.53361], [-42.6723, -19.53347], [-42.67216, -19.53347], [-42.67209, -19.5334], [-42.67209, -19.53326], [-42.67216, -19.5332], [-42.67231, -19.5332], [-42.67238, -19.53273], [-42.6724, -19.53178], [-42.67248, -19.53131], [-42.67262, -19.53131], [-42.67269, -19.53124], [-42.67269, -19.53111], [-42.67276, -19.53104], [-42.67291, -19.53104], [-42.67305, -19.53091], [-42.6732, -19.53064], [-42.67341, -19.53051], [-42.6737, -19.53051], [-42.67385, -19.53024], [-42.67385, -19.5297], [-42.67379, -19.52943], [-42.67364, -19.52943], [-42.67357, -19.52929], [-42.67358, -19.52902], [-42.67365, -19.52888], [-42.67379, -19.52889], [-42.67387, -19.52882], [-42.67387, -19.52868], [-42.6738, -19.52861], [-42.67366, -19.52861], [-42.67359, -19.52834], [-42.6736, -19.5278], [-42.67353, -19.52753], [-42.67339, -19.52753], [-42.67331, -19.52786], [-42.6733, -19.52854], [-42.67322, -19.52888], [-42.67308, -19.52888], [-42.67301, -19.52894], [-42.67301, -19.52908], [-42.67286, -19.52914], [-42.67258, -19.52914], [-42.67243, -19.52921], [-42.67243, -19.52934], [-42.67236, -19.52941], [-42.67222, -19.52941], [-42.67214, -19.52968], [-42.67213, -19.53022], [-42.67206, -19.53049], [-42.67192, -19.53049], [-42.67185, -19.53042], [-42.67185, -19.53028], [-42.67185, -19.53021]], [[-42.66501, -19.52931], [-42.66494, -19.52931], [-42.66479, -19.52931], [-42.66472, -19.52924], [-42.66473, -19.52911], [-42.66487, -19.52904], [-42.66515, -19.52904], [-42.66529, -19.52925], [-42.66529, -19.52966], [-42.66521, -19.52986], [-42.66507, -19.52986], [-42.665, -19.52972], [-42.66501, -19.52945], [-42.66501, -19.52931]], [[-42.68516, -19.53824], [-42.68508, -19.53837], [-42.68494, -19.53864], [-42.68472, -19.53877], [-42.68443, -19.53877], [-42.68429, -19.53863], [-42.6843, -19.53836], [-42.68451, -19.53823], [-42.68494, -19.53823], [-42.68516, -19.53824]], [[-42.67242, -19.53049], [-42.67241, -19.53063], [-42.67241, -19.5309], [-42.67234, -19.53103], [-42.67219, -19.53103], [-42.67212, -19.53089], [-42.67213, -19.53062], [-42.6722, -19.53049], [-42.67234, -19.53049], [-42.67242, -19.53049]], [[-42.66787, -19.52908], [-42.66787, -19.52894], [-42.66787, -19.52867], [-42.66802, -19.52854], [-42.6683, -19.52854], [-42.66844, -19.52868], [-42.66844, -19.52895], [-42.66829, -19.52909], [-42.66801, -19.52908], [-42.66787, -19.52908]], [[-42.66272, -19.52955], [-42.66272, -19.52949], [-42.66272, -19.52935], [-42.66279, -19.52929], [-42.66294, -19.52929], [-42.66301, -19.52936], [-42.66301, -19.52949], [-42.66293, -19.52956], [-42.66279, -19.52956], [-42.66272, -19.52955]], [[-42.6687, -19.53044], [-42.66878, -19.53045], [-42.66892, -19.53045], [-42.66899, -19.53052], [-42.66899, -19.53065], [-42.66891, -19.53072], [-42.66877, -19.53072], [-42.6687, -19.53065], [-42.6687, -19.53051], [-42.6687, -19.53044]], [[-42.66927, -19.53072], [-42.66927, -19.53079], [-42.66927, -19.53093], [-42.6692, -19.53099], [-42.66905, -19.53099], [-42.66898, -19.53092], [-42.66898, -19.53079], [-42.66906, -19.53072], [-42.6692, -19.53072], [-42.66927, -19.53072]], [[-42.66926, -19.53153], [-42.66926, -19.53147], [-42.66926, -19.53133], [-42.66941, -19.53127], [-42.66969, -19.53127], [-42.66983, -19.53134], [-42.66983, -19.53147], [-42.66969, -19.53154], [-42.6694, -19.53154], [-42.66926, -19.53153]], [[-42.67153, -19.53265], [-42.67152, -19.53285], [-42.67152, -19.53326], [-42.67144, -19.53346], [-42.6713, -19.53346], [-42.67123, -19.53339], [-42.67123, -19.53325], [-42.67116, -19.53318], [-42.67102, -19.53318], [-42.67095, -19.53298], [-42.67096, -19.53257], [-42.6711, -19.53244], [-42.67139, -19.53258], [-42.67153, -19.53265]], [[-42.66893, -19.53424], [-42.66894, -19.53417], [-42.66894, -19.53403], [-42.66901, -19.53397], [-42.66915, -19.53397], [-42.66922, -19.53404], [-42.66922, -19.53417], [-42.66915, -19.53424], [-42.66901, -19.53424], [-42.66893, -19.53424]], [[-42.67117, -19.53752], [-42.67117, -19.53745], [-42.67118, -19.53731], [-42.67125, -19.53725], [-42.67139, -19.53725], [-42.67146, -19.53732], [-42.67146, -19.53745], [-42.67139, -19.53752], [-42.67124, -19.53752], [-42.67117, -19.53752]], [[-42.68113, -19.53981], [-42.68114, -19.53974], [-42.68114, -19.53961], [-42.68128, -19.53954], [-42.68157, -19.53954], [-42.68171, -19.53961], [-42.68171, -19.53975], [-42.68156, -19.53982], [-42.68128, -19.53981], [-42.68113, -19.53981]], [[-42.67969, -19.54115], [-42.67969, -19.54108], [-42.67969, -19.54094], [-42.67983, -19.54088], [-42.68012, -19.54088], [-42.68026, -19.54095], [-42.68026, -19.54108], [-42.68012, -19.54115], [-42.67983, -19.54115], [-42.67969, -19.54115]], [[-42.68081, -19.54251], [-42.68081, -19.54245], [-42.68081, -19.54231], [-42.68089, -19.54224], [-42.68103, -19.54225], [-42.6811, -19.54231], [-42.6811, -19.54245], [-42.68102, -19.54252], [-42.68088, -19.54251], [-42.68081, -19.54251]], [[-42.67907, -19.54412], [-42.67908, -19.54405], [-42.67908, -19.54391], [-42.67922, -19.54385], [-42.67951, -19.54385], [-42.67965, -19.54392], [-42.67965, -19.54405], [-42.6795, -19.54412], [-42.67922, -19.54412], [-42.67907, -19.54412]]], [[[-42.67766, -19.52325], [-42.67759, -19.52325], [-42.67744, -19.52325], [-42.67737, -19.52318], [-42.67738, -19.52304], [-42.67731, -19.52297], [-42.67716, -19.52297], [-42.67709, -19.52304], [-42.67709, -19.52317], [-42.67695, -19.52324], [-42.67666, -19.52324], [-42.67652, -19.5233], [-42.67651, -19.52344], [-42.67637, -19.5235], [-42.67608, -19.5235], [-42.67594, -19.52343], [-42.67595, -19.5233], [-42.67573, -19.52322], [-42.6753, -19.52322], [-42.67509, -19.52328], [-42.67509, -19.52342], [-42.67516, -19.52349], [-42.6753, -19.52349], [-42.6753, -19.52376], [-42.67515, -19.5243], [-42.67486, -19.52457], [-42.67443, -19.52456], [-42.67422, -19.52436], [-42.67422, -19.52395], [-42.67394, -19.52368], [-42.67337, -19.52353], [-42.67309, -19.52353], [-42.67308, -19.52366], [-42.67315, -19.52373], [-42.6733, -19.52374], [-42.67337, -19.52394], [-42.67336, -19.52435], [-42.67343, -19.52455], [-42.67357, -19.52455], [-42.67364, -19.52482], [-42.67363, -19.52536], [-42.67384, -19.52564], [-42.67427, -19.52564], [-42.67448, -19.52571], [-42.67448, -19.52585], [-42.67434, -19.52591], [-42.67405, -19.52591], [-42.67391, -19.52611], [-42.6739, -19.52652], [-42.67383, -19.52672], [-42.67368, -19.52672], [-42.67361, -19.52692], [-42.6736, -19.52733], [-42.67374, -19.5276], [-42.67403, -19.52774], [-42.67417, -19.52794], [-42.67416, -19.52821], [-42.6743, -19.52828], [-42.67459, -19.52815], [-42.67474, -19.52795], [-42.67474, -19.52768], [-42.67503, -19.52755], [-42.6756, -19.52756], [-42.67589, -19.52749], [-42.67589, -19.52736], [-42.67596, -19.52729], [-42.6761, -19.52729], [-42.67617, -19.52722], [-42.67618, -19.52709], [-42.67611, -19.52702], [-42.67596, -19.52702], [-42.67589, -19.52695], [-42.67589, -19.52681], [-42.67597, -19.52675], [-42.67611, -19.52675], [-42.67618, -19.52662], [-42.67619, -19.52634], [-42.67605, -19.52621], [-42.67576, -19.5262], [-42.67562, -19.52593], [-42.67563, -19.52539], [-42.67556, -19.52512], [-42.67542, -19.52512], [-42.67535, -19.52498], [-42.67535, -19.52471], [-42.67571, -19.52458], [-42.67643, -19.52459], [-42.67686, -19.52446], [-42.677, -19.52419], [-42.67722, -19.52406], [-42.6775, -19.52406], [-42.67765, -19.52399], [-42.67765, -19.52386], [-42.67808, -19.52373], [-42.67894, -19.5236], [-42.6793, -19.52341], [-42.67916, -19.52313], [-42.67873, -19.52299], [-42.67802, -19.52298], [-42.67766, -19.52305], [-42.67766, -19.52318], [-42.67766, -19.52325]], [[-42.67504, -19.52646], [-42.67504, -19.5264], [-42.67505, -19.52626], [-42.67512, -19.5262], [-42.67526, -19.5262], [-42.67533, -19.52627], [-42.67533, -19.5264], [-42.67526, -19.52647], [-42.67511, -19.52647], [-42.67504, -19.52646]], [[-42.67475, -19.52727], [-42.67475, -19.52721], [-42.67475, -19.52707], [-42.67496, -19.52701], [-42.67539, -19.52701], [-42.67561, -19.52708], [-42.6756, -19.52722], [-42.67539, -19.52728], [-42.67496, -19.52728], [-42.67475, -19.52727]]], [[[-42.68423, -19.52333], [-42.68422, -19.5234], [-42.68422, -19.52354], [-42.68436, -19.52361], [-42.68465, -19.52361], [-42.68479, -19.52348], [-42.6848, -19.52321], [-42.68416, -19.52306], [-42.68287, -19.52305], [-42.68223, -19.52311], [-42.68223, -19.52324], [-42.68273, -19.52331], [-42.68373, -19.52333], [-42.68423, -19.52333]]]]}}, {"type": "Feature", "properties": {"cota": 1100}, "geometry": {"type": "MultiPolygon", "coordinates": [[[[-42.68454, -19.54121], [-42.68454, -19.54134], [-42.68454, -19.54161], [-42.68482, -19.54175], [-42.68539, -19.54176], [-42.68568, -19.54163], [-42.68568, -19.54136], [-42.68561, -19.54122], [-42.68547, -19.54122], [-42.6854, -19.54115], [-42.6854, -19.54102], [-42.68533, -19.54095], [-42.68519, -19.54094], [-42.68512, -19.54101], [-42.68511, -19.54115], [-42.68497, -19.54121], [-42.68468, -19.54121], [-42.68454, -19.54121]]], [[[-42.66528, -19.5304], [-42.66535, -19.5304], [-42.66549, -19.5304], [-42.66556, -19.53047], [-42.66556, -19.53061], [-42.6657, -19.53068], [-42.66599, -19.53068], [-42.66613, -19.53075], [-42.66613, -19.53089], [-42.66627, -19.53095], [-42.66655, -19.53096], [-42.66677, -19.5311], [-42.66691, -19.53137], [-42.66712, -19.53151], [-42.6674, -19.53151], [-42.66755, -19.53158], [-42.66754, -19.53172], [-42.66761, -19.53178], [-42.66776, -19.53179], [-42.66783, -19.53192], [-42.66782, -19.53219], [-42.66796, -19.53233], [-42.66825, -19.53233], [-42.66839, -19.53247], [-42.66839, -19.53274], [-42.66845, -19.53288], [-42.6686, -19.53288], [-42.66867, -19.53302], [-42.66866, -19.53329], [-42.66873, -19.53342], [-42.66888, -19.53342], [-42.66895, -19.53349], [-42.66894, -19.53363], [-42.66887, -19.5337], [-42.66873, -19.53369], [-42.66866, -19.53383], [-42.66865, -19.5341], [-42.66851, -19.5343], [-42.66822, -19.53443], [-42.66807, -19.5347], [-42.66807, -19.53511], [-42.66813, -19.53531], [-42.66828, -19.53531], [-42.66842, -19.53545], [-42.66856, -19.53572], [-42.66877, -19.53586], [-42.66905, -19.53586], [-42.6692, -19.536], [-42.66919, -19.53627], [-42.66947, -19.53648], [-42.67004, -19.53662], [-42.67033, -19.53676], [-42.67032, -19.5369], [-42.67039, -19.53696], [-42.67054, -19.53697], [-42.67061, -19.53717], [-42.6706, -19.53758], [-42.67067, -19.53778], [-42.67081, -19.53778], [-42.67095, -19.53792], [-42.67109, -19.53819], [-42.6713, -19.53833], [-42.67159, -19.53833], [-42.67173, -19.5384], [-42.67173, -19.53854], [-42.6718, -19.53861], [-42.67194, -19.53861], [-42.67194, -19.53874], [-42.67179, -19.53901], [-42.67179, -19.53915], [-42.67193, -19.53915], [-42.67208, -19.53929], [-42.67221, -19.53956], [-42.67235, -19.5397], [-42.6725, -19.5397], [-42.6725, -19.53983], [-42.67235, -19.5401], [-42.67235, -19.54024], [-42.67249, -19.54024], [-42.67256, -19.54051], [-42.67255, -19.54105], [-42.67269, -19.54139], [-42.67297, -19.54153], [-42.67311, -19.54174], [-42.67311, -19.54201], [-42.67318, -19.54214], [-42.67332, -19.54215], [-42.67339, -19.54221], [-42.67339, -19.54235], [-42.67353, -19.54242], [-42.67382, -19.54242], [-42.67396, -19.54249], [-42.67395, -19.54263], [-42.67417, -19.5427], [-42.6746, -19.5427], [-42.67481, -19.54277], [-42.67481, -19.54291], [-42.67502, -19.54298], [-42.67545, -19.54299], [-42.67566, -19.54312], [-42.67566, -19.54339], [-42.67573, -19.54353], [-42.67587, -19.54353], [-42.67594, -19.5436], [-42.67594, -19.54374], [-42.67608, -19.54381], [-42.67637, -19.54381], [-42.67651, -19.54388], [-42.67651, -19.54401], [-42.67665, -19.54408], [-42.67693, -19.54409], [-42.67707, -19.54416], [-42.67707, -19.54429], [-42.67736, -19.54443], [-42.67793, -19.54457], [-42.67821, -19.54471], [-42.67821, -19.54485], [-42.67871, -19.54492], [-42.67971, -19.54494], [-42.6802, -19.54501], [-42.6802, -19.54515], [-42.68034, -19.54521], [-42.68063, -19.54522], [-42.68077, -19.54515], [-42.68077, -19.54502], [-42.68085, -19.54495], [-42.68099, -19.54495], [-42.68099, -19.54468], [-42.68086, -19.54414], [-42.68086, -19.54387], [-42.68101, -19.54387], [-42.68108, -19.54394], [-42.68107, -19.54407], [-42.68114, -19.54414], [-42.68129, -19.54414], [-42.68136, -19.54408], [-42.68136, -19.54394], [-42.68151, -19.54388], [-42.68179, -19.54388], [-42.68194, -19.54375], [-42.68194, -19.54348], [-42.68187, -19.54334], [-42.68173, -19.54334], [-42.68166, -19.54313], [-42.68166, -19.54273], [-42.6816, -19.54252], [-42.68145, -19.54252], [-42.68138, -19.54245], [-42.68138, -19.54232], [-42.68153, -19.54225], [-42.68181, -19.54226], [-42.68196, -19.54219], [-42.68196, -19.54205], [-42.68225, -19.54199], [-42.68282, -19.542], [-42.6831, -19.54193], [-42.68311, -19.5418], [-42.68325, -19.54173], [-42.68353, -19.54174], [-42.68368, -19.54167], [-42.68368, -19.54153], [-42.68382, -19.54147], [-42.68411, -19.54147], [-42.68425, -19.54134], [-42.68426, -19.54107], [-42.68433, -19.54093], [-42.68447, -19.54094], [-42.68462, -19.5408], [-42.68477, -19.54053], [-42.68498, -19.5404], [-42.68527, -19.5404], [-42.68541, -19.54047], [-42.68541, -19.54061], [-42.68548, -19.54068], [-42.68562, -19.54068], [-42.68569, -19.54055], [-42.6857, -19.54027], [-42.68563, -19.54014], [-42.68549, -19.54014], [-42.68541, -19.54007], [-42.68542, -19.53993], [-42.68577, -19.53987], [-42.68649, -19.53988], [-42.68684, -19.54009], [-42.68684, -19.54049], [-42.68698, -19.5407], [-42.68726, -19.5407], [-42.68742, -19.53996], [-42.68744, -19.53847], [-42.6873, -19.53772], [-42.68702, -19.53772], [-42.68688, -19.53765], [-42.68688, -19.53751], [-42.68652, -19.53744], [-42.68581, -19.53743], [-42.68545, -19.5375], [-42.68545, -19.53763], [-42.68531, -19.5377], [-42.68502, -19.53769], [-42.68488, -19.53776], [-42.68487, -19.53789], [-42.68466, -19.53796], [-42.68423, -19.53795], [-42.68402, -19.53802], [-42.68401, -19.53815], [-42.68387, -19.53822], [-42.68359, -19.53822], [-42.68344, -19.53828], [-42.68344, -19.53842], [-42.6833, -19.53848], [-42.68301, -19.53848], [-42.68287, -19.53855], [-42.68286, -19.53868], [-42.68293, -19.53875], [-42.68308, -19.53875], [-42.68315, -19.53889], [-42.68314, -19.53916], [-42.683, -19.53929], [-42.68271, -19.53929], [-42.68257, -19.53915], [-42.68258, -19.53888], [-42.68236, -19.53874], [-42.68194, -19.53874], [-42.68172, -19.5388], [-42.68172, -19.53894], [-42.68157, -19.539], [-42.68129, -19.539], [-42.68115, -19.53907], [-42.68114, -19.5392], [-42.681, -19.53927], [-42.68071, -19.53926], [-42.68057, -19.53933], [-42.68057, -19.53946], [-42.68042, -19.53953], [-42.68014, -19.53953], [-42.68, -19.53959], [-42.67999, -19.53973], [-42.67971, -19.53979], [-42.67914, -19.53978], [-42.67885, -19.53971], [-42.67885, -19.53958], [-42.67857, -19.53957], [-42.67799, -19.5397], [-42.67771, -19.5397], [-42.67771, -19.53956], [-42.67757, -19.53949], [-42.67728, -19.53949], [-42.67714, -19.53942], [-42.67714, -19.53928], [-42.677, -19.53922], [-42.67672, -19.53921], [-42.67658, -19.53914], [-42.67658, -19.53901], [-42.67651, -19.53894], [-42.67636, -19.53894], [-42.67629, -19.5388], [-42.6763, -19.53853], [-42.67623, -19.53839], [-42.67609, -19.53839], [-42.67602, -19.53832], [-42.67602, -19.53819], [-42.67588, -19.53805], [-42.67559, -19.53791], [-42.67545, -19.53777], [-42.67545, -19.53764], [-42.67538, -19.53757], [-42.67524, -19.53757], [-42.6751, -19.53743], [-42.67496, -19.53716], [-42.67475, -19.53702], [-42.67446, -19.53702], [-42.67425, -19.53688], [-42.67411, -19.53661], [-42.6739, -19.53647], [-42.67361, -19.53646], [-42.67347, -19.53639], [-42.67348, -19.53626], [-42.6734, -19.53619], [-42.67326, -19.53619], [-42.67319, -19.53612], [-42.67319, -19.53598], [-42.67305, -19.53585], [-42.67277, -19.53571], [-42.67263, -19.5355], [-42.67263, -19.53523], [-42.67256, -19.5351], [-42.67242, -19.5351], [-42.67236, -19.53469], [-42.67237, -19.53388], [-42.6723, -19.53347], [-42.67216, -19.53347], [-42.67209, -19.5334], [-42.67209, -19.53326], [-42.67216, -19.5332], [-42.67231, -19.5332], [-42.67238, -19.53279], [-42.67239, -19.53198], [-42.67247, -19.53158], [-42.67261, -19.53158], [-42.67269, -19.53144], [-42.67269, -19.53117], [-42.67276, -19.53104], [-42.67291, -19.53104], [-42.67305, -19.53091], [-42.6732, -19.53064], [-42.67341, -19.53051], [-42.6737, -19.53051], [-42.67385, -19.53024], [-42.67385, -19.5297], [-42.67379, -19.52943], [-42.67364, -19.52943], [-42.67357, -19.52929], [-42.67358, -19.52902], [-42.67365, -19.52888], [-42.67379, -19.52889], [-42.67387, -19.52868], [-42.67387, -19.52828], [-42.67381, -19.52807], [-42.67366, -19.52807], [-42.67359, -19.52794], [-42.6736, -19.52766], [-42.67353, -19.52753], [-42.67339, -19.52753], [-42.67331, -19.5278], [-42.6733, -19.52834], [-42.67323, -19.52861], [-42.67308, -19.52861], [-42.67301, -19.52874], [-42.67301, -19.52901], [-42.67286, -19.52914], [-42.67258, -19.52914], [-42.67243, -19.52921], [-42.67243, -19.52934], [-42.67236, -19.52941], [-42.67222, -19.52941], [-42.67214, -19.52968], [-42.67213, -19.53022], [-42.67206, -19.53049], [-42.67192, -19.53049], [-42.67185, -19.53042], [-42.67185, -19.53028], [-42.67178, -19.53021], [-42.67163, -19.53021], [-42.67156, -19.53008], [-42.67157, -19.5298], [-42.6715, -19.52967], [-42.67136, -19.52967], [-42.67129, -19.5296], [-42.67129, -19.52946], [-42.67115, -19.52933], [-42.67086, -19.52919], [-42.67072, -19.52905], [-42.67072, -19.52891], [-42.67065, -19.52885], [-42.67051, -19.52884], [-42.67044, -19.52877], [-42.67044, -19.52864], [-42.67037, -19.52857], [-42.67023, -19.52857], [-42.67009, -19.52843], [-42.66995, -19.52816], [-42.66981, -19.52802], [-42.66967, -19.52802], [-42.6696, -19.52795], [-42.6696, -19.52782], [-42.66931, -19.52768], [-42.66875, -19.52753], [-42.66846, -19.5274], [-42.66846, -19.52726], [-42.66825, -19.52719], [-42.66782, -19.52718], [-42.66761, -19.52711], [-42.66761, -19.52698], [-42.66718, -19.52684], [-42.66633, -19.52669], [-42.6659, -19.52655], [-42.66591, -19.52641], [-42.66569, -19.52634], [-42.66526, -19.52634], [-42.66505, -19.52627], [-42.66505, -19.52613], [-42.66427, -19.52606], [-42.6627, -19.52603], [-42.6619, -19.5269], [-42.66188, -19.52866], [-42.66193, -19.52954], [-42.66208, -19.52955], [-42.66215, -19.52962], [-42.66215, -19.52975], [-42.66243, -19.52982], [-42.663, -19.52983], [-42.66329, -19.5299], [-42.66328, -19.53004], [-42.6635, -19.53011], [-42.66393, -19.53011], [-42.66414, -19.53018], [-42.66414, -19.53032], [-42.66421, -19.53039], [-42.66435, -19.53039], [-42.66449, -19.53025], [-42.66464, -19.52999], [-42.66479, -19.52985], [-42.66493, -19.52985], [-42.66507, -19.52999], [-42.66521, -19.53026], [-42.66528, -19.5304]], [[-42.66501, -19.52931], [-42.66508, -19.52931], [-42.66522, -19.52932], [-42.66529, -19.52945], [-42.66529, -19.52972], [-42.66521, -19.52986], [-42.66507, -19.52986], [-42.665, -19.52972], [-42.66501, -19.52945], [-42.66501, -19.52931]], [[-42.6636, -19.52794], [-42.66331, -19.52794], [-42.66274, -19.52793], [-42.66239, -19.52779], [-42.66225, -19.52752], [-42.66247, -19.52739], [-42.66304, -19.52739], [-42.66339, -19.52753], [-42.66353, -19.52781], [-42.6636, -19.52794]], [[-42.66815, -19.52908], [-42.66808, -19.52908], [-42.66794, -19.52908], [-42.66787, -19.52894], [-42.66787, -19.52867], [-42.66802, -19.52854], [-42.6683, -19.52854], [-42.66837, -19.52868], [-42.66823, -19.52895], [-42.66815, -19.52908]], [[-42.66329, -19.52929], [-42.66337, -19.52929], [-42.66351, -19.52929], [-42.66358, -19.52923], [-42.66358, -19.52909], [-42.66366, -19.52903], [-42.6638, -19.52903], [-42.66387, -19.52916], [-42.66386, -19.52943], [-42.66372, -19.52957], [-42.66343, -19.52956], [-42.66329, -19.52949], [-42.66329, -19.52936], [-42.66329, -19.52929]], [[-42.66899, -19.53072], [-42.66906, -19.53072], [-42.6692, -19.53072], [-42.66927, -19.53079], [-42.66927, -19.53093], [-42.6692, -19.53099], [-42.66905, -19.53099], [-42.66898, -19.53092], [-42.66898, -19.53079], [-42.66899, -19.53072]], [[-42.66926, -19.53126], [-42.66941, -19.53127], [-42.66969, -19.53127], [-42.66983, -19.53134], [-42.66983, -19.53147], [-42.66969, -19.53154], [-42.6694, -19.53154], [-42.66926, -19.53147], [-42.66926, -19.53133], [-42.66926, -19.53126]], [[-42.67152, -19.53319], [-42.67138, -19.53319], [-42.67109, -19.53318], [-42.67095, -19.53298], [-42.67096, -19.53257], [-42.6711, -19.53244], [-42.67139, -19.53258], [-42.67153, -19.53278], [-42.67152, -19.53305], [-42.67152, -19.53319]], [[-42.68486, -19.53877], [-42.68472, -19.53877], [-42.68443, -19.53877], [-42.68429, -19.5387], [-42.68429, -19.53856], [-42.68437, -19.5385], [-42.68451, -19.5385], [-42.68458, -19.53843], [-42.68458, -19.5383], [-42.68473, -19.53823], [-42.68501, -19.53824], [-42.68508, -19.53837], [-42.68494, -19.53864], [-42.68486, -19.53877]], [[-42.68142, -19.53954], [-42.6815, -19.53954], [-42.68164, -19.53955], [-42.68171, -19.53961], [-42.68171, -19.53975], [-42.68163, -19.53982], [-42.68149, -19.53981], [-42.68142, -19.53975], [-42.68142, -19.53961], [-42.68142, -19.53954]], [[-42.67969, -19.54087], [-42.67983, -19.54088], [-42.68012, -19.54088], [-42.68026, -19.54095], [-42.68026, -19.54108], [-42.68012, -19.54115], [-42.67983, -19.54115], [-42.67969, -19.54108], [-42.67969, -19.54094], [-42.67969, -19.54087]], [[-42.68081, -19.54224], [-42.68089, -19.54224], [-42.68103, -19.54225], [-42.6811, -19.54231], [-42.6811, -19.54245], [-42.68102, -19.54252], [-42.68088, -19.54251], [-42.68081, -19.54245], [-42.68081, -19.54231], [-42.68081, -19.54224]], [[-42.67908, -19.54384], [-42.67915, -19.54385], [-42.67929, -19.54385], [-42.67936, -19.54392], [-42.67936, -19.54405], [-42.67929, -19.54412], [-42.67915, -19.54412], [-42.67908, -19.54405], [-42.67908, -19.54391], [-42.67908, -19.54384]]], [[[-42.67623, -19.52323], [-42.67623, -19.5233], [-42.67623, -19.52343], [-42.67616, -19.5235], [-42.67601, -19.5235], [-42.67594, -19.52343], [-42.67595, -19.5233], [-42.67573, -19.52322], [-42.6753, -19.52322], [-42.67509, -19.52335], [-42.67508, -19.52362], [-42.67515, -19.52376], [-42.6753, -19.52376], [-42.67537, -19.52383], [-42.67536, -19.52396], [-42.67529, -19.52403], [-42.67515, -19.52403], [-42.67508, -19.52416], [-42.67507, -19.52443], [-42.67486, -19.52457], [-42.67443, -19.52456], [-42.67421, -19.52449], [-42.67422, -19.52436], [-42.67429, -19.52429], [-42.67443, -19.52429], [-42.67443, -19.52416], [-42.67429, -19.52388], [-42.67408, -19.52375], [-42.6738, -19.52374], [-42.67366, -19.52367], [-42.67366, -19.52354], [-42.67344, -19.52347], [-42.67302, -19.52346], [-42.6728, -19.52353], [-42.6728, -19.52366], [-42.67294, -19.52373], [-42.67323, -19.52373], [-42.6733, -19.52387], [-42.67315, -19.52414], [-42.67322, -19.52434], [-42.6735, -19.52448], [-42.67364, -19.52482], [-42.67363, -19.52536], [-42.67384, -19.52564], [-42.67427, -19.52564], [-42.67448, -19.52571], [-42.67448, -19.52585], [-42.67434, -19.52591], [-42.67405, -19.52591], [-42.67391, -19.52611], [-42.6739, -19.52652], [-42.67375, -19.52672], [-42.67347, -19.52672], [-42.67333, -19.52678], [-42.67332, -19.52692], [-42.67339, -19.52699], [-42.67354, -19.52699], [-42.67361, -19.52712], [-42.6736, -19.52739], [-42.67374, -19.5276], [-42.67403, -19.52774], [-42.67417, -19.52794], [-42.67416, -19.52821], [-42.6743, -19.52828], [-42.67459, -19.52815], [-42.67481, -19.52795], [-42.67495, -19.52768], [-42.67531, -19.52755], [-42.67588, -19.52756], [-42.67617, -19.52743], [-42.67618, -19.52716], [-42.67611, -19.52702], [-42.67596, -19.52702], [-42.67589, -19.52695], [-42.67589, -19.52681], [-42.67597, -19.52675], [-42.67611, -19.52675], [-42.67618, -19.52662], [-42.67619, -19.52634], [-42.67605, -19.52621], [-42.67576, -19.5262], [-42.67562, -19.52593], [-42.67563, -19.52539], [-42.67556, -19.52512], [-42.67542, -19.52512], [-42.67535, -19.52498], [-42.67535, -19.52471], [-42.67564, -19.52458], [-42.67621, -19.52458], [-42.6765, -19.52466], [-42.67649, -19.52479], [-42.67657, -19.52486], [-42.67671, -19.52486], [-42.67678, -19.52473], [-42.67679, -19.52446], [-42.67693, -19.52432], [-42.67722, -19.52433], [-42.67743, -19.52419], [-42.67758, -19.52393], [-42.67787, -19.52379], [-42.67829, -19.5238], [-42.67851, -19.52373], [-42.67851, -19.5236], [-42.6788, -19.52354], [-42.67937, -19.52354], [-42.67965, -19.52361], [-42.67965, -19.52375], [-42.67979, -19.52382], [-42.68008, -19.52382], [-42.68022, -19.52369], [-42.68023, -19.52342], [-42.67994, -19.52328], [-42.67937, -19.52327], [-42.67909, -19.5232], [-42.67909, -19.52306], [-42.67859, -19.52299], [-42.67759, -19.52298], [-42.67709, -19.52304], [-42.67709, -19.52317], [-42.67687, -19.52324], [-42.67645, -19.52323], [-42.67623, -19.52323]], [[-42.67505, -19.52619], [-42.67512, -19.5262], [-42.67526, -19.5262], [-42.67533, -19.52627], [-42.67533, -19.5264], [-42.67526, -19.52647], [-42.67511, -19.52647], [-42.67504, -19.5264], [-42.67505, -19.52626], [-42.67505, -19.52619]], [[-42.67475, -19.527], [-42.67496, -19.52701], [-42.67539, -19.52701], [-42.67561, -19.52708], [-42.6756, -19.52722], [-42.67539, -19.52728], [-42.67496, -19.52728], [-42.67475, -19.52721], [-42.67475, -19.52707], [-42.67475, -19.527]]], [[[-42.68394, -19.5236], [-42.68415, -19.5236], [-42.68458, -19.52361], [-42.68479, -19.52348], [-42.6848, -19.52321], [-42.68416, -19.52306], [-42.68287, -19.52305], [-42.68223, -19.52311], [-42.68223, -19.52324], [-42.68266, -19.52331], [-42.68351, -19.52332], [-42.68394, -19.5234], [-42.68394, -19.52353], [-42.68394, -19.5236]]]]}}]}