{
"type": "FeatureCollection",
"name": "mancha_891cm",
"crs": { "type": "name", "properties": { "name": "urn:ogc:def:crs:OGC:1.3:CRS84" } },
"xy_coordinate_resolution": 1e-05,
"features": [
{"type":"Feature","properties":{"fid":1,"DN":1},"geometry":{"type":"Polygon","coordinates":[[[-42.6848,-19.52319],[-42.6848,-19.52322],[-42.68479,-19.52325],[-42.68478,-19.52328],[-42.68477,-19.5233],[-42.68475,-19.52332],[-42.68473,-19.52333],[-42.6847,-19.52334],[-42.68467,-19.52334],[-42.68464,-19.52334],[-42.6846,-19.52333],[-42.68458,-19.52333],[-42.68456,-19.52331],[-42.68454,-19.5233],[-42.68453,-19.52327],[-42.68452,-19.52325],[-42.68451,-19.52322],[-42.68451,-19.52319],[-42.68452,-19.52316],[-42.68453,-19.52313],[-42.68454,-19.52311],[-42.68456,-19.52309],[-42.68458,-19.52308],[-42.68461,-19.52307],[-42.68464,-19.52307],[-42.68468,-19.52307],[-42.68471,-19.52307],[-42.68473,-19.52308],[-42.68476,-19.5231],[-42.68477,-19.52311],[-42.68479,-19.52313],[-42.68479,-19.52316],[-42.6848,-19.52319]]]}},
{"type":"Feature","properties":{"fid":2,"DN":1},"geometry":{"type":"Polygon","coordinates":[[[-42.68366,-19.52317],[-42.68366,-19.52321],[-42.68365,-19.52324],[-42.68364,-19.52326],[-42.68363,-19.52328],[-42.68361,-19.5233],[-42.68359,-19.52331],[-42.68356,-19.52332],[-42.68353,-19.52332],[-42.68349,-19.52332],[-42.68346,-19.52332],[-42.68344,-19.52331],[-42.68341,-19.5233],[-42.6834,-19.52328],[-42.68338,-19.52326],[-42.68337,-19.52323],[-42.68337,-19.5232],[-42.68337,-19.52317],[-42.68338,-19.52314],[-42.68339,-19.52312],[-42.6834,-19.52309],[-42.68342,-19.52308],[-42.68344,-19.52307],[-42.68347,-19.52306],[-42.6835,-19.52305],[-42.68353,-19.52305],[-42.68356,-19.52306],[-42.68359,-19.52307],[-42.68361,-19.52308],[-42.68363,-19.5231],[-42.68364,-19.52312],[-42.68365,-19.52314],[-42.68366,-19.52317]]]}},
{"type":"Feature","properties":{"fid":3,"DN":1},"geometry":{"type":"Polygon","coordinates":[[[-42.68023,-19.5234],[-42.68023,-19.52343],[-42.68022,-19.52346],[-42.6802,-19.52349],[-42.68017,-19.52351],[-42.68014,-19.52353],[-42.68009,-19.52354],[-42.68004,-19.52355],[-42.67997,-19.52355],[-42.6799,-19.52355],[-42.67984,-19.52354],[-42.67979,-19.52354],[-42.67974,-19.52352],[-42.67971,-19.5235],[-42.67968,-19.52348],[-42.67966,-19.52346],[-42.67966,-19.52343],[-42.67966,-19.52339],[-42.67967,-19.52336],[-42.67968,-19.52334],[-42.67971,-19.52332],[-42.67975,-19.5233],[-42.67979,-19.52329],[-42.67984,-19.52328],[-42.67991,-19.52328],[-42.67998,-19.52328],[-42.68004,-19.52328],[-42.68009,-19.52329],[-42.68014,-19.52331],[-42.68017,-19.52332],[-42.6802,-19.52335],[-42.68022,-19.52337],[-42.68023,-19.5234]]]}},
{"type":"Feature","properties":{"fid":4,"DN":1},"geometry":{"type":"Polygon","coordinates":[[[-42.67337,-19.52358],[-42.67337,-19.52362],[-42.67337,-19.52365],[-42.67336,-19.52367],[-42.67334,-19.52369],[-42.67332,-19.52371],[-42.6733,-19.52372],[-42.67328,-19.52373],[-42.67324,-19.52373],[-42.67321,-19.52373],[-42.67318,-19.52373],[-42.67315,-19.52372],[-42.67313,-19.52371],[-42.67311,-19.52369],[-42.6731,-19.52367],[-42.67309,-19.52364],[-42.67309,-19.52361],[-42.67309,-19.52358],[-42.67309,-19.52355],[-42.6731,-19.52353],[-42.67311,-19.5235],[-42.67313,-19.52349],[-42.67315,-19.52348],[-42.67318,-19.52347],[-42.67321,-19.52346],[-42.67325,-19.52346],[-42.67328,-19.52347],[-42.67331,-19.52348],[-42.67333,-19.52349],[-42.67335,-19.52351],[-42.67336,-19.52353],[-42.67337,-19.52355],[-42.67337,-19.52358]]]}},
{"type":"Feature","properties":{"fid":6,"DN":1},"geometry":{"type":"Polygon","coordinates":[[[-42.6788,-19.52311],[-42.6788,-19.52315],[-42.6788,-19.52318],[-42.67879,-19.5232],[-42.67877,-19.52322],[-42.67876,-19.52324],[-42.67873,-19.52325],[-42.67871,-19.52326],[-42.67868,-19.52326],[-42.67864,-19.52326],[-42.67861,-19.52327],[-42.67858,-19.52329],[-42.67856,-19.52331],[-42.67854,-19.52335],[-42.67853,-19.52339],[-42.67852,-19.52344],[-42.67851,-19.5235],[-42.67851,-19.52357],[-42.6785,-19.52362],[-42.67847,-19.52367],[-42.67843,-19.52372],[-42.67837,-19.52375],[-42.67831,-19.52377],[-42.67823,-19.52379],[-42.67813,-19.5238],[-42.67803,-19.5238],[-42.67793,-19.5238],[-42.67785,-19.52381],[-42.67778,-19.52382],[-42.67773,-19.52383],[-42.67769,-19.52386],[-42.67766,-19.52388],[-42.67765,-19.52391],[-42.67765,-19.52394],[-42.67763,-19.52397],[-42.67759,-19.524],[-42.67754,-19.52402],[-42.67747,-19.52403],[-42.67738,-19.52405],[-42.67727,-19.52405],[-42.67715,-19.52406],[-42.67701,-19.52405],[-42.67688,-19.52406],[-42.67677,-19.52406],[-42.67668,-19.52407],[-42.67661,-19.52409],[-42.67656,-19.52411],[-42.67652,-19.52414],[-42.6765,-19.52417],[-42.6765,-19.5242],[-42.6765,-19.52423],[-42.67649,-19.52425],[-42.67648,-19.52428],[-42.67646,-19.52429],[-42.67643,-19.5243],[-42.67641,-19.52431],[-42.67638,-19.52432],[-42.67634,-19.52432],[-42.67631,-19.52432],[-42.67628,-19.52433],[-42.67626,-19.52434],[-42.67624,-19.52436],[-42.67623,-19.52438],[-42.67622,-19.5244],[-42.67621,-19.52443],[-42.67621,-19.52447],[-42.67621,-19.5245],[-42.6762,-19.52452],[-42.67619,-19.52454],[-42.67617,-19.52456],[-42.67615,-19.52457],[-42.67612,-19.52458],[-42.67609,-19.52458],[-42.67605,-19.52458],[-42.67602,-19.52458],[-42.67599,-19.52457],[-42.67597,-19.52456],[-42.67595,-19.52454],[-42.67594,-19.52452],[-42.67593,-19.52449],[-42.67593,-19.52446],[-42.67593,-19.52443],[-42.67592,-19.5244],[-42.67592,-19.52437],[-42.6759,-19.52435],[-42.67589,-19.52434],[-42.67586,-19.52432],[-42.67584,-19.52431],[-42.67581,-19.52431],[-42.67577,-19.52431],[-42.67574,-19.52431],[-42.67571,-19.52432],[-42.67569,-19.52433],[-42.67567,-19.52435],[-42.67566,-19.52437],[-42.67565,-19.5244],[-42.67564,-19.52443],[-42.67564,-19.52446],[-42.67564,-19.52449],[-42.67563,-19.52451],[-42.67562,-19.52453],[-42.6756,-19.52455],[-42.67557,-19.52456],[-42.67555,-19.52457],[-42.67552,-19.52458],[-42.67548,-19.52458],[-42.67545,-19.52458],[-42.67542,-19.5246],[-42.6754,-19.52463],[-42.67538,-19.52466],[-42.67537,-19.5247],[-42.67536,-19.52475],[-42.67535,-19.52481],[-42.67535,-19.52488],[-42.67535,-19.52494],[-42.67536,-19.52499],[-42.67538,-19.52503],[-42.67539,-19.52506],[-42.67542,-19.52509],[-42.67544,-19.52511],[-42.67547,-19.52512],[-42.67551,-19.52512],[-42.67554,-19.52513],[-42.67557,-19.52517],[-42.67559,-19.52522],[-42.6756,-19.52529],[-42.67562,-19.52537],[-42.67562,-19.52547],[-42.67563,-19.52559],[-42.67562,-19.52573],[-42.67563,-19.52585],[-42.67564,-19.52595],[-42.67565,-19.52603],[-42.67566,-19.5261],[-42.67569,-19.52615],[-42.67571,-19.52619],[-42.67574,-19.5262],[-42.67578,-19.5262],[-42.67581,-19.52622],[-42.67584,-19.52626],[-42.67586,-19.52631],[-42.67587,-19.52637],[-42.67589,-19.52646],[-42.67589,-19.52656],[-42.6759,-19.52668],[-42.67589,-19.52681],[-42.67589,-19.52693],[-42.67588,-19.52703],[-42.67586,-19.52712],[-42.67584,-19.52719],[-42.67582,-19.52724],[-42.67579,-19.52727],[-42.67576,-19.52729],[-42.67573,-19.52729],[-42.6757,-19.52728],[-42.67567,-19.52726],[-42.67565,-19.52723],[-42.67563,-19.5272],[-42.67562,-19.52716],[-42.67561,-19.52711],[-42.67561,-19.52705],[-42.67561,-19.52698],[-42.6756,-19.52692],[-42.67558,-19.52687],[-42.67556,-19.52683],[-42.67552,-19.52679],[-42.67548,-19.52677],[-42.67542,-19.52675],[-42.67536,-19.52674],[-42.67529,-19.52674],[-42.67523,-19.52674],[-42.67517,-19.52675],[-42.67513,-19.52676],[-42.67509,-19.52678],[-42.67507,-19.5268],[-42.67505,-19.52682],[-42.67504,-19.52685],[-42.67504,-19.52689],[-42.67503,-19.52692],[-42.67502,-19.52694],[-42.67501,-19.52696],[-42.67499,-19.52698],[-42.67497,-19.52699],[-42.67494,-19.527],[-42.67491,-19.527],[-42.67487,-19.527],[-42.67484,-19.52701],[-42.67482,-19.52703],[-42.67479,-19.52705],[-42.67478,-19.52709],[-42.67476,-19.52713],[-42.67475,-19.52718],[-42.67475,-19.52724],[-42.67475,-19.52731],[-42.67474,-19.52737],[-42.67473,-19.52742],[-42.67472,-19.52746],[-42.6747,-19.52749],[-42.67468,-19.52752],[-42.67465,-19.52753],[-42.67462,-19.52754],[-42.67458,-19.52754],[-42.67455,-19.52755],[-42.67452,-19.52757],[-42.6745,-19.52759],[-42.67448,-19.52763],[-42.67447,-19.52767],[-42.67446,-19.52772],[-42.67445,-19.52778],[-42.67445,-19.52784],[-42.67445,-19.5279],[-42.67444,-19.52795],[-42.67442,-19.528],[-42.6744,-19.52803],[-42.67438,-19.52806],[-42.67436,-19.52807],[-42.67432,-19.52808],[-42.67429,-19.52808],[-42.67426,-19.52808],[-42.67423,-19.52807],[-42.67421,-19.52805],[-42.67419,-19.52804],[-42.67418,-19.52801],[-42.67417,-19.52799],[-42.67417,-19.52796],[-42.67417,-19.52793],[-42.67416,-19.5279],[-42.67415,-19.52787],[-42.67414,-19.52785],[-42.67412,-19.52783],[-42.6741,-19.52782],[-42.67407,-19.52781],[-42.67404,-19.52781],[-42.67401,-19.52781],[-42.67398,-19.5278],[-42.67395,-19.52779],[-42.67393,-19.52778],[-42.67391,-19.52776],[-42.6739,-19.52774],[-42.67389,-19.52771],[-42.67388,-19.52769],[-42.67388,-19.52765],[-42.67388,-19.52762],[-42.67387,-19.5276],[-42.67386,-19.52758],[-42.67384,-19.52756],[-42.67382,-19.52754],[-42.67379,-19.52754],[-42.67376,-19.52753],[-42.67372,-19.52753],[-42.67369,-19.52752],[-42.67367,-19.5275],[-42.67365,-19.52748],[-42.67363,-19.52745],[-42.67362,-19.5274],[-42.67361,-19.52735],[-42.6736,-19.52729],[-42.6736,-19.52722],[-42.67361,-19.52717],[-42.67362,-19.52712],[-42.67363,-19.52707],[-42.67365,-19.52704],[-42.67367,-19.52701],[-42.6737,-19.527],[-42.67373,-19.52699],[-42.67377,-19.52699],[-42.6738,-19.52699],[-42.67383,-19.52698],[-42.67385,-19.52697],[-42.67387,-19.52695],[-42.67388,-19.52693],[-42.67389,-19.5269],[-42.6739,-19.52687],[-42.6739,-19.52684],[-42.6739,-19.52681],[-42.67391,-19.52678],[-42.67392,-19.52676],[-42.67394,-19.52675],[-42.67396,-19.52673],[-42.67399,-19.52673],[-42.67402,-19.52672],[-42.67406,-19.52672],[-42.67409,-19.52671],[-42.67412,-19.5267],[-42.67414,-19.52667],[-42.67416,-19.52664],[-42.67417,-19.5266],[-42.67418,-19.52655],[-42.67419,-19.52649],[-42.67419,-19.52642],[-42.67419,-19.52636],[-42.6742,-19.52631],[-42.67422,-19.52627],[-42.67423,-19.52623],[-42.67426,-19.52621],[-42.67428,-19.52619],[-42.67432,-19.52618],[-42.67435,-19.52619],[-42.67438,-19.52617],[-42.67441,-19.52615],[-42.67443,-19.52611],[-42.67445,-19.52606],[-42.67447,-19.526],[-42.67448,-19.52592],[-42.67448,-19.52583],[-42.67448,-19.52573],[-42.67448,-19.52564],[-42.67447,-19.52556],[-42.67446,-19.5255],[-42.67444,-19.52545],[-42.67442,-19.52541],[-42.67439,-19.52539],[-42.67436,-19.52537],[-42.67433,-19.52537],[-42.6743,-19.52538],[-42.67427,-19.52538],[-42.67425,-19.5254],[-42.67423,-19.52541],[-42.67421,-19.52543],[-42.67421,-19.52546],[-42.6742,-19.52549],[-42.6742,-19.52552],[-42.6742,-19.52555],[-42.67419,-19.52558],[-42.67417,-19.5256],[-42.67415,-19.52562],[-42.67413,-19.52563],[-42.6741,-19.52564],[-42.67407,-19.52564],[-42.67404,-19.52564],[-42.67401,-19.52564],[-42.67398,-19.52563],[-42.67396,-19.52561],[-42.67394,-19.5256],[-42.67393,-19.52557],[-42.67392,-19.52555],[-42.67391,-19.52552],[-42.67391,-19.52549],[-42.67391,-19.52546],[-42.6739,-19.52543],[-42.67389,-19.52541],[-42.67387,-19.52539],[-42.67385,-19.52538],[-42.67382,-19.52537],[-42.67379,-19.52537],[-42.67376,-19.52537],[-42.67372,-19.52536],[-42.6737,-19.52535],[-42.67368,-19.52534],[-42.67366,-19.52532],[-42.67365,-19.5253],[-42.67364,-19.52528],[-42.67363,-19.52525],[-42.67363,-19.52521],[-42.67364,-19.52518],[-42.67365,-19.52516],[-42.67366,-19.52514],[-42.67368,-19.52512],[-42.6737,-19.52511],[-42.67373,-19.5251],[-42.67376,-19.52509],[-42.6738,-19.5251],[-42.67383,-19.52509],[-42.67385,-19.52508],[-42.67388,-19.52507],[-42.67389,-19.52505],[-42.67391,-19.52503],[-42.67392,-19.52501],[-42.67392,-19.52498],[-42.67392,-19.52494],[-42.67392,-19.52491],[-42.67391,-19.52489],[-42.6739,-19.52487],[-42.67388,-19.52485],[-42.67386,-19.52484],[-42.67383,-19.52483],[-42.6738,-19.52482],[-42.67376,-19.52482],[-42.67373,-19.52482],[-42.67371,-19.52481],[-42.67368,-19.5248],[-42.67367,-19.52478],[-42.67365,-19.52476],[-42.67364,-19.52473],[-42.67364,-19.5247],[-42.67364,-19.52467],[-42.67364,-19.52464],[-42.67363,-19.52461],[-42.67362,-19.52459],[-42.6736,-19.52458],[-42.67358,-19.52456],[-42.67355,-19.52455],[-42.67352,-19.52455],[-42.67348,-19.52455],[-42.67345,-19.52454],[-42.67342,-19.52452],[-42.6734,-19.5245],[-42.67339,-19.52446],[-42.67337,-19.52442],[-42.67336,-19.52437],[-42.67336,-19.52431],[-42.67336,-19.52424],[-42.67338,-19.52418],[-42.6734,-19.52413],[-42.67344,-19.52409],[-42.6735,-19.52406],[-42.67357,-19.52403],[-42.67365,-19.52402],[-42.67374,-19.52401],[-42.67385,-19.52401],[-42.67394,-19.52402],[-42.67402,-19.52403],[-42.67409,-19.52404],[-42.67414,-19.52406],[-42.67418,-19.52408],[-42.67421,-19.52411],[-42.67422,-19.52414],[-42.67422,-19.52417],[-42.67421,-19.5242],[-42.67421,-19.52422],[-42.67419,-19.52425],[-42.67417,-19.52426],[-42.67415,-19.52427],[-42.67412,-19.52428],[-42.67409,-19.52429],[-42.67406,-19.52429],[-42.67403,-19.52429],[-42.674,-19.5243],[-42.67398,-19.52431],[-42.67396,-19.52433],[-42.67394,-19.52435],[-42.67394,-19.52437],[-42.67393,-19.5244],[-42.67393,-19.52444],[-42.67395,-19.52447],[-42.67398,-19.52449],[-42.67404,-19.52451],[-42.67411,-19.52453],[-42.6742,-19.52455],[-42.6743,-19.52456],[-42.67443,-19.52456],[-42.67457,-19.52456],[-42.6747,-19.52456],[-42.6748,-19.52455],[-42.67489,-19.52454],[-42.67496,-19.52453],[-42.67502,-19.52451],[-42.67505,-19.52448],[-42.67507,-19.52445],[-42.67507,-19.52442],[-42.67508,-19.52439],[-42.67509,-19.52436],[-42.6751,-19.52434],[-42.67512,-19.52433],[-42.67514,-19.52431],[-42.67517,-19.5243],[-42.6752,-19.5243],[-42.67523,-19.5243],[-42.67527,-19.52429],[-42.67529,-19.52426],[-42.67532,-19.52423],[-42.67533,-19.52418],[-42.67535,-19.52411],[-42.67536,-19.52404],[-42.67536,-19.52395],[-42.67537,-19.52385],[-42.67536,-19.52376],[-42.67536,-19.52368],[-42.67534,-19.52362],[-42.67533,-19.52357],[-42.6753,-19.52353],[-42.67528,-19.5235],[-42.67525,-19.52349],[-42.67521,-19.52349],[-42.67518,-19.52348],[-42.67515,-19.52348],[-42.67513,-19.52346],[-42.67511,-19.52345],[-42.6751,-19.52342],[-42.67509,-19.5234],[-42.67509,-19.52337],[-42.67509,-19.52334],[-42.6751,-19.52331],[-42.67512,-19.52328],[-42.67514,-19.52326],[-42.67518,-19.52324],[-42.67522,-19.52323],[-42.67528,-19.52322],[-42.67534,-19.52322],[-42.67541,-19.52322],[-42.67547,-19.52323],[-42.67553,-19.52326],[-42.67557,-19.5233],[-42.67561,-19.52335],[-42.67563,-19.52341],[-42.67565,-19.52349],[-42.67566,-19.52358],[-42.67565,-19.52368],[-42.67566,-19.52377],[-42.67567,-19.52385],[-42.67568,-19.52391],[-42.67569,-19.52396],[-42.67572,-19.524],[-42.67574,-19.52402],[-42.67577,-19.52404],[-42.67581,-19.52404],[-42.67584,-19.52403],[-42.67587,-19.52401],[-42.67589,-19.52399],[-42.67591,-19.52395],[-42.67592,-19.52391],[-42.67593,-19.52386],[-42.67594,-19.5238],[-42.67594,-19.52374],[-42.67595,-19.52368],[-42.67597,-19.52363],[-42.67599,-19.52358],[-42.67603,-19.52355],[-42.67608,-19.52353],[-42.67613,-19.52351],[-42.67619,-19.5235],[-42.67626,-19.5235],[-42.67633,-19.5235],[-42.67638,-19.52349],[-42.67642,-19.52348],[-42.67646,-19.52346],[-42.67649,-19.52344],[-42.67651,-19.52342],[-42.67651,-19.52339],[-42.67652,-19.52335],[-42.67654,-19.52332],[-42.67658,-19.5233],[-42.67665,-19.52328],[-42.67674,-19.52326],[-42.67685,-19.52325],[-42.67699,-19.52325],[-42.67714,-19.52324],[-42.67732,-19.52325],[-42.67748,-19.52324],[-42.67761,-19.52324],[-42.67772,-19.52323],[-42.67781,-19.52321],[-42.67788,-19.52319],[-42.67792,-19.52316],[-42.67795,-19.52313],[-42.67795,-19.5231],[-42.67796,-19.52307],[-42.67799,-19.52305],[-42.67803,-19.52303],[-42.67808,-19.52301],[-42.67815,-19.523],[-42.67823,-19.52299],[-42.67832,-19.52299],[-42.67843,-19.52299],[-42.67852,-19.52299],[-42.6786,-19.523],[-42.67867,-19.52302],[-42.67872,-19.52303],[-42.67876,-19.52306],[-42.67879,-19.52308],[-42.6788,-19.52311]],[[-42.67537,-19.5262],[-42.6753,-19.5262],[-42.67523,-19.5262],[-42.67518,-19.52621],[-42.67514,-19.52622],[-42.6751,-19.52624],[-42.67507,-19.52626],[-42.67505,-19.52628],[-42.67505,-19.52631],[-42.67504,-19.52635],[-42.67505,-19.52638],[-42.67507,-19.5264],[-42.6751,-19.52642],[-42.67513,-19.52644],[-42.67518,-19.52645],[-42.67523,-19.52646],[-42.67529,-19.52647],[-42.67536,-19.52647],[-42.67543,-19.52647],[-42.67548,-19.52646],[-42.67553,-19.52645],[-42.67556,-19.52643],[-42.67559,-19.52641],[-42.67561,-19.52638],[-42.67562,-19.52635],[-42.67562,-19.52632],[-42.67561,-19.52629],[-42.67559,-19.52626],[-42.67556,-19.52624],[-42.67553,-19.52623],[-42.67548,-19.52621],[-42.67543,-19.5262],[-42.67537,-19.5262]]]}},
{"type":"Feature","properties":{"fid":9,"DN":1},"geometry":{"type":"Polygon","coordinates":[[[-42.66502,-19.52862],[-42.66502,-19.52865],[-42.66501,-19.52868],[-42.665,-19.52871],[-42.66499,-19.52873],[-42.66497,-19.52875],[-42.66495,-19.52876],[-42.66492,-19.52877],[-42.66489,-19.52877],[-42.66485,-19.52877],[-42.66482,-19.52877],[-42.6648,-19.52876],[-42.66477,-19.52874],[-42.66476,-19.52873],[-42.66474,-19.52871],[-42.66474,-19.52868],[-42.66473,-19.52865],[-42.66473,-19.52862],[-42.66474,-19.52859],[-42.66475,-19.52856],[-42.66476,-19.52854],[-42.66478,-19.52852],[-42.6648,-19.52851],[-42.66483,-19.5285],[-42.66486,-19.5285],[-42.66489,-19.5285],[-42.66493,-19.5285],[-42.66495,-19.52851],[-42.66497,-19.52853],[-42.66499,-19.52854],[-42.66501,-19.52856],[-42.66501,-19.52859],[-42.66502,-19.52862]]]}},
{"type":"Feature","properties":{"fid":10,"DN":1},"geometry":{"type":"Polygon","coordinates":[[[-42.67359,-19.52836],[-42.67358,-19.5286],[-42.67357,-19.5288],[-42.67355,-19.52898],[-42.67352,-19.52913],[-42.67349,-19.52925],[-42.67344,-19.52933],[-42.67339,-19.52939],[-42.67332,-19.52942],[-42.67325,-19.52942],[-42.67319,-19.52941],[-42.67314,-19.52939],[-42.67309,-19.52937],[-42.67306,-19.52933],[-42.67303,-19.52929],[-42.67301,-19.52924],[-42.67301,-19.52918],[-42.67301,-19.52911],[-42.67301,-19.52905],[-42.67302,-19.529],[-42.67304,-19.52896],[-42.67305,-19.52893],[-42.67308,-19.5289],[-42.6731,-19.52889],[-42.67313,-19.52888],[-42.67317,-19.52888],[-42.6732,-19.52886],[-42.67323,-19.52881],[-42.67325,-19.52875],[-42.67327,-19.52867],[-42.67329,-19.52856],[-42.6733,-19.52844],[-42.6733,-19.52829],[-42.67331,-19.52812],[-42.67331,-19.52797],[-42.67332,-19.52784],[-42.67334,-19.52774],[-42.67336,-19.52765],[-42.67338,-19.52759],[-42.67341,-19.52755],[-42.67344,-19.52753],[-42.67348,-19.52753],[-42.67351,-19.52756],[-42.67353,-19.52762],[-42.67355,-19.52771],[-42.67357,-19.52783],[-42.67358,-19.52797],[-42.67359,-19.52815],[-42.67359,-19.52836]]]}},
{"type":"Feature","properties":{"fid":13,"DN":1},"geometry":{"type":"Polygon","coordinates":[[[-42.665,-19.5297],[-42.665,-19.52974],[-42.66499,-19.52977],[-42.66497,-19.52979],[-42.66495,-19.52981],[-42.66491,-19.52983],[-42.66487,-19.52984],[-42.66481,-19.52985],[-42.66475,-19.52985],[-42.66468,-19.52985],[-42.66462,-19.52985],[-42.66456,-19.52984],[-42.66452,-19.52982],[-42.66448,-19.52981],[-42.66446,-19.52978],[-42.66444,-19.52976],[-42.66443,-19.52973],[-42.66443,-19.5297],[-42.66444,-19.52967],[-42.66446,-19.52964],[-42.66449,-19.52962],[-42.66452,-19.5296],[-42.66457,-19.52959],[-42.66462,-19.52958],[-42.66468,-19.52958],[-42.66475,-19.52958],[-42.66482,-19.52959],[-42.66487,-19.5296],[-42.66491,-19.52961],[-42.66495,-19.52963],[-42.66498,-19.52965],[-42.66499,-19.52967],[-42.665,-19.5297]]]}},
{"type":"Feature","properties":{"fid":14,"DN":1},"geometry":{"type":"Polygon","coordinates":[[[-42.67272,-19.52926],[-42.67272,-19.52929],[-42.67272,-19.52932],[-42.67273,-19.52935],[-42.67274,-19.52937],[-42.67276,-19.52939],[-42.67278,-19.5294],[-42.67281,-19.52941],[-42.67284,-19.52941],[-42.67288,-19.52942],[-42.67291,-19.52942],[-42.67293,-19.52943],[-42.67296,-19.52944],[-42.67297,-19.52946],[-42.67299,-19.52948],[-42.673,-19.52951],[-42.673,-19.52954],[-42.673,-19.52957],[-42.67301,-19.5296],[-42.67304,-19.52962],[-42.67308,-19.52965],[-42.67313,-19.52966],[-42.6732,-19.52968],[-42.67328,-19.52969],[-42.67337,-19.52969],[-42.67348,-19.52969],[-42.67357,-19.5297],[-42.67365,-19.52972],[-42.67372,-19.52975],[-42.67377,-19.52978],[-42.67381,-19.52983],[-42.67384,-19.52988],[-42.67385,-19.52994],[-42.67385,-19.53],[-42.67384,-19.53006],[-42.67384,-19.53011],[-42.67382,-19.53016],[-42.6738,-19.53019],[-42.67378,-19.53021],[-42.67375,-19.53023],[-42.67372,-19.53024],[-42.67369,-19.53024],[-42.67365,-19.53024],[-42.67363,-19.53025],[-42.67361,-19.53026],[-42.67359,-19.53028],[-42.67357,-19.5303],[-42.67356,-19.53033],[-42.67356,-19.53035],[-42.67356,-19.53039],[-42.67355,-19.53042],[-42.67353,-19.53044],[-42.6735,-19.53046],[-42.67347,-19.53048],[-42.67342,-19.53049],[-42.67337,-19.5305],[-42.67331,-19.5305],[-42.67324,-19.5305],[-42.67317,-19.53051],[-42.67312,-19.53053],[-42.67307,-19.53055],[-42.67304,-19.53058],[-42.67301,-19.53063],[-42.67299,-19.53068],[-42.67298,-19.53074],[-42.67298,-19.5308],[-42.67298,-19.53086],[-42.67297,-19.53091],[-42.67295,-19.53096],[-42.67293,-19.53099],[-42.67291,-19.53101],[-42.67289,-19.53103],[-42.67285,-19.53104],[-42.67282,-19.53104],[-42.67279,-19.53104],[-42.67276,-19.53105],[-42.67274,-19.53106],[-42.67272,-19.53108],[-42.67271,-19.5311],[-42.6727,-19.53113],[-42.67269,-19.53116],[-42.67269,-19.53119],[-42.67269,-19.53122],[-42.67268,-19.53124],[-42.67266,-19.53127],[-42.67265,-19.53128],[-42.67262,-19.53129],[-42.6726,-19.5313],[-42.67256,-19.53131],[-42.67253,-19.53131],[-42.6725,-19.53129],[-42.67247,-19.53125],[-42.67245,-19.5312],[-42.67243,-19.53114],[-42.67242,-19.53105],[-42.67241,-19.53095],[-42.67241,-19.53083],[-42.67241,-19.5307],[-42.67241,-19.53058],[-42.6724,-19.53048],[-42.67239,-19.53039],[-42.67237,-19.53032],[-42.67235,-19.53027],[-42.67233,-19.53024],[-42.67229,-19.53022],[-42.67226,-19.53022],[-42.67223,-19.53021],[-42.6722,-19.53019],[-42.67218,-19.53017],[-42.67216,-19.53013],[-42.67215,-19.53009],[-42.67214,-19.53004],[-42.67214,-19.52998],[-42.67214,-19.52991],[-42.67214,-19.52985],[-42.67215,-19.5298],[-42.67217,-19.52976],[-42.67219,-19.52973],[-42.67221,-19.5297],[-42.67224,-19.52969],[-42.67227,-19.52968],[-42.6723,-19.52968],[-42.67233,-19.52967],[-42.67236,-19.52965],[-42.67238,-19.52963],[-42.6724,-19.5296],[-42.67242,-19.52955],[-42.67243,-19.5295],[-42.67243,-19.52944],[-42.67243,-19.52938],[-42.67244,-19.52932],[-42.67245,-19.52927],[-42.67246,-19.52922],[-42.67248,-19.52919],[-42.6725,-19.52917],[-42.67253,-19.52915],[-42.67256,-19.52914],[-42.6726,-19.52914],[-42.67263,-19.52915],[-42.67265,-19.52915],[-42.67268,-19.52917],[-42.67269,-19.52918],[-42.67271,-19.52921],[-42.67271,-19.52923],[-42.67272,-19.52926]]]}},
{"type":"Feature","properties":{"fid":19,"DN":1},"geometry":{"type":"Polygon","coordinates":[[[-42.68459,-19.53808],[-42.68459,-19.53811],[-42.68458,-19.53814],[-42.68457,-19.53817],[-42.68456,-19.53819],[-42.68454,-19.5382],[-42.68452,-19.53822],[-42.68449,-19.53822],[-42.68446,-19.53823],[-42.68442,-19.53823],[-42.68439,-19.53822],[-42.68437,-19.53821],[-42.68434,-19.5382],[-42.68433,-19.53818],[-42.68431,-19.53816],[-42.6843,-19.53814],[-42.6843,-19.53811],[-42.6843,-19.53807],[-42.68431,-19.53804],[-42.68432,-19.53802],[-42.68433,-19.538],[-42.68435,-19.53798],[-42.68437,-19.53797],[-42.6844,-19.53796],[-42.68443,-19.53796],[-42.68446,-19.53796],[-42.68449,-19.53796],[-42.68452,-19.53797],[-42.68454,-19.53798],[-42.68456,-19.538],[-42.68457,-19.53802],[-42.68458,-19.53805],[-42.68459,-19.53808]]]}},
{"type":"Feature","properties":{"fid":20,"DN":1},"geometry":{"type":"Polygon","coordinates":[[[-42.68258,-19.53886],[-42.68258,-19.5389],[-42.68257,-19.53893],[-42.68255,-19.53895],[-42.68252,-19.53897],[-42.68249,-19.53899],[-42.68244,-19.539],[-42.68239,-19.53901],[-42.68232,-19.53901],[-42.68225,-19.53901],[-42.68219,-19.53901],[-42.68214,-19.539],[-42.68209,-19.53898],[-42.68206,-19.53897],[-42.68203,-19.53895],[-42.68201,-19.53892],[-42.682,-19.53889],[-42.68201,-19.53886],[-42.68201,-19.53883],[-42.68203,-19.5388],[-42.68206,-19.53878],[-42.6821,-19.53876],[-42.68214,-19.53875],[-42.68219,-19.53874],[-42.68226,-19.53874],[-42.68233,-19.53874],[-42.68239,-19.53875],[-42.68244,-19.53876],[-42.68249,-19.53877],[-42.68252,-19.53879],[-42.68255,-19.53881],[-42.68257,-19.53883],[-42.68258,-19.53886]]]}},
{"type":"Feature","properties":{"fid":21,"DN":1},"geometry":{"type":"Polygon","coordinates":[[[-42.682,-19.53913],[-42.682,-19.53916],[-42.68199,-19.53919],[-42.68197,-19.53922],[-42.68195,-19.53924],[-42.68191,-19.53925],[-42.68187,-19.53927],[-42.68181,-19.53927],[-42.68175,-19.53928],[-42.68168,-19.53928],[-42.68162,-19.53927],[-42.68156,-19.53926],[-42.68152,-19.53925],[-42.68148,-19.53923],[-42.68146,-19.53921],[-42.68144,-19.53918],[-42.68143,-19.53915],[-42.68143,-19.53912],[-42.68144,-19.53909],[-42.68146,-19.53907],[-42.68148,-19.53904],[-42.68152,-19.53903],[-42.68157,-19.53902],[-42.68162,-19.53901],[-42.68168,-19.539],[-42.68175,-19.53901],[-42.68182,-19.53901],[-42.68187,-19.53902],[-42.68191,-19.53903],[-42.68195,-19.53905],[-42.68198,-19.53907],[-42.68199,-19.5391],[-42.682,-19.53913]]]}},
{"type":"Feature","properties":{"fid":27,"DN":1},"geometry":{"type":"Polygon","coordinates":[[[-42.68165,-19.54345],[-42.68165,-19.54349],[-42.68165,-19.54352],[-42.68164,-19.54354],[-42.68163,-19.54356],[-42.68161,-19.54358],[-42.68159,-19.54359],[-42.68156,-19.5436],[-42.68153,-19.54361],[-42.68149,-19.5436],[-42.68146,-19.5436],[-42.68143,-19.54359],[-42.68141,-19.54358],[-42.68139,-19.54356],[-42.68138,-19.54354],[-42.68137,-19.54351],[-42.68137,-19.54348],[-42.68137,-19.54345],[-42.68137,-19.54342],[-42.68138,-19.5434],[-42.6814,-19.54338],[-42.68141,-19.54336],[-42.68144,-19.54335],[-42.68146,-19.54334],[-42.6815,-19.54333],[-42.68153,-19.54333],[-42.68156,-19.54334],[-42.68159,-19.54335],[-42.68161,-19.54336],[-42.68163,-19.54338],[-42.68164,-19.5434],[-42.68165,-19.54343],[-42.68165,-19.54345]]]}},
{"type":"Feature","properties":{"fid":28,"DN":1},"geometry":{"type":"Polygon","coordinates":[[[-42.66305,-19.52616],[-42.66305,-19.52619],[-42.66309,-19.52622],[-42.66317,-19.52625],[-42.66329,-19.52627],[-42.66345,-19.52629],[-42.66365,-19.52631],[-42.6639,-19.52632],[-42.66418,-19.52632],[-42.6645,-19.52633],[-42.66478,-19.52634],[-42.66502,-19.52635],[-42.66522,-19.52636],[-42.66538,-19.52638],[-42.6655,-19.52641],[-42.66558,-19.52643],[-42.66562,-19.52646],[-42.66562,-19.5265],[-42.66563,-19.52653],[-42.66566,-19.52655],[-42.6657,-19.52657],[-42.66575,-19.52659],[-42.66582,-19.5266],[-42.6659,-19.52661],[-42.66599,-19.52662],[-42.6661,-19.52662],[-42.66619,-19.52663],[-42.66627,-19.52664],[-42.66634,-19.52665],[-42.66639,-19.52667],[-42.66643,-19.52669],[-42.66646,-19.52671],[-42.66647,-19.52674],[-42.66647,-19.52678],[-42.66648,-19.52681],[-42.66651,-19.52683],[-42.66655,-19.52685],[-42.6666,-19.52687],[-42.66667,-19.52689],[-42.66675,-19.5269],[-42.66684,-19.5269],[-42.66695,-19.5269],[-42.66705,-19.52691],[-42.66713,-19.52692],[-42.66719,-19.52693],[-42.66725,-19.52695],[-42.66729,-19.52697],[-42.66731,-19.527],[-42.66733,-19.52703],[-42.66732,-19.52706],[-42.66734,-19.52709],[-42.66736,-19.52711],[-42.6674,-19.52714],[-42.66746,-19.52715],[-42.66752,-19.52717],[-42.6676,-19.52718],[-42.6677,-19.52718],[-42.6678,-19.52718],[-42.6679,-19.52719],[-42.66798,-19.5272],[-42.66805,-19.52721],[-42.6681,-19.52723],[-42.66814,-19.52725],[-42.66816,-19.52728],[-42.66818,-19.52731],[-42.66818,-19.52734],[-42.66819,-19.52737],[-42.6682,-19.5274],[-42.66823,-19.52742],[-42.66827,-19.52744],[-42.66831,-19.52745],[-42.66836,-19.52746],[-42.66843,-19.52746],[-42.6685,-19.52746],[-42.66856,-19.52747],[-42.66861,-19.52748],[-42.66866,-19.52749],[-42.66869,-19.52751],[-42.66872,-19.52753],[-42.66874,-19.52756],[-42.66874,-19.52759],[-42.66874,-19.52762],[-42.66875,-19.52765],[-42.66877,-19.52767],[-42.6688,-19.5277],[-42.66883,-19.52771],[-42.66888,-19.52773],[-42.66893,-19.52774],[-42.66899,-19.52774],[-42.66906,-19.52774],[-42.66913,-19.52775],[-42.66918,-19.52776],[-42.66922,-19.52777],[-42.66926,-19.52779],[-42.66929,-19.52781],[-42.6693,-19.52783],[-42.66931,-19.52786],[-42.66931,-19.5279],[-42.66932,-19.52793],[-42.66932,-19.52795],[-42.66934,-19.52797],[-42.66935,-19.52799],[-42.66938,-19.528],[-42.6694,-19.52801],[-42.66943,-19.52802],[-42.66947,-19.52802],[-42.6695,-19.52802],[-42.66953,-19.52803],[-42.66955,-19.52804],[-42.66957,-19.52806],[-42.66958,-19.52808],[-42.66959,-19.52811],[-42.66959,-19.52814],[-42.66959,-19.52817],[-42.6696,-19.5282],[-42.66961,-19.52823],[-42.66962,-19.52825],[-42.66964,-19.52827],[-42.66966,-19.52828],[-42.66969,-19.52829],[-42.66972,-19.52829],[-42.66975,-19.52829],[-42.66978,-19.5283],[-42.66981,-19.52831],[-42.66983,-19.52832],[-42.66985,-19.52834],[-42.66986,-19.52836],[-42.66987,-19.52838],[-42.66988,-19.52841],[-42.66987,-19.52845],[-42.66988,-19.52848],[-42.66989,-19.5285],[-42.6699,-19.52852],[-42.66992,-19.52854],[-42.66994,-19.52855],[-42.66997,-19.52856],[-42.67,-19.52857],[-42.67003,-19.52857],[-42.67006,-19.52857],[-42.67009,-19.52858],[-42.67011,-19.52859],[-42.67013,-19.52861],[-42.67014,-19.52863],[-42.67015,-19.52866],[-42.67016,-19.52869],[-42.67016,-19.52872],[-42.67016,-19.52875],[-42.67018,-19.52878],[-42.67021,-19.5288],[-42.67024,-19.52881],[-42.67029,-19.52883],[-42.67034,-19.52884],[-42.6704,-19.52884],[-42.67048,-19.52884],[-42.67054,-19.52885],[-42.67059,-19.52886],[-42.67064,-19.52887],[-42.67067,-19.52889],[-42.6707,-19.52891],[-42.67072,-19.52893],[-42.67072,-19.52896],[-42.67072,-19.529],[-42.67073,-19.52903],[-42.67074,-19.52905],[-42.67075,-19.52907],[-42.67077,-19.52909],[-42.67079,-19.5291],[-42.67082,-19.52911],[-42.67085,-19.52912],[-42.67088,-19.52912],[-42.67091,-19.52912],[-42.67094,-19.52913],[-42.67096,-19.52915],[-42.67098,-19.52916],[-42.67099,-19.52918],[-42.671,-19.52921],[-42.67101,-19.52924],[-42.67101,-19.52927],[-42.67101,-19.5293],[-42.67102,-19.52933],[-42.67103,-19.52935],[-42.67105,-19.52937],[-42.67107,-19.52938],[-42.6711,-19.52939],[-42.67113,-19.52939],[-42.67116,-19.52939],[-42.6712,-19.5294],[-42.67122,-19.52942],[-42.67124,-19.52945],[-42.67126,-19.52948],[-42.67127,-19.52952],[-42.67128,-19.52957],[-42.67129,-19.52963],[-42.67128,-19.5297],[-42.67129,-19.52976],[-42.6713,-19.52981],[-42.67131,-19.52985],[-42.67133,-19.52989],[-42.67135,-19.52991],[-42.67137,-19.52993],[-42.67141,-19.52994],[-42.67144,-19.52994],[-42.67147,-19.52994],[-42.6715,-19.52995],[-42.67152,-19.52996],[-42.67154,-19.52998],[-42.67155,-19.53],[-42.67156,-19.53003],[-42.67156,-19.53006],[-42.67156,-19.53009],[-42.67157,-19.53012],[-42.67158,-19.53015],[-42.67159,-19.53017],[-42.67161,-19.53019],[-42.67163,-19.5302],[-42.67166,-19.53021],[-42.67169,-19.53021],[-42.67172,-19.53021],[-42.67175,-19.53022],[-42.67178,-19.53024],[-42.6718,-19.53026],[-42.67182,-19.5303],[-42.67183,-19.53034],[-42.67184,-19.53039],[-42.67184,-19.53045],[-42.67184,-19.53052],[-42.67185,-19.53058],[-42.67186,-19.53063],[-42.67187,-19.53067],[-42.67189,-19.53071],[-42.67191,-19.53073],[-42.67193,-19.53075],[-42.67197,-19.53076],[-42.672,-19.53076],[-42.67203,-19.53077],[-42.67206,-19.5308],[-42.67208,-19.53083],[-42.6721,-19.53089],[-42.67211,-19.53095],[-42.67212,-19.53103],[-42.67212,-19.53111],[-42.67212,-19.53122],[-42.67212,-19.53131],[-42.67213,-19.53138],[-42.67214,-19.53144],[-42.67216,-19.5315],[-42.67218,-19.53153],[-42.67221,-19.53156],[-42.67224,-19.53157],[-42.67227,-19.53157],[-42.67231,-19.5316],[-42.67233,-19.53164],[-42.67235,-19.5317],[-42.67237,-19.53179],[-42.67238,-19.53189],[-42.67239,-19.53202],[-42.67239,-19.53217],[-42.67239,-19.53234],[-42.67238,-19.53248],[-42.67237,-19.53261],[-42.67236,-19.53272],[-42.67234,-19.5328],[-42.67231,-19.53286],[-42.67229,-19.53291],[-42.67226,-19.53293],[-42.67222,-19.53293],[-42.67219,-19.53293],[-42.67216,-19.53295],[-42.67214,-19.53298],[-42.67212,-19.53301],[-42.67211,-19.53305],[-42.6721,-19.5331],[-42.67209,-19.53316],[-42.67209,-19.53323],[-42.67209,-19.53329],[-42.6721,-19.53334],[-42.67212,-19.53338],[-42.67213,-19.53342],[-42.67215,-19.53344],[-42.67218,-19.53346],[-42.67221,-19.53347],[-42.67225,-19.53347],[-42.67228,-19.53347],[-42.67231,-19.53348],[-42.67233,-19.53349],[-42.67235,-19.53351],[-42.67236,-19.53353],[-42.67237,-19.53356],[-42.67237,-19.53359],[-42.67237,-19.53362],[-42.67237,-19.53365],[-42.67236,-19.53368],[-42.67234,-19.5337],[-42.67232,-19.53371],[-42.6723,-19.53373],[-42.67228,-19.53374],[-42.67224,-19.53374],[-42.67221,-19.53374],[-42.67218,-19.53375],[-42.67215,-19.53378],[-42.67213,-19.53381],[-42.67211,-19.53386],[-42.67209,-19.53393],[-42.67208,-19.534],[-42.67208,-19.53409],[-42.67208,-19.53419],[-42.67208,-19.53428],[-42.67209,-19.53436],[-42.6721,-19.53442],[-42.67212,-19.53447],[-42.67214,-19.53451],[-42.67217,-19.53454],[-42.6722,-19.53455],[-42.67223,-19.53455],[-42.67226,-19.53456],[-42.67229,-19.53459],[-42.67231,-19.53463],[-42.67233,-19.53468],[-42.67234,-19.53474],[-42.67235,-19.53482],[-42.67235,-19.53491],[-42.67235,-19.53501],[-42.67235,-19.5351],[-42.67236,-19.53517],[-42.67237,-19.53524],[-42.67239,-19.53529],[-42.67241,-19.53533],[-42.67244,-19.53535],[-42.67247,-19.53537],[-42.67251,-19.53537],[-42.67254,-19.53538],[-42.67256,-19.53539],[-42.67259,-19.53542],[-42.6726,-19.53545],[-42.67262,-19.5355],[-42.67262,-19.53555],[-42.67263,-19.53561],[-42.67263,-19.53567],[-42.67263,-19.53573],[-42.67264,-19.53578],[-42.67265,-19.53583],[-42.67267,-19.53586],[-42.67269,-19.53589],[-42.67272,-19.5359],[-42.67275,-19.53591],[-42.67278,-19.53591],[-42.67282,-19.53592],[-42.67284,-19.53593],[-42.67286,-19.53594],[-42.67288,-19.53596],[-42.67289,-19.53598],[-42.6729,-19.536],[-42.67291,-19.53603],[-42.67291,-19.53607],[-42.67292,-19.5361],[-42.67293,-19.53612],[-42.67296,-19.53614],[-42.67299,-19.53616],[-42.67304,-19.53617],[-42.67309,-19.53618],[-42.67315,-19.53619],[-42.67323,-19.53619],[-42.67329,-19.53619],[-42.67334,-19.5362],[-42.67339,-19.53622],[-42.67342,-19.53623],[-42.67345,-19.53625],[-42.67347,-19.53628],[-42.67347,-19.53631],[-42.67347,-19.53634],[-42.67348,-19.53637],[-42.6735,-19.5364],[-42.67353,-19.53642],[-42.67356,-19.53644],[-42.67361,-19.53645],[-42.67366,-19.53646],[-42.67372,-19.53647],[-42.67379,-19.53647],[-42.67386,-19.53647],[-42.67391,-19.53648],[-42.67395,-19.53649],[-42.67399,-19.53651],[-42.67402,-19.53653],[-42.67403,-19.53656],[-42.67404,-19.53659],[-42.67404,-19.53662],[-42.67404,-19.53665],[-42.67405,-19.53668],[-42.67407,-19.5367],[-42.67408,-19.53672],[-42.67411,-19.53673],[-42.67413,-19.53674],[-42.67416,-19.53674],[-42.6742,-19.53674],[-42.67423,-19.53675],[-42.67426,-19.53676],[-42.67428,-19.53677],[-42.6743,-19.53679],[-42.67431,-19.53681],[-42.67432,-19.53683],[-42.67432,-19.53686],[-42.67432,-19.5369],[-42.67433,-19.53693],[-42.67434,-19.53695],[-42.67435,-19.53697],[-42.67437,-19.53699],[-42.67439,-19.537],[-42.67441,-19.53701],[-42.67445,-19.53702],[-42.67448,-19.53702],[-42.67451,-19.53702],[-42.67454,-19.53703],[-42.67456,-19.53704],[-42.67458,-19.53706],[-42.67459,-19.53708],[-42.6746,-19.53711],[-42.6746,-19.53714],[-42.6746,-19.53717],[-42.67461,-19.5372],[-42.67462,-19.53723],[-42.67463,-19.53725],[-42.67465,-19.53726],[-42.67467,-19.53728],[-42.6747,-19.53729],[-42.67473,-19.53729],[-42.67476,-19.53729],[-42.67479,-19.5373],[-42.67482,-19.5373],[-42.67484,-19.53732],[-42.67486,-19.53733],[-42.67487,-19.53736],[-42.67488,-19.53738],[-42.67489,-19.53741],[-42.67489,-19.53745],[-42.67489,-19.53747],[-42.6749,-19.5375],[-42.67491,-19.53752],[-42.67493,-19.53754],[-42.67495,-19.53755],[-42.67498,-19.53756],[-42.67501,-19.53757],[-42.67504,-19.53757],[-42.67508,-19.53757],[-42.6751,-19.53758],[-42.67512,-19.53759],[-42.67514,-19.53761],[-42.67516,-19.53763],[-42.67516,-19.53766],[-42.67517,-19.53769],[-42.67517,-19.53772],[-42.67517,-19.53775],[-42.67518,-19.53777],[-42.67519,-19.5378],[-42.67521,-19.53781],[-42.67523,-19.53783],[-42.67526,-19.53783],[-42.67529,-19.53784],[-42.67533,-19.53784],[-42.67536,-19.53784],[-42.67538,-19.53785],[-42.67541,-19.53787],[-42.67542,-19.53788],[-42.67544,-19.5379],[-42.67545,-19.53793],[-42.67545,-19.53796],[-42.67545,-19.53799],[-42.67545,-19.53802],[-42.67546,-19.53805],[-42.67547,-19.53807],[-42.67549,-19.53809],[-42.67551,-19.5381],[-42.67554,-19.53811],[-42.67557,-19.53811],[-42.67561,-19.53811],[-42.67564,-19.53812],[-42.67567,-19.53813],[-42.67569,-19.53814],[-42.67571,-19.53816],[-42.67572,-19.53818],[-42.67573,-19.5382],[-42.67573,-19.53823],[-42.67573,-19.53827],[-42.67573,-19.5383],[-42.67574,-19.53832],[-42.67576,-19.53834],[-42.67577,-19.53836],[-42.6758,-19.53837],[-42.67582,-19.53838],[-42.67585,-19.53839],[-42.67589,-19.53839],[-42.67592,-19.53839],[-42.67595,-19.5384],[-42.67597,-19.53842],[-42.67599,-19.53843],[-42.676,-19.53845],[-42.67601,-19.53848],[-42.67601,-19.53851],[-42.67601,-19.53854],[-42.67602,-19.53857],[-42.67603,-19.5386],[-42.67604,-19.53862],[-42.67606,-19.53864],[-42.67608,-19.53865],[-42.6761,-19.53866],[-42.67614,-19.53866],[-42.67617,-19.53866],[-42.6762,-19.53867],[-42.67623,-19.53868],[-42.67625,-19.53869],[-42.67627,-19.53871],[-42.67628,-19.53873],[-42.67629,-19.53875],[-42.67629,-19.53878],[-42.67629,-19.53882],[-42.6763,-19.53885],[-42.67631,-19.53887],[-42.67632,-19.53889],[-42.67634,-19.53891],[-42.67636,-19.53892],[-42.67639,-19.53893],[-42.67642,-19.53894],[-42.67645,-19.53894],[-42.67648,-19.53894],[-42.67651,-19.53895],[-42.67653,-19.53896],[-42.67655,-19.53898],[-42.67656,-19.539],[-42.67657,-19.53903],[-42.67658,-19.53906],[-42.67658,-19.53909],[-42.67658,-19.53912],[-42.67659,-19.53915],[-42.6766,-19.53917],[-42.67662,-19.53918],[-42.67664,-19.5392],[-42.67667,-19.53921],[-42.6767,-19.53921],[-42.67673,-19.53921],[-42.67677,-19.53922],[-42.67679,-19.53923],[-42.67681,-19.53924],[-42.67683,-19.53926],[-42.67685,-19.53928],[-42.67685,-19.5393],[-42.67686,-19.53933],[-42.67686,-19.53937],[-42.67687,-19.5394],[-42.67688,-19.53942],[-42.67691,-19.53944],[-42.67695,-19.53946],[-42.67699,-19.53947],[-42.67704,-19.53948],[-42.67711,-19.53949],[-42.67718,-19.53949],[-42.67724,-19.53949],[-42.67729,-19.5395],[-42.67734,-19.53952],[-42.67737,-19.53953],[-42.6774,-19.53955],[-42.67742,-19.53958],[-42.67743,-19.53961],[-42.67742,-19.53964],[-42.67746,-19.53967],[-42.67754,-19.5397],[-42.67766,-19.53972],[-42.67782,-19.53974],[-42.67803,-19.53976],[-42.67827,-19.53977],[-42.67855,-19.53978],[-42.67887,-19.53978],[-42.67915,-19.53978],[-42.67939,-19.53977],[-42.67959,-19.53976],[-42.67975,-19.53975],[-42.67987,-19.53973],[-42.67995,-19.53971],[-42.67999,-19.53968],[-42.67999,-19.53964],[-42.68001,-19.53961],[-42.68004,-19.53959],[-42.68008,-19.53957],[-42.68013,-19.53955],[-42.6802,-19.53954],[-42.68028,-19.53953],[-42.68037,-19.53953],[-42.68048,-19.53953],[-42.68057,-19.53953],[-42.68065,-19.53952],[-42.68072,-19.53951],[-42.68077,-19.53949],[-42.68081,-19.53947],[-42.68084,-19.53945],[-42.68085,-19.53942],[-42.68086,-19.53938],[-42.68086,-19.53935],[-42.68088,-19.53933],[-42.68091,-19.53931],[-42.68095,-19.53929],[-42.68099,-19.53928],[-42.68104,-19.53927],[-42.68111,-19.53927],[-42.68118,-19.53927],[-42.68124,-19.53927],[-42.68129,-19.53928],[-42.68134,-19.5393],[-42.68137,-19.53931],[-42.6814,-19.53934],[-42.68142,-19.53936],[-42.68143,-19.53939],[-42.68143,-19.53942],[-42.68142,-19.53945],[-42.68141,-19.53948],[-42.6814,-19.5395],[-42.68138,-19.53952],[-42.68136,-19.53953],[-42.68133,-19.53954],[-42.6813,-19.53954],[-42.68126,-19.53954],[-42.68123,-19.53954],[-42.68121,-19.53955],[-42.68118,-19.53957],[-42.68116,-19.53958],[-42.68115,-19.5396],[-42.68114,-19.53963],[-42.68114,-19.53966],[-42.68114,-19.53969],[-42.68115,-19.53972],[-42.68116,-19.53975],[-42.68119,-19.53977],[-42.68122,-19.53979],[-42.68127,-19.5398],[-42.68132,-19.53981],[-42.68138,-19.53981],[-42.68146,-19.53981],[-42.68152,-19.53981],[-42.68157,-19.5398],[-42.68162,-19.53979],[-42.68165,-19.53977],[-42.68168,-19.53975],[-42.6817,-19.53973],[-42.68171,-19.5397],[-42.68171,-19.53966],[-42.68173,-19.53964],[-42.68178,-19.53961],[-42.68184,-19.53959],[-42.68193,-19.53957],[-42.68204,-19.53956],[-42.68218,-19.53956],[-42.68233,-19.53955],[-42.68251,-19.53956],[-42.68267,-19.53955],[-42.6828,-19.53955],[-42.68291,-19.53954],[-42.683,-19.53952],[-42.68307,-19.5395],[-42.68312,-19.53948],[-42.68314,-19.53945],[-42.68314,-19.53941],[-42.68314,-19.53938],[-42.68315,-19.53936],[-42.68317,-19.53934],[-42.68319,-19.53932],[-42.68321,-19.53931],[-42.68323,-19.5393],[-42.68327,-19.5393],[-42.6833,-19.5393],[-42.68333,-19.53929],[-42.68336,-19.53928],[-42.68338,-19.53927],[-42.6834,-19.53926],[-42.68341,-19.53923],[-42.68342,-19.53921],[-42.68343,-19.53918],[-42.68343,-19.53915],[-42.68343,-19.53912],[-42.68344,-19.53909],[-42.68346,-19.53907],[-42.68347,-19.53905],[-42.6835,-19.53904],[-42.68352,-19.53903],[-42.68356,-19.53903],[-42.68359,-19.53903],[-42.68362,-19.53903],[-42.68365,-19.53902],[-42.68367,-19.539],[-42.68369,-19.53899],[-42.6837,-19.53897],[-42.68371,-19.53894],[-42.68372,-19.53891],[-42.68372,-19.53888],[-42.68371,-19.53885],[-42.68369,-19.53882],[-42.68367,-19.5388],[-42.68363,-19.53878],[-42.68359,-19.53877],[-42.68353,-19.53876],[-42.68347,-19.53876],[-42.6834,-19.53876],[-42.68334,-19.53875],[-42.68328,-19.53874],[-42.68324,-19.53873],[-42.6832,-19.53871],[-42.68318,-19.53869],[-42.68316,-19.53866],[-42.68315,-19.53863],[-42.68315,-19.5386],[-42.68316,-19.53857],[-42.68318,-19.53855],[-42.68321,-19.53853],[-42.68324,-19.53851],[-42.68329,-19.5385],[-42.68334,-19.53849],[-42.6834,-19.53849],[-42.68347,-19.53849],[-42.68354,-19.53848],[-42.68359,-19.53847],[-42.68364,-19.53846],[-42.68367,-19.53845],[-42.6837,-19.53843],[-42.68372,-19.5384],[-42.68373,-19.53837],[-42.68373,-19.53834],[-42.68374,-19.53831],[-42.68375,-19.53828],[-42.68378,-19.53826],[-42.68382,-19.53825],[-42.68386,-19.53823],[-42.68392,-19.53823],[-42.68398,-19.53822],[-42.68405,-19.53822],[-42.68411,-19.53823],[-42.68416,-19.53824],[-42.68421,-19.53825],[-42.68424,-19.53827],[-42.68427,-19.53829],[-42.68429,-19.53831],[-42.6843,-19.53834],[-42.6843,-19.53838],[-42.68429,-19.53841],[-42.68428,-19.53843],[-42.68427,-19.53845],[-42.68425,-19.53847],[-42.68423,-19.53848],[-42.6842,-19.53849],[-42.68417,-19.5385],[-42.68413,-19.53849],[-42.6841,-19.5385],[-42.68408,-19.53851],[-42.68405,-19.53852],[-42.68404,-19.53854],[-42.68402,-19.53856],[-42.68401,-19.53858],[-42.68401,-19.53861],[-42.68401,-19.53865],[-42.68402,-19.53868],[-42.68405,-19.5387],[-42.68409,-19.53872],[-42.68414,-19.53874],[-42.68421,-19.53875],[-42.68429,-19.53876],[-42.68438,-19.53877],[-42.68449,-19.53877],[-42.68458,-19.53877],[-42.68466,-19.53876],[-42.68473,-19.53875],[-42.68478,-19.53873],[-42.68482,-19.53871],[-42.68485,-19.53869],[-42.68486,-19.53866],[-42.68486,-19.53862],[-42.68487,-19.53859],[-42.68488,-19.53857],[-42.68489,-19.53855],[-42.68491,-19.53853],[-42.68493,-19.53852],[-42.68496,-19.53851],[-42.68499,-19.53851],[-42.68503,-19.53851],[-42.68506,-19.5385],[-42.68508,-19.53849],[-42.68511,-19.53848],[-42.68513,-19.53847],[-42.68514,-19.53844],[-42.68515,-19.53842],[-42.68515,-19.53839],[-42.68515,-19.53836],[-42.68515,-19.53833],[-42.68514,-19.5383],[-42.68513,-19.53828],[-42.68511,-19.53826],[-42.68509,-19.53825],[-42.68506,-19.53824],[-42.68503,-19.53824],[-42.68499,-19.53823],[-42.68496,-19.53823],[-42.68494,-19.53821],[-42.68492,-19.53818],[-42.6849,-19.53815],[-42.68489,-19.53811],[-42.68488,-19.53806],[-42.68487,-19.538],[-42.68487,-19.53793],[-42.68489,-19.53787],[-42.68492,-19.53782],[-42.68496,-19.53778],[-42.68501,-19.53774],[-42.68508,-19.53772],[-42.68516,-19.5377],[-42.68525,-19.5377],[-42.68536,-19.5377],[-42.68545,-19.5377],[-42.68553,-19.53769],[-42.6856,-19.53768],[-42.68565,-19.53766],[-42.68569,-19.53764],[-42.68572,-19.53761],[-42.68574,-19.53758],[-42.68574,-19.53755],[-42.68575,-19.53752],[-42.68578,-19.5375],[-42.68582,-19.53748],[-42.68587,-19.53746],[-42.68594,-19.53745],[-42.68602,-19.53744],[-42.68611,-19.53744],[-42.68622,-19.53744],[-42.68631,-19.53745],[-42.68639,-19.53747],[-42.68646,-19.53749],[-42.68651,-19.53753],[-42.68655,-19.53757],[-42.68658,-19.53762],[-42.68659,-19.53768],[-42.68659,-19.53775],[-42.6866,-19.53781],[-42.68663,-19.53786],[-42.68667,-19.5379],[-42.68672,-19.53794],[-42.68679,-19.53796],[-42.68687,-19.53798],[-42.68696,-19.53799],[-42.68707,-19.53799],[-42.68716,-19.53802],[-42.68724,-19.53808],[-42.68731,-19.53817],[-42.68736,-19.53829],[-42.6874,-19.53844],[-42.68742,-19.53862],[-42.68743,-19.53882],[-42.68743,-19.53906],[-42.68742,-19.53927],[-42.68741,-19.53945],[-42.68739,-19.53959],[-42.68737,-19.53971],[-42.68735,-19.5398],[-42.68732,-19.53986],[-42.68729,-19.53989],[-42.68726,-19.53989],[-42.68722,-19.53988],[-42.6872,-19.53987],[-42.68718,-19.53986],[-42.68716,-19.53984],[-42.68715,-19.53982],[-42.68714,-19.5398],[-42.68713,-19.53977],[-42.68713,-19.53973],[-42.68712,-19.5397],[-42.68711,-19.53968],[-42.68708,-19.53966],[-42.68705,-19.53964],[-42.687,-19.53963],[-42.68695,-19.53962],[-42.68689,-19.53961],[-42.68681,-19.53961],[-42.68675,-19.53962],[-42.6867,-19.53962],[-42.68665,-19.53964],[-42.68662,-19.53965],[-42.68659,-19.53967],[-42.68657,-19.5397],[-42.68656,-19.53973],[-42.68656,-19.53976],[-42.68655,-19.53979],[-42.68653,-19.53982],[-42.68651,-19.53984],[-42.68647,-19.53985],[-42.68643,-19.53987],[-42.68637,-19.53987],[-42.68631,-19.53988],[-42.68624,-19.53988],[-42.68618,-19.53987],[-42.68612,-19.53986],[-42.68608,-19.53985],[-42.68604,-19.53983],[-42.68602,-19.53981],[-42.686,-19.53978],[-42.68599,-19.53975],[-42.68599,-19.53972],[-42.68598,-19.53969],[-42.68597,-19.53966],[-42.68594,-19.53964],[-42.6859,-19.53963],[-42.68586,-19.53961],[-42.68581,-19.5396],[-42.68574,-19.5396],[-42.68567,-19.5396],[-42.68561,-19.53961],[-42.68555,-19.53963],[-42.68551,-19.53967],[-42.68547,-19.53972],[-42.68545,-19.53978],[-42.68543,-19.53986],[-42.68542,-19.53995],[-42.68542,-19.54005],[-42.68541,-19.54014],[-42.6854,-19.54022],[-42.68539,-19.54028],[-42.68537,-19.54033],[-42.68534,-19.54037],[-42.68532,-19.54039],[-42.68529,-19.5404],[-42.68525,-19.5404],[-42.68522,-19.5404],[-42.68519,-19.54038],[-42.68517,-19.54035],[-42.68515,-19.54032],[-42.68514,-19.54028],[-42.68513,-19.54022],[-42.68513,-19.54017],[-42.68513,-19.5401],[-42.68513,-19.54004],[-42.68512,-19.53999],[-42.6851,-19.53995],[-42.68509,-19.53991],[-42.68506,-19.53989],[-42.68504,-19.53987],[-42.68501,-19.53986],[-42.68497,-19.53986],[-42.68494,-19.53986],[-42.68491,-19.53987],[-42.68489,-19.53988],[-42.68487,-19.5399],[-42.68486,-19.53992],[-42.68485,-19.53995],[-42.68485,-19.53998],[-42.68484,-19.54001],[-42.68484,-19.54004],[-42.68483,-19.54006],[-42.68482,-19.54009],[-42.6848,-19.5401],[-42.68478,-19.54011],[-42.68475,-19.54012],[-42.68472,-19.54013],[-42.68468,-19.54013],[-42.68465,-19.54013],[-42.68462,-19.54015],[-42.6846,-19.54018],[-42.68458,-19.54021],[-42.68457,-19.54025],[-42.68456,-19.5403],[-42.68455,-19.54036],[-42.68455,-19.54043],[-42.68455,-19.54049],[-42.68454,-19.54054],[-42.68452,-19.54058],[-42.68451,-19.54061],[-42.68448,-19.54064],[-42.68446,-19.54066],[-42.68442,-19.54066],[-42.68439,-19.54066],[-42.68436,-19.54067],[-42.68433,-19.54068],[-42.68431,-19.54069],[-42.68429,-19.5407],[-42.68428,-19.54073],[-42.68427,-19.54075],[-42.68426,-19.54078],[-42.68426,-19.54081],[-42.68426,-19.54084],[-42.68425,-19.54087],[-42.68423,-19.54089],[-42.68422,-19.54091],[-42.68419,-19.54092],[-42.68417,-19.54093],[-42.68414,-19.54093],[-42.6841,-19.54093],[-42.68407,-19.54093],[-42.68404,-19.54094],[-42.68402,-19.54096],[-42.684,-19.54097],[-42.68399,-19.54099],[-42.68398,-19.54102],[-42.68397,-19.54105],[-42.68397,-19.54108],[-42.68397,-19.54111],[-42.68396,-19.54114],[-42.68394,-19.54116],[-42.68393,-19.54117],[-42.6839,-19.54119],[-42.68388,-19.54119],[-42.68385,-19.5412],[-42.68381,-19.5412],[-42.68378,-19.5412],[-42.68375,-19.54121],[-42.68373,-19.54122],[-42.68371,-19.54124],[-42.6837,-19.54126],[-42.68369,-19.54129],[-42.68368,-19.54131],[-42.68368,-19.54135],[-42.68368,-19.54138],[-42.68367,-19.5414],[-42.68366,-19.54142],[-42.68364,-19.54144],[-42.68361,-19.54145],[-42.68359,-19.54146],[-42.68356,-19.54147],[-42.68352,-19.54146],[-42.68349,-19.54147],[-42.68346,-19.54148],[-42.68344,-19.54149],[-42.68342,-19.54151],[-42.68341,-19.54153],[-42.6834,-19.54155],[-42.68339,-19.54158],[-42.68339,-19.54162],[-42.68339,-19.54165],[-42.68338,-19.54167],[-42.68337,-19.54169],[-42.68335,-19.54171],[-42.68333,-19.54172],[-42.6833,-19.54173],[-42.68327,-19.54173],[-42.68323,-19.54173],[-42.6832,-19.54174],[-42.68317,-19.54174],[-42.68315,-19.54176],[-42.68313,-19.54177],[-42.68312,-19.54179],[-42.68311,-19.54182],[-42.6831,-19.54185],[-42.6831,-19.54188],[-42.68309,-19.54191],[-42.68305,-19.54194],[-42.683,-19.54196],[-42.68292,-19.54197],[-42.68284,-19.54198],[-42.68273,-19.54199],[-42.6826,-19.54199],[-42.68246,-19.54199],[-42.68234,-19.542],[-42.68223,-19.542],[-42.68214,-19.54201],[-42.68207,-19.54203],[-42.68201,-19.54205],[-42.68198,-19.54208],[-42.68196,-19.5421],[-42.68196,-19.54214],[-42.68195,-19.54217],[-42.68193,-19.54219],[-42.6819,-19.54221],[-42.68187,-19.54223],[-42.68182,-19.54224],[-42.68177,-19.54225],[-42.68171,-19.54225],[-42.68164,-19.54225],[-42.68157,-19.54226],[-42.68152,-19.54226],[-42.68147,-19.54228],[-42.68144,-19.54229],[-42.68141,-19.54231],[-42.68139,-19.54234],[-42.68138,-19.54237],[-42.68138,-19.5424],[-42.68138,-19.54243],[-42.68137,-19.54246],[-42.68136,-19.54248],[-42.68134,-19.54249],[-42.68131,-19.54251],[-42.68129,-19.54252],[-42.68126,-19.54252],[-42.68122,-19.54252],[-42.68119,-19.54251],[-42.68116,-19.54251],[-42.68114,-19.54249],[-42.68112,-19.54247],[-42.68111,-19.54245],[-42.6811,-19.54243],[-42.6811,-19.5424],[-42.6811,-19.54236],[-42.68109,-19.54233],[-42.68107,-19.54231],[-42.68105,-19.54229],[-42.68101,-19.54227],[-42.68097,-19.54226],[-42.68091,-19.54225],[-42.68085,-19.54224],[-42.68078,-19.54224],[-42.68072,-19.54225],[-42.68066,-19.54228],[-42.68062,-19.54232],[-42.68058,-19.54237],[-42.68055,-19.54243],[-42.68053,-19.54251],[-42.68052,-19.54259],[-42.68052,-19.5427],[-42.68053,-19.54278],[-42.68053,-19.54286],[-42.68055,-19.54292],[-42.68056,-19.54298],[-42.68058,-19.54301],[-42.68061,-19.54304],[-42.68064,-19.54305],[-42.68068,-19.54305],[-42.68071,-19.54306],[-42.68074,-19.54307],[-42.68076,-19.54308],[-42.68078,-19.5431],[-42.68079,-19.54312],[-42.6808,-19.54314],[-42.6808,-19.54317],[-42.6808,-19.54321],[-42.68079,-19.54324],[-42.68077,-19.54326],[-42.68075,-19.54328],[-42.68071,-19.5433],[-42.68067,-19.54331],[-42.68061,-19.54332],[-42.68055,-19.54332],[-42.68048,-19.54332],[-42.68042,-19.54334],[-42.68036,-19.54337],[-42.68032,-19.54342],[-42.68028,-19.54349],[-42.68025,-19.54357],[-42.68023,-19.54367],[-42.68022,-19.54379],[-42.68022,-19.54393],[-42.68022,-19.54405],[-42.68023,-19.54415],[-42.68024,-19.54423],[-42.68026,-19.5443],[-42.68028,-19.54435],[-42.68031,-19.54438],[-42.68034,-19.5444],[-42.68037,-19.5444],[-42.6804,-19.54441],[-42.68043,-19.54442],[-42.68045,-19.54443],[-42.68047,-19.54445],[-42.68048,-19.54447],[-42.68049,-19.54449],[-42.6805,-19.54452],[-42.6805,-19.54456],[-42.68049,-19.54459],[-42.68048,-19.54461],[-42.68047,-19.54463],[-42.68045,-19.54465],[-42.68043,-19.54466],[-42.6804,-19.54467],[-42.68037,-19.54467],[-42.68033,-19.54467],[-42.6803,-19.54468],[-42.68028,-19.54468],[-42.68025,-19.5447],[-42.68023,-19.54471],[-42.68022,-19.54474],[-42.68021,-19.54476],[-42.68021,-19.54479],[-42.68021,-19.54482],[-42.6802,-19.54485],[-42.68018,-19.54488],[-42.68015,-19.5449],[-42.68012,-19.54492],[-42.68007,-19.54493],[-42.68002,-19.54494],[-42.67995,-19.54494],[-42.67988,-19.54494],[-42.67982,-19.54492],[-42.67977,-19.54489],[-42.67972,-19.54483],[-42.67969,-19.54477],[-42.67966,-19.54468],[-42.67965,-19.54458],[-42.67964,-19.54446],[-42.67964,-19.54433],[-42.67963,-19.54421],[-42.67961,-19.54411],[-42.67957,-19.54402],[-42.67951,-19.54395],[-42.67945,-19.5439],[-42.67937,-19.54387],[-42.67927,-19.54385],[-42.67917,-19.54385],[-42.67907,-19.54385],[-42.67899,-19.54387],[-42.67893,-19.54389],[-42.67887,-19.54393],[-42.67883,-19.54397],[-42.6788,-19.54402],[-42.67879,-19.54408],[-42.67879,-19.54415],[-42.67879,-19.5442],[-42.6788,-19.54426],[-42.67881,-19.5443],[-42.67883,-19.54433],[-42.67885,-19.54436],[-42.67888,-19.54438],[-42.67891,-19.54438],[-42.67895,-19.54438],[-42.67898,-19.54438],[-42.679,-19.54437],[-42.67903,-19.54436],[-42.67904,-19.54434],[-42.67906,-19.54432],[-42.67907,-19.5443],[-42.67907,-19.54427],[-42.67907,-19.54423],[-42.67908,-19.5442],[-42.67909,-19.54418],[-42.6791,-19.54416],[-42.67912,-19.54414],[-42.67914,-19.54413],[-42.67917,-19.54412],[-42.6792,-19.54412],[-42.67923,-19.54412],[-42.67927,-19.54413],[-42.67929,-19.54416],[-42.67931,-19.54419],[-42.67933,-19.54425],[-42.67934,-19.54431],[-42.67935,-19.54439],[-42.67935,-19.54447],[-42.67935,-19.54458],[-42.67934,-19.54466],[-42.67932,-19.54474],[-42.6793,-19.5448],[-42.67926,-19.54485],[-42.67921,-19.54489],[-42.67916,-19.54492],[-42.6791,-19.54493],[-42.67903,-19.54493],[-42.67896,-19.54492],[-42.67891,-19.54491],[-42.67887,-19.5449],[-42.67883,-19.54488],[-42.6788,-19.54486],[-42.67879,-19.54484],[-42.67878,-19.54481],[-42.67878,-19.54477],[-42.67878,-19.54474],[-42.67877,-19.54472],[-42.67875,-19.5447],[-42.67874,-19.54468],[-42.67871,-19.54466],[-42.67869,-19.54466],[-42.67866,-19.54465],[-42.67862,-19.54465],[-42.67859,-19.54465],[-42.67856,-19.54464],[-42.67854,-19.54462],[-42.67852,-19.54461],[-42.67851,-19.54459],[-42.6785,-19.54456],[-42.6785,-19.54453],[-42.6785,-19.5445],[-42.67849,-19.54447],[-42.67848,-19.54444],[-42.67847,-19.54442],[-42.67845,-19.5444],[-42.67843,-19.54439],[-42.67841,-19.54438],[-42.67837,-19.54438],[-42.67834,-19.54438],[-42.67831,-19.54438],[-42.67828,-19.54439],[-42.67826,-19.5444],[-42.67824,-19.54442],[-42.67823,-19.54444],[-42.67822,-19.54446],[-42.67821,-19.54449],[-42.67821,-19.54453],[-42.6782,-19.54456],[-42.67818,-19.54458],[-42.67816,-19.5446],[-42.67812,-19.54462],[-42.67808,-19.54463],[-42.67802,-19.54464],[-42.67796,-19.54464],[-42.67789,-19.54464],[-42.67783,-19.54464],[-42.67777,-19.54463],[-42.67773,-19.54461],[-42.67769,-19.5446],[-42.67767,-19.54458],[-42.67765,-19.54455],[-42.67764,-19.54452],[-42.67764,-19.54449],[-42.67764,-19.54446],[-42.67763,-19.54443],[-42.67762,-19.54441],[-42.6776,-19.54439],[-42.67758,-19.54438],[-42.67755,-19.54437],[-42.67752,-19.54437],[-42.67748,-19.54437],[-42.67745,-19.54436],[-42.67742,-19.54435],[-42.6774,-19.54434],[-42.67738,-19.54432],[-42.67737,-19.5443],[-42.67736,-19.54428],[-42.67736,-19.54425],[-42.67736,-19.54421],[-42.67735,-19.54418],[-42.67733,-19.54416],[-42.67731,-19.54413],[-42.67727,-19.54412],[-42.67723,-19.5441],[-42.67717,-19.5441],[-42.67711,-19.54409],[-42.67704,-19.54409],[-42.67698,-19.54408],[-42.67692,-19.54407],[-42.67688,-19.54406],[-42.67684,-19.54404],[-42.67682,-19.54402],[-42.6768,-19.544],[-42.67679,-19.54397],[-42.67679,-19.54393],[-42.67679,-19.5439],[-42.67678,-19.54388],[-42.67677,-19.54386],[-42.67675,-19.54384],[-42.67673,-19.54383],[-42.6767,-19.54382],[-42.67667,-19.54381],[-42.67663,-19.54381],[-42.6766,-19.54381],[-42.67658,-19.5438],[-42.67655,-19.54379],[-42.67654,-19.54377],[-42.67652,-19.54375],[-42.67651,-19.54372],[-42.67651,-19.54369],[-42.67651,-19.54366],[-42.6765,-19.54363],[-42.67648,-19.5436],[-42.67646,-19.54358],[-42.67642,-19.54357],[-42.67638,-19.54355],[-42.67632,-19.54354],[-42.67626,-19.54354],[-42.67619,-19.54354],[-42.67613,-19.54353],[-42.67608,-19.54351],[-42.67603,-19.54348],[-42.676,-19.54345],[-42.67597,-19.54341],[-42.67595,-19.54336],[-42.67594,-19.5433],[-42.67595,-19.54323],[-42.67594,-19.54317],[-42.67593,-19.54312],[-42.67592,-19.54308],[-42.6759,-19.54304],[-42.67588,-19.54302],[-42.67585,-19.543],[-42.67582,-19.54299],[-42.67579,-19.54299],[-42.67576,-19.54299],[-42.67573,-19.54298],[-42.67571,-19.54296],[-42.67569,-19.54295],[-42.67568,-19.54293],[-42.67567,-19.5429],[-42.67566,-19.54287],[-42.67567,-19.54284],[-42.67564,-19.54281],[-42.67559,-19.54278],[-42.67551,-19.54276],[-42.6754,-19.54274],[-42.67527,-19.54273],[-42.6751,-19.54271],[-42.67492,-19.54271],[-42.6747,-19.54271],[-42.67452,-19.5427],[-42.67436,-19.54269],[-42.67422,-19.54267],[-42.67412,-19.54266],[-42.67404,-19.54263],[-42.67398,-19.54261],[-42.67396,-19.54258],[-42.67396,-19.54254],[-42.67395,-19.54251],[-42.67394,-19.54249],[-42.67393,-19.54247],[-42.67391,-19.54245],[-42.67389,-19.54244],[-42.67386,-19.54243],[-42.67383,-19.54242],[-42.6738,-19.54242],[-42.67377,-19.54242],[-42.67374,-19.54241],[-42.67372,-19.5424],[-42.6737,-19.54238],[-42.67369,-19.54236],[-42.67368,-19.54233],[-42.67367,-19.5423],[-42.67367,-19.54227],[-42.67367,-19.54224],[-42.67366,-19.54221],[-42.67365,-19.54219],[-42.67363,-19.54218],[-42.67361,-19.54216],[-42.67358,-19.54215],[-42.67355,-19.54215],[-42.67352,-19.54215],[-42.67348,-19.54214],[-42.67346,-19.54212],[-42.67344,-19.5421],[-42.67342,-19.54206],[-42.67341,-19.54202],[-42.6734,-19.54197],[-42.67339,-19.54191],[-42.67339,-19.54184],[-42.67339,-19.54178],[-42.67337,-19.54173],[-42.67334,-19.54169],[-42.67331,-19.54166],[-42.67326,-19.54163],[-42.67321,-19.54161],[-42.67315,-19.5416],[-42.67308,-19.5416],[-42.67301,-19.5416],[-42.67296,-19.54159],[-42.67292,-19.54157],[-42.67288,-19.54156],[-42.67285,-19.54154],[-42.67284,-19.54151],[-42.67283,-19.54148],[-42.67283,-19.54145],[-42.67283,-19.54142],[-42.67282,-19.54139],[-42.6728,-19.54137],[-42.67279,-19.54135],[-42.67276,-19.54134],[-42.67274,-19.54133],[-42.67271,-19.54133],[-42.67267,-19.54133],[-42.67264,-19.5413],[-42.67261,-19.54125],[-42.67259,-19.54117],[-42.67258,-19.54107],[-42.67256,-19.54094],[-42.67256,-19.54079],[-42.67256,-19.54061],[-42.67256,-19.54041],[-42.67256,-19.54023],[-42.67255,-19.54008],[-42.67254,-19.53995],[-42.67252,-19.53985],[-42.6725,-19.53977],[-42.67247,-19.53972],[-42.67244,-19.5397],[-42.67241,-19.5397],[-42.67238,-19.53969],[-42.67235,-19.53967],[-42.67233,-19.53965],[-42.67231,-19.53961],[-42.6723,-19.53957],[-42.67229,-19.53952],[-42.67229,-19.53946],[-42.67229,-19.53939],[-42.67228,-19.53933],[-42.67228,-19.53928],[-42.67226,-19.53924],[-42.67225,-19.5392],[-42.67222,-19.53918],[-42.6722,-19.53916],[-42.67217,-19.53915],[-42.67213,-19.53915],[-42.6721,-19.53915],[-42.67207,-19.53914],[-42.67205,-19.53913],[-42.67203,-19.53911],[-42.67202,-19.53909],[-42.67201,-19.53906],[-42.67201,-19.53903],[-42.67201,-19.539],[-42.67201,-19.53897],[-42.67202,-19.53894],[-42.67204,-19.53892],[-42.67205,-19.53891],[-42.67208,-19.53889],[-42.6721,-19.53889],[-42.67213,-19.53888],[-42.67217,-19.53888],[-42.6722,-19.53888],[-42.67223,-19.53887],[-42.67225,-19.53886],[-42.67227,-19.53884],[-42.67228,-19.53882],[-42.67229,-19.5388],[-42.6723,-19.53877],[-42.6723,-19.53873],[-42.67229,-19.5387],[-42.67228,-19.53868],[-42.67227,-19.53866],[-42.67225,-19.53864],[-42.67223,-19.53863],[-42.67221,-19.53862],[-42.67217,-19.53861],[-42.67214,-19.53861],[-42.67211,-19.53861],[-42.67208,-19.5386],[-42.67206,-19.53858],[-42.67204,-19.53857],[-42.67203,-19.53855],[-42.67202,-19.53852],[-42.67202,-19.53849],[-42.67202,-19.53846],[-42.67201,-19.53843],[-42.672,-19.5384],[-42.67199,-19.53838],[-42.67197,-19.53836],[-42.67195,-19.53835],[-42.67192,-19.53834],[-42.67189,-19.53834],[-42.67186,-19.53834],[-42.67183,-19.53832],[-42.6718,-19.5383],[-42.67178,-19.53826],[-42.67176,-19.53821],[-42.67175,-19.53814],[-42.67174,-19.53807],[-42.67174,-19.53798],[-42.67174,-19.53788],[-42.67174,-19.53779],[-42.67173,-19.53771],[-42.67171,-19.53765],[-42.6717,-19.5376],[-42.67168,-19.53756],[-42.67165,-19.53753],[-42.67162,-19.53752],[-42.67158,-19.53752],[-42.67155,-19.53752],[-42.67153,-19.53751],[-42.6715,-19.53749],[-42.67149,-19.53748],[-42.67147,-19.53746],[-42.67146,-19.53743],[-42.67146,-19.5374],[-42.67146,-19.53737],[-42.67146,-19.53734],[-42.67147,-19.53731],[-42.67149,-19.53729],[-42.67151,-19.53727],[-42.67153,-19.53726],[-42.67156,-19.53725],[-42.67159,-19.53725],[-42.67162,-19.53725],[-42.67165,-19.53725],[-42.67168,-19.53724],[-42.6717,-19.53723],[-42.67172,-19.53721],[-42.67173,-19.53719],[-42.67174,-19.53716],[-42.67175,-19.53713],[-42.67175,-19.5371],[-42.67175,-19.53707],[-42.67174,-19.53704],[-42.67172,-19.53702],[-42.67171,-19.53701],[-42.67168,-19.53699],[-42.67166,-19.53698],[-42.67163,-19.53698],[-42.67159,-19.53698],[-42.67156,-19.53697],[-42.67153,-19.53695],[-42.67151,-19.53693],[-42.67149,-19.53689],[-42.67148,-19.53685],[-42.67147,-19.5368],[-42.67147,-19.53674],[-42.67147,-19.53667],[-42.67148,-19.53661],[-42.67149,-19.53656],[-42.6715,-19.53652],[-42.67152,-19.53649],[-42.67154,-19.53646],[-42.67157,-19.53645],[-42.6716,-19.53644],[-42.67163,-19.53644],[-42.67167,-19.53643],[-42.67169,-19.53643],[-42.67171,-19.53641],[-42.67173,-19.5364],[-42.67175,-19.53638],[-42.67176,-19.53635],[-42.67176,-19.53632],[-42.67176,-19.53629],[-42.67175,-19.53626],[-42.67174,-19.53623],[-42.67171,-19.53621],[-42.67167,-19.53619],[-42.67163,-19.53618],[-42.67158,-19.53617],[-42.67151,-19.53617],[-42.67144,-19.53617],[-42.67138,-19.53616],[-42.67133,-19.53615],[-42.67128,-19.53614],[-42.67125,-19.53612],[-42.67122,-19.5361],[-42.6712,-19.53607],[-42.67119,-19.53604],[-42.67119,-19.53601],[-42.67119,-19.53598],[-42.67118,-19.53595],[-42.67117,-19.53593],[-42.67115,-19.53592],[-42.67113,-19.5359],[-42.6711,-19.53589],[-42.67107,-19.53589],[-42.67104,-19.53589],[-42.671,-19.5359],[-42.67098,-19.53591],[-42.67095,-19.53594],[-42.67094,-19.53597],[-42.67092,-19.53601],[-42.67091,-19.53607],[-42.67091,-19.53612],[-42.67091,-19.53619],[-42.6709,-19.53625],[-42.67089,-19.5363],[-42.67088,-19.53634],[-42.67086,-19.53638],[-42.67084,-19.5364],[-42.67081,-19.53642],[-42.67078,-19.53643],[-42.67074,-19.53643],[-42.67071,-19.53642],[-42.67068,-19.53641],[-42.67066,-19.5364],[-42.67064,-19.53638],[-42.67063,-19.53636],[-42.67062,-19.53634],[-42.67062,-19.53631],[-42.67062,-19.53627],[-42.67062,-19.53624],[-42.67061,-19.53622],[-42.67059,-19.5362],[-42.67058,-19.53618],[-42.67055,-19.53617],[-42.67053,-19.53616],[-42.6705,-19.53615],[-42.67046,-19.53615],[-42.67043,-19.53616],[-42.6704,-19.53616],[-42.67038,-19.53618],[-42.67036,-19.53619],[-42.67035,-19.53621],[-42.67034,-19.53624],[-42.67033,-19.53627],[-42.67033,-19.5363],[-42.67032,-19.53633],[-42.67029,-19.53636],[-42.67025,-19.53638],[-42.6702,-19.53639],[-42.67013,-19.53641],[-42.67005,-19.53641],[-42.66996,-19.53642],[-42.66985,-19.53642],[-42.66976,-19.53641],[-42.66968,-19.53639],[-42.66961,-19.53636],[-42.66956,-19.53633],[-42.66952,-19.53628],[-42.66949,-19.53623],[-42.66948,-19.53617],[-42.66948,-19.53611],[-42.66947,-19.53605],[-42.66945,-19.536],[-42.66943,-19.53595],[-42.66939,-19.53592],[-42.66935,-19.53589],[-42.6693,-19.53588],[-42.66923,-19.53587],[-42.66916,-19.53587],[-42.6691,-19.53586],[-42.66905,-19.53585],[-42.669,-19.53584],[-42.66897,-19.53582],[-42.66894,-19.5358],[-42.66892,-19.53577],[-42.66891,-19.53574],[-42.66891,-19.53571],[-42.66891,-19.53568],[-42.6689,-19.53565],[-42.66889,-19.53563],[-42.66887,-19.53562],[-42.66885,-19.5356],[-42.66882,-19.53559],[-42.66879,-19.53559],[-42.66875,-19.53559],[-42.66872,-19.53558],[-42.6687,-19.53558],[-42.66867,-19.53556],[-42.66866,-19.53555],[-42.66864,-19.53552],[-42.66864,-19.5355],[-42.66863,-19.53547],[-42.66863,-19.53544],[-42.66863,-19.53541],[-42.66862,-19.53538],[-42.66861,-19.53536],[-42.66859,-19.53534],[-42.66857,-19.53533],[-42.66854,-19.53532],[-42.66851,-19.53532],[-42.66847,-19.53531],[-42.66844,-19.5353],[-42.66842,-19.53528],[-42.66839,-19.53524],[-42.66838,-19.53519],[-42.66836,-19.53512],[-42.66836,-19.53505],[-42.66835,-19.53496],[-42.66835,-19.53486],[-42.66837,-19.53477],[-42.66838,-19.53469],[-42.66841,-19.53463],[-42.66845,-19.53458],[-42.66849,-19.53454],[-42.66855,-19.53452],[-42.66861,-19.5345],[-42.66868,-19.53451],[-42.66874,-19.5345],[-42.6688,-19.53449],[-42.66884,-19.53448],[-42.66888,-19.53447],[-42.66891,-19.53444],[-42.66892,-19.53442],[-42.66893,-19.53439],[-42.66893,-19.53436],[-42.66894,-19.53433],[-42.66895,-19.5343],[-42.66896,-19.53428],[-42.66898,-19.53426],[-42.669,-19.53425],[-42.66903,-19.53424],[-42.66906,-19.53424],[-42.6691,-19.53424],[-42.66913,-19.53424],[-42.66915,-19.53423],[-42.66918,-19.53422],[-42.66919,-19.5342],[-42.66921,-19.53418],[-42.66922,-19.53415],[-42.66922,-19.53412],[-42.66922,-19.53409],[-42.66922,-19.53406],[-42.66921,-19.53403],[-42.6692,-19.53401],[-42.66918,-19.534],[-42.66916,-19.53398],[-42.66913,-19.53397],[-42.6691,-19.53397],[-42.66906,-19.53397],[-42.66903,-19.53396],[-42.66901,-19.53396],[-42.66898,-19.53394],[-42.66897,-19.53393],[-42.66895,-19.5339],[-42.66894,-19.53388],[-42.66894,-19.53385],[-42.66894,-19.53381],[-42.66895,-19.53379],[-42.66896,-19.53376],[-42.66897,-19.53374],[-42.66899,-19.53372],[-42.66901,-19.53371],[-42.66904,-19.5337],[-42.66907,-19.5337],[-42.6691,-19.5337],[-42.66913,-19.53369],[-42.66916,-19.53367],[-42.66918,-19.53365],[-42.6692,-19.53362],[-42.66922,-19.53357],[-42.66923,-19.53352],[-42.66923,-19.53346],[-42.66923,-19.5334],[-42.66922,-19.53334],[-42.66921,-19.53329],[-42.66918,-19.53324],[-42.66915,-19.53321],[-42.6691,-19.53318],[-42.66905,-19.53316],[-42.66899,-19.53316],[-42.66891,-19.53315],[-42.66885,-19.53315],[-42.6688,-19.53314],[-42.66875,-19.53313],[-42.66872,-19.53311],[-42.66869,-19.53309],[-42.66868,-19.53306],[-42.66867,-19.53303],[-42.66867,-19.533],[-42.66866,-19.53297],[-42.66865,-19.53294],[-42.66864,-19.53292],[-42.66862,-19.53291],[-42.6686,-19.53289],[-42.66857,-19.53288],[-42.66854,-19.53288],[-42.66851,-19.53288],[-42.66848,-19.53287],[-42.66845,-19.53285],[-42.66843,-19.53283],[-42.66841,-19.53279],[-42.6684,-19.53275],[-42.66839,-19.5327],[-42.66839,-19.53264],[-42.66839,-19.53257],[-42.66838,-19.53251],[-42.66838,-19.53246],[-42.66836,-19.53242],[-42.66835,-19.53239],[-42.66832,-19.53236],[-42.6683,-19.53234],[-42.66827,-19.53233],[-42.66823,-19.53233],[-42.6682,-19.53233],[-42.66817,-19.53232],[-42.66815,-19.53231],[-42.66813,-19.53229],[-42.66812,-19.53227],[-42.66811,-19.53224],[-42.66811,-19.53221],[-42.66811,-19.53218],[-42.6681,-19.53215],[-42.6681,-19.53212],[-42.66808,-19.5321],[-42.66806,-19.53209],[-42.66804,-19.53207],[-42.66802,-19.53206],[-42.66798,-19.53206],[-42.66795,-19.53206],[-42.66792,-19.53205],[-42.66789,-19.53205],[-42.66787,-19.53203],[-42.66785,-19.53202],[-42.66784,-19.53199],[-42.66783,-19.53197],[-42.66783,-19.53194],[-42.66783,-19.53191],[-42.66782,-19.53188],[-42.66781,-19.53185],[-42.6678,-19.53183],[-42.66778,-19.53181],[-42.66776,-19.5318],[-42.66773,-19.53179],[-42.6677,-19.53179],[-42.66767,-19.53178],[-42.66764,-19.53178],[-42.66761,-19.53177],[-42.66759,-19.53176],[-42.66757,-19.53174],[-42.66756,-19.53172],[-42.66755,-19.53169],[-42.66754,-19.53166],[-42.66754,-19.53163],[-42.66754,-19.5316],[-42.66753,-19.53158],[-42.66752,-19.53155],[-42.6675,-19.53154],[-42.66748,-19.53152],[-42.66745,-19.53152],[-42.66742,-19.53151],[-42.66739,-19.53151],[-42.66735,-19.53151],[-42.66733,-19.5315],[-42.66731,-19.53148],[-42.66729,-19.53147],[-42.66727,-19.53145],[-42.66727,-19.53142],[-42.66726,-19.53139],[-42.66726,-19.53136],[-42.66726,-19.53133],[-42.66725,-19.5313],[-42.66724,-19.53128],[-42.66722,-19.53126],[-42.6672,-19.53125],[-42.66717,-19.53124],[-42.66714,-19.53124],[-42.6671,-19.53124],[-42.66707,-19.53123],[-42.66705,-19.53122],[-42.66702,-19.53121],[-42.66701,-19.53119],[-42.66699,-19.53117],[-42.66698,-19.53115],[-42.66698,-19.53112],[-42.66698,-19.53108],[-42.66697,-19.53105],[-42.66696,-19.53103],[-42.66693,-19.53101],[-42.66689,-19.53099],[-42.66685,-19.53097],[-42.6668,-19.53097],[-42.66673,-19.53096],[-42.66666,-19.53096],[-42.6666,-19.53095],[-42.66655,-19.53095],[-42.6665,-19.53093],[-42.66647,-19.53091],[-42.66644,-19.53089],[-42.66642,-19.53087],[-42.66641,-19.53084],[-42.66641,-19.5308],[-42.66641,-19.53077],[-42.66639,-19.53075],[-42.66636,-19.53073],[-42.66633,-19.53071],[-42.66628,-19.5307],[-42.66623,-19.53069],[-42.66617,-19.53068],[-42.66609,-19.53068],[-42.66603,-19.53068],[-42.66598,-19.53067],[-42.66593,-19.53065],[-42.6659,-19.53064],[-42.66587,-19.53062],[-42.66585,-19.53059],[-42.66585,-19.53056],[-42.66585,-19.53053],[-42.66584,-19.5305],[-42.66583,-19.53047],[-42.66582,-19.53045],[-42.6658,-19.53043],[-42.66578,-19.53042],[-42.66575,-19.53041],[-42.66572,-19.53041],[-42.66569,-19.53041],[-42.66566,-19.5304],[-42.66563,-19.53039],[-42.66561,-19.53038],[-42.66559,-19.53036],[-42.66558,-19.53034],[-42.66557,-19.53032],[-42.66556,-19.53029],[-42.66557,-19.53025],[-42.66556,-19.53022],[-42.66555,-19.5302],[-42.66554,-19.53018],[-42.66552,-19.53016],[-42.6655,-19.53015],[-42.66547,-19.53014],[-42.66544,-19.53013],[-42.66541,-19.53013],[-42.66538,-19.53013],[-42.66535,-19.53012],[-42.66533,-19.5301],[-42.66531,-19.53009],[-42.6653,-19.53007],[-42.66529,-19.53004],[-42.66528,-19.53001],[-42.66528,-19.52998],[-42.66529,-19.52995],[-42.6653,-19.52992],[-42.66531,-19.5299],[-42.66533,-19.52988],[-42.66535,-19.52987],[-42.66538,-19.52986],[-42.66541,-19.52986],[-42.66545,-19.52986],[-42.66548,-19.52986],[-42.6655,-19.52985],[-42.66553,-19.52984],[-42.66554,-19.52982],[-42.66556,-19.5298],[-42.66557,-19.52977],[-42.66557,-19.52974],[-42.66557,-19.52971],[-42.66557,-19.52968],[-42.66556,-19.52966],[-42.66555,-19.52963],[-42.66553,-19.52962],[-42.66551,-19.5296],[-42.66548,-19.52959],[-42.66545,-19.52959],[-42.66541,-19.52959],[-42.66538,-19.52958],[-42.66536,-19.52955],[-42.66533,-19.52951],[-42.66532,-19.52946],[-42.66531,-19.5294],[-42.6653,-19.52932],[-42.66529,-19.52923],[-42.6653,-19.52913],[-42.6653,-19.52904],[-42.66531,-19.52897],[-42.66533,-19.5289],[-42.66534,-19.52885],[-42.66537,-19.52881],[-42.66539,-19.52879],[-42.66543,-19.52878],[-42.66546,-19.52878],[-42.66549,-19.52877],[-42.66552,-19.52875],[-42.66554,-19.52873],[-42.66556,-19.52869],[-42.66557,-19.52865],[-42.66558,-19.5286],[-42.66559,-19.52854],[-42.66559,-19.52848],[-42.66559,-19.52842],[-42.66558,-19.52837],[-42.66557,-19.52832],[-42.66555,-19.52829],[-42.66553,-19.52826],[-42.6655,-19.52825],[-42.66547,-19.52824],[-42.66543,-19.52824],[-42.6654,-19.52823],[-42.66538,-19.52822],[-42.66535,-19.52821],[-42.66534,-19.52819],[-42.66532,-19.52817],[-42.66531,-19.52815],[-42.66531,-19.52812],[-42.66531,-19.52808],[-42.66532,-19.52805],[-42.66533,-19.52803],[-42.66534,-19.52801],[-42.66536,-19.52799],[-42.66538,-19.52798],[-42.66541,-19.52797],[-42.66544,-19.52797],[-42.66547,-19.52797],[-42.6655,-19.52796],[-42.66553,-19.52795],[-42.66555,-19.52794],[-42.66557,-19.52793],[-42.66559,-19.5279],[-42.66559,-19.52788],[-42.6656,-19.52785],[-42.6656,-19.52782],[-42.66559,-19.52779],[-42.66557,-19.52776],[-42.66555,-19.52774],[-42.66551,-19.52772],[-42.66547,-19.52771],[-42.66541,-19.5277],[-42.66535,-19.52769],[-42.66528,-19.52769],[-42.66522,-19.5277],[-42.66516,-19.52772],[-42.66512,-19.52774],[-42.66508,-19.52777],[-42.66506,-19.52782],[-42.66504,-19.52787],[-42.66503,-19.52793],[-42.66503,-19.52799],[-42.66502,-19.52805],[-42.66501,-19.5281],[-42.665,-19.52815],[-42.66498,-19.52818],[-42.66496,-19.5282],[-42.66493,-19.52822],[-42.6649,-19.52823],[-42.66486,-19.52823],[-42.66483,-19.52823],[-42.6648,-19.52824],[-42.66478,-19.52825],[-42.66476,-19.52827],[-42.66475,-19.52829],[-42.66474,-19.52832],[-42.66474,-19.52835],[-42.66474,-19.52838],[-42.66473,-19.52841],[-42.66472,-19.52843],[-42.66471,-19.52846],[-42.66469,-19.52847],[-42.66467,-19.52848],[-42.66464,-19.52849],[-42.66461,-19.5285],[-42.66457,-19.5285],[-42.66454,-19.5285],[-42.66451,-19.52852],[-42.66449,-19.52855],[-42.66447,-19.52858],[-42.66446,-19.52862],[-42.66445,-19.52867],[-42.66444,-19.52873],[-42.66444,-19.5288],[-42.66445,-19.52886],[-42.66446,-19.52891],[-42.66447,-19.52895],[-42.66449,-19.52899],[-42.66451,-19.52901],[-42.66453,-19.52903],[-42.66457,-19.52904],[-42.6646,-19.52904],[-42.66463,-19.52904],[-42.66466,-19.52905],[-42.66468,-19.52906],[-42.6647,-19.52908],[-42.66471,-19.5291],[-42.66472,-19.52913],[-42.66472,-19.52916],[-42.66472,-19.52919],[-42.66472,-19.52922],[-42.66471,-19.52925],[-42.6647,-19.52927],[-42.66468,-19.52928],[-42.66466,-19.5293],[-42.66463,-19.5293],[-42.6646,-19.52931],[-42.66456,-19.52931],[-42.66453,-19.52931],[-42.6645,-19.52932],[-42.66448,-19.52933],[-42.66446,-19.52935],[-42.66445,-19.52937],[-42.66444,-19.5294],[-42.66443,-19.52942],[-42.66443,-19.52946],[-42.66443,-19.52949],[-42.66441,-19.52951],[-42.66438,-19.52953],[-42.66434,-19.52955],[-42.6643,-19.52956],[-42.66425,-19.52957],[-42.66418,-19.52957],[-42.66411,-19.52957],[-42.66405,-19.52957],[-42.664,-19.52956],[-42.66395,-19.52955],[-42.66392,-19.52953],[-42.66389,-19.52951],[-42.66387,-19.52948],[-42.66386,-19.52945],[-42.66386,-19.52942],[-42.66387,-19.52939],[-42.66388,-19.52936],[-42.66389,-19.52934],[-42.66391,-19.52932],[-42.66393,-19.52931],[-42.66396,-19.5293],[-42.66399,-19.5293],[-42.66403,-19.5293],[-42.66406,-19.52929],[-42.66408,-19.52928],[-42.66411,-19.52925],[-42.66413,-19.52922],[-42.66414,-19.52918],[-42.66415,-19.52912],[-42.66415,-19.52907],[-42.66416,-19.529],[-42.66415,-19.52894],[-42.66413,-19.52889],[-42.6641,-19.52885],[-42.66407,-19.52881],[-42.66402,-19.52878],[-42.66397,-19.52877],[-42.66391,-19.52876],[-42.66384,-19.52876],[-42.66378,-19.52876],[-42.66372,-19.52877],[-42.66368,-19.52878],[-42.66364,-19.5288],[-42.66361,-19.52882],[-42.6636,-19.52884],[-42.66359,-19.52887],[-42.66359,-19.52891],[-42.66358,-19.52894],[-42.66357,-19.52896],[-42.66356,-19.52898],[-42.66354,-19.529],[-42.66352,-19.52901],[-42.66349,-19.52902],[-42.66346,-19.52902],[-42.66342,-19.52902],[-42.66339,-19.52903],[-42.66337,-19.52903],[-42.66334,-19.52905],[-42.66332,-19.52906],[-42.66331,-19.52908],[-42.6633,-19.52911],[-42.6633,-19.52914],[-42.6633,-19.52917],[-42.66328,-19.5292],[-42.66326,-19.52923],[-42.66321,-19.52925],[-42.66316,-19.52926],[-42.66309,-19.52928],[-42.66301,-19.52928],[-42.66292,-19.52929],[-42.66281,-19.52929],[-42.66272,-19.52929],[-42.66264,-19.5293],[-42.66257,-19.52931],[-42.66252,-19.52932],[-42.66248,-19.52934],[-42.66245,-19.52937],[-42.66244,-19.5294],[-42.66244,-19.52943],[-42.66243,-19.52946],[-42.66241,-19.52949],[-42.66238,-19.52951],[-42.66235,-19.52952],[-42.6623,-19.52954],[-42.66225,-19.52954],[-42.66218,-19.52955],[-42.66211,-19.52955],[-42.66205,-19.52952],[-42.662,-19.52947],[-42.66195,-19.52939],[-42.66192,-19.52929],[-42.6619,-19.52916],[-42.66188,-19.52901],[-42.66187,-19.52883],[-42.66188,-19.52863],[-42.66191,-19.52845],[-42.66197,-19.5283],[-42.66207,-19.52818],[-42.6622,-19.52808],[-42.66235,-19.528],[-42.66254,-19.52795],[-42.66276,-19.52793],[-42.66301,-19.52793],[-42.66323,-19.52793],[-42.66342,-19.52793],[-42.66357,-19.52792],[-42.6637,-19.5279],[-42.66379,-19.52788],[-42.66386,-19.52786],[-42.66389,-19.52783],[-42.66389,-19.52779],[-42.66388,-19.52776],[-42.66386,-19.52774],[-42.66383,-19.52772],[-42.6638,-19.5277],[-42.66375,-19.52769],[-42.6637,-19.52768],[-42.66364,-19.52767],[-42.66357,-19.52767],[-42.66351,-19.52767],[-42.66345,-19.52766],[-42.66341,-19.52764],[-42.66337,-19.52763],[-42.66335,-19.5276],[-42.66333,-19.52758],[-42.66332,-19.52755],[-42.66332,-19.52752],[-42.6633,-19.52749],[-42.66325,-19.52746],[-42.66319,-19.52744],[-42.6631,-19.52742],[-42.66299,-19.52741],[-42.66285,-19.52739],[-42.6627,-19.52739],[-42.66252,-19.52739],[-42.66236,-19.52736],[-42.66223,-19.52732],[-42.66212,-19.52725],[-42.66203,-19.52717],[-42.66197,-19.52706],[-42.66192,-19.52693],[-42.6619,-19.52679],[-42.66191,-19.52662],[-42.66193,-19.52647],[-42.66196,-19.52634],[-42.66202,-19.52624],[-42.66209,-19.52615],[-42.66218,-19.52609],[-42.66229,-19.52605],[-42.66241,-19.52603],[-42.66256,-19.52603],[-42.66268,-19.52604],[-42.66279,-19.52605],[-42.66288,-19.52606],[-42.66295,-19.52608],[-42.663,-19.5261],[-42.66304,-19.52613],[-42.66305,-19.52616]],[[-42.66832,-19.52827],[-42.66829,-19.52827],[-42.66826,-19.52828],[-42.66823,-19.52829],[-42.66821,-19.5283],[-42.66819,-19.52831],[-42.66818,-19.52834],[-42.66817,-19.52836],[-42.66816,-19.52839],[-42.66816,-19.52842],[-42.66816,-19.52845],[-42.66815,-19.52848],[-42.66813,-19.5285],[-42.66812,-19.52852],[-42.66809,-19.52853],[-42.66807,-19.52854],[-42.66803,-19.52854],[-42.668,-19.52854],[-42.66797,-19.52855],[-42.66794,-19.52858],[-42.66792,-19.52862],[-42.6679,-19.52867],[-42.66789,-19.52873],[-42.66788,-19.52881],[-42.66787,-19.52889],[-42.66787,-19.529],[-42.66788,-19.52908],[-42.66789,-19.52916],[-42.66792,-19.52922],[-42.66795,-19.52928],[-42.668,-19.52931],[-42.66805,-19.52934],[-42.66811,-19.52935],[-42.66818,-19.52935],[-42.66825,-19.52934],[-42.6683,-19.52931],[-42.66835,-19.52926],[-42.66838,-19.52919],[-42.66841,-19.5291],[-42.66843,-19.529],[-42.66844,-19.52888],[-42.66844,-19.52875],[-42.66844,-19.52863],[-42.66843,-19.52853],[-42.66842,-19.52844],[-42.6684,-19.52838],[-42.66838,-19.52833],[-42.66836,-19.52829],[-42.66832,-19.52827]],[[-42.66404,-19.52822],[-42.66401,-19.52822],[-42.66397,-19.52822],[-42.66395,-19.52823],[-42.66393,-19.52824],[-42.66391,-19.52826],[-42.66389,-19.52828],[-42.66388,-19.52831],[-42.66388,-19.52833],[-42.66388,-19.52837],[-42.66388,-19.5284],[-42.66389,-19.52842],[-42.6639,-19.52844],[-42.66392,-19.52846],[-42.66394,-19.52848],[-42.66397,-19.52848],[-42.664,-19.52849],[-42.66404,-19.52849],[-42.66407,-19.52849],[-42.6641,-19.52848],[-42.66412,-19.52846],[-42.66414,-19.52845],[-42.66415,-19.52843],[-42.66416,-19.5284],[-42.66416,-19.52837],[-42.66416,-19.52834],[-42.66416,-19.52831],[-42.66415,-19.52828],[-42.66414,-19.52826],[-42.66412,-19.52824],[-42.6641,-19.52823],[-42.66407,-19.52822],[-42.66404,-19.52822]],[[-42.6683,-19.52963],[-42.66827,-19.52963],[-42.66824,-19.52963],[-42.66821,-19.52964],[-42.66819,-19.52965],[-42.66817,-19.52967],[-42.66816,-19.52969],[-42.66815,-19.52971],[-42.66814,-19.52974],[-42.66814,-19.52978],[-42.66815,-19.52981],[-42.66815,-19.52983],[-42.66817,-19.52985],[-42.66819,-19.52987],[-42.66821,-19.52988],[-42.66823,-19.52989],[-42.66827,-19.5299],[-42.6683,-19.5299],[-42.66833,-19.52989],[-42.66836,-19.52989],[-42.66838,-19.52987],[-42.6684,-19.52986],[-42.66841,-19.52984],[-42.66842,-19.52981],[-42.66843,-19.52978],[-42.66843,-19.52975],[-42.66842,-19.52972],[-42.66842,-19.52969],[-42.6684,-19.52967],[-42.66838,-19.52965],[-42.66836,-19.52964],[-42.66834,-19.52963],[-42.6683,-19.52963]],[[-42.66902,-19.53045],[-42.66895,-19.53045],[-42.66889,-19.53046],[-42.66884,-19.53047],[-42.66879,-19.5305],[-42.66876,-19.53053],[-42.66873,-19.53057],[-42.66871,-19.53062],[-42.6687,-19.53068],[-42.6687,-19.53075],[-42.6687,-19.53081],[-42.66871,-19.53086],[-42.66872,-19.5309],[-42.66874,-19.53094],[-42.66876,-19.53096],[-42.66879,-19.53098],[-42.66882,-19.53099],[-42.66886,-19.53099],[-42.66889,-19.53099],[-42.66891,-19.531],[-42.66894,-19.53101],[-42.66895,-19.53103],[-42.66897,-19.53105],[-42.66898,-19.53108],[-42.66898,-19.53111],[-42.66898,-19.53114],[-42.66898,-19.53117],[-42.66899,-19.5312],[-42.669,-19.53122],[-42.66902,-19.53124],[-42.66904,-19.53125],[-42.66907,-19.53126],[-42.6691,-19.53126],[-42.66914,-19.53126],[-42.66917,-19.53127],[-42.6692,-19.53128],[-42.66922,-19.53129],[-42.66924,-19.53131],[-42.66925,-19.53133],[-42.66926,-19.53135],[-42.66926,-19.53138],[-42.66926,-19.53142],[-42.66927,-19.53145],[-42.6693,-19.53147],[-42.66934,-19.53149],[-42.66939,-19.53151],[-42.66946,-19.53152],[-42.66954,-19.53153],[-42.66963,-19.53154],[-42.66974,-19.53154],[-42.66983,-19.53153],[-42.66992,-19.53152],[-42.66998,-19.53149],[-42.67004,-19.53146],[-42.67008,-19.53142],[-42.6701,-19.53137],[-42.67012,-19.53131],[-42.67012,-19.53124],[-42.67012,-19.53118],[-42.67011,-19.53113],[-42.6701,-19.53109],[-42.67008,-19.53105],[-42.67006,-19.53103],[-42.67003,-19.53101],[-42.67,-19.531],[-42.66996,-19.531],[-42.66993,-19.53101],[-42.6699,-19.53101],[-42.66988,-19.53103],[-42.66986,-19.53104],[-42.66985,-19.53106],[-42.66984,-19.53109],[-42.66984,-19.53112],[-42.66984,-19.53115],[-42.66983,-19.53118],[-42.66982,-19.53121],[-42.66981,-19.53123],[-42.66979,-19.53125],[-42.66977,-19.53126],[-42.66974,-19.53127],[-42.66971,-19.53127],[-42.66967,-19.53127],[-42.66964,-19.53126],[-42.66962,-19.53124],[-42.66959,-19.53122],[-42.66958,-19.53118],[-42.66956,-19.53114],[-42.66956,-19.53109],[-42.66955,-19.53103],[-42.66955,-19.53096],[-42.66955,-19.5309],[-42.66954,-19.53085],[-42.66953,-19.53081],[-42.66951,-19.53078],[-42.66949,-19.53075],[-42.66946,-19.53073],[-42.66943,-19.53072],[-42.6694,-19.53072],[-42.66936,-19.53072],[-42.66934,-19.53071],[-42.66932,-19.5307],[-42.6693,-19.53068],[-42.66929,-19.53066],[-42.66928,-19.53063],[-42.66927,-19.5306],[-42.66927,-19.53057],[-42.66926,-19.53054],[-42.66925,-19.53051],[-42.66922,-19.53049],[-42.66919,-19.53048],[-42.66914,-19.53046],[-42.66909,-19.53045],[-42.66902,-19.53045]],[[-42.671,-19.53237],[-42.67092,-19.53237],[-42.67086,-19.53238],[-42.67081,-19.53239],[-42.67076,-19.53242],[-42.67073,-19.53245],[-42.6707,-19.53249],[-42.67068,-19.53254],[-42.67067,-19.5326],[-42.67067,-19.53267],[-42.67067,-19.53273],[-42.67068,-19.53278],[-42.6707,-19.53282],[-42.67071,-19.53286],[-42.67073,-19.53288],[-42.67076,-19.5329],[-42.67079,-19.53291],[-42.67083,-19.53291],[-42.67086,-19.53291],[-42.67089,-19.53292],[-42.67091,-19.53293],[-42.67093,-19.53295],[-42.67094,-19.53297],[-42.67095,-19.533],[-42.67095,-19.53303],[-42.67095,-19.53306],[-42.67095,-19.53309],[-42.67096,-19.53312],[-42.67098,-19.53314],[-42.67099,-19.53316],[-42.67102,-19.53317],[-42.67104,-19.53318],[-42.67107,-19.53318],[-42.67111,-19.53318],[-42.67114,-19.53319],[-42.67117,-19.53321],[-42.67119,-19.53323],[-42.67121,-19.53327],[-42.67122,-19.53331],[-42.67123,-19.53336],[-42.67123,-19.53342],[-42.67123,-19.53349],[-42.67123,-19.53355],[-42.67124,-19.5336],[-42.67125,-19.53364],[-42.67127,-19.53368],[-42.67129,-19.5337],[-42.67132,-19.53372],[-42.67135,-19.53373],[-42.67139,-19.53373],[-42.67142,-19.53371],[-42.67145,-19.53368],[-42.67147,-19.53363],[-42.67149,-19.53356],[-42.6715,-19.53348],[-42.67151,-19.53337],[-42.67152,-19.53326],[-42.67152,-19.53312],[-42.67152,-19.533],[-42.67151,-19.5329],[-42.6715,-19.53282],[-42.67148,-19.53275],[-42.67146,-19.5327],[-42.67143,-19.53266],[-42.6714,-19.53265],[-42.67137,-19.53264],[-42.67134,-19.53264],[-42.67131,-19.53263],[-42.67129,-19.53262],[-42.67127,-19.5326],[-42.67126,-19.53258],[-42.67125,-19.53255],[-42.67124,-19.53252],[-42.67124,-19.53249],[-42.67124,-19.53246],[-42.67122,-19.53244],[-42.67119,-19.53241],[-42.67116,-19.5324],[-42.67111,-19.53238],[-42.67106,-19.53237],[-42.671,-19.53237]],[[-42.66937,-19.53479],[-42.66934,-19.53478],[-42.66931,-19.53479],[-42.66928,-19.5348],[-42.66926,-19.53481],[-42.66924,-19.53483],[-42.66923,-19.53485],[-42.66922,-19.53487],[-42.66921,-19.5349],[-42.66921,-19.53494],[-42.66921,-19.53496],[-42.66922,-19.53499],[-42.66924,-19.53501],[-42.66925,-19.53503],[-42.66928,-19.53504],[-42.6693,-19.53505],[-42.66933,-19.53506],[-42.66937,-19.53506],[-42.6694,-19.53505],[-42.66943,-19.53504],[-42.66945,-19.53503],[-42.66947,-19.53501],[-42.66948,-19.53499],[-42.66949,-19.53497],[-42.6695,-19.53494],[-42.6695,-19.53491],[-42.66949,-19.53488],[-42.66948,-19.53485],[-42.66947,-19.53483],[-42.66945,-19.53481],[-42.66943,-19.5348],[-42.6694,-19.53479],[-42.66937,-19.53479]],[[-42.67079,-19.53562],[-42.67075,-19.53562],[-42.67072,-19.53562],[-42.6707,-19.53563],[-42.67067,-19.53564],[-42.67065,-19.53566],[-42.67064,-19.53568],[-42.67063,-19.5357],[-42.67063,-19.53573],[-42.67063,-19.53577],[-42.67063,-19.5358],[-42.67064,-19.53582],[-42.67065,-19.53584],[-42.67067,-19.53586],[-42.67069,-19.53587],[-42.67072,-19.53588],[-42.67075,-19.53589],[-42.67079,-19.53589],[-42.67082,-19.53588],[-42.67084,-19.53587],[-42.67087,-19.53586],[-42.67088,-19.53585],[-42.6709,-19.53582],[-42.67091,-19.5358],[-42.67091,-19.53577],[-42.67091,-19.53574],[-42.67091,-19.53571],[-42.6709,-19.53568],[-42.67089,-19.53566],[-42.67087,-19.53564],[-42.67085,-19.53563],[-42.67082,-19.53562],[-42.67079,-19.53562]],[[-42.68015,-19.54034],[-42.68011,-19.54034],[-42.68008,-19.54034],[-42.68005,-19.54035],[-42.68003,-19.54036],[-42.68001,-19.54038],[-42.68,-19.5404],[-42.67999,-19.54043],[-42.67998,-19.54046],[-42.67998,-19.54049],[-42.67998,-19.54052],[-42.67997,-19.54054],[-42.67995,-19.54056],[-42.67994,-19.54058],[-42.67991,-19.54059],[-42.67989,-19.5406],[-42.67986,-19.54061],[-42.67982,-19.54061],[-42.67979,-19.54061],[-42.67976,-19.54062],[-42.67974,-19.54063],[-42.67972,-19.54065],[-42.67971,-19.54067],[-42.6797,-19.54069],[-42.67969,-19.54072],[-42.67969,-19.54076],[-42.67969,-19.54079],[-42.67968,-19.54081],[-42.67967,-19.54083],[-42.67965,-19.54085],[-42.67962,-19.54086],[-42.6796,-19.54087],[-42.67957,-19.54087],[-42.67953,-19.54087],[-42.6795,-19.54088],[-42.67947,-19.54088],[-42.67945,-19.5409],[-42.67943,-19.54091],[-42.67942,-19.54093],[-42.67941,-19.54096],[-42.6794,-19.54099],[-42.6794,-19.54102],[-42.67942,-19.54105],[-42.67944,-19.54108],[-42.67948,-19.5411],[-42.67954,-19.54112],[-42.6796,-19.54113],[-42.67968,-19.54114],[-42.67978,-19.54115],[-42.67988,-19.54115],[-42.67998,-19.54115],[-42.68006,-19.54116],[-42.68012,-19.54118],[-42.68018,-19.54119],[-42.68022,-19.54122],[-42.68024,-19.54124],[-42.68026,-19.54127],[-42.68026,-19.5413],[-42.68026,-19.54133],[-42.68027,-19.54136],[-42.68028,-19.54138],[-42.6803,-19.5414],[-42.68032,-19.54141],[-42.68035,-19.54142],[-42.68038,-19.54142],[-42.68042,-19.54143],[-42.68045,-19.54142],[-42.68047,-19.5414],[-42.6805,-19.54138],[-42.68052,-19.54134],[-42.68053,-19.5413],[-42.68054,-19.54125],[-42.68054,-19.54119],[-42.68054,-19.54112],[-42.68054,-19.54106],[-42.68053,-19.54101],[-42.68052,-19.54097],[-42.6805,-19.54094],[-42.68048,-19.54091],[-42.68045,-19.54089],[-42.68042,-19.54088],[-42.68039,-19.54088],[-42.68036,-19.54087],[-42.68033,-19.54086],[-42.68031,-19.54083],[-42.68029,-19.5408],[-42.68028,-19.54075],[-42.68027,-19.5407],[-42.68027,-19.54064],[-42.68027,-19.54058],[-42.68026,-19.54052],[-42.68026,-19.54047],[-42.68024,-19.54042],[-42.68023,-19.54039],[-42.6802,-19.54036],[-42.68018,-19.54035],[-42.68015,-19.54034]],[[-42.67745,-19.5403],[-42.67738,-19.5403],[-42.67732,-19.54031],[-42.67726,-19.54031],[-42.67722,-19.54033],[-42.67718,-19.54034],[-42.67716,-19.54036],[-42.67714,-19.54039],[-42.67713,-19.54042],[-42.67713,-19.54045],[-42.67714,-19.54048],[-42.67715,-19.54051],[-42.67718,-19.54053],[-42.67722,-19.54055],[-42.67726,-19.54056],[-42.67731,-19.54057],[-42.67738,-19.54057],[-42.67745,-19.54057],[-42.67751,-19.54057],[-42.67756,-19.54056],[-42.67761,-19.54055],[-42.67764,-19.54053],[-42.67767,-19.54051],[-42.67769,-19.54049],[-42.6777,-19.54046],[-42.6777,-19.54043],[-42.67769,-19.5404],[-42.67767,-19.54037],[-42.67765,-19.54035],[-42.67761,-19.54033],[-42.67757,-19.54032],[-42.67751,-19.54031],[-42.67745,-19.5403]],[[-42.67954,-19.5425],[-42.67951,-19.5425],[-42.67948,-19.5425],[-42.67945,-19.54251],[-42.67943,-19.54252],[-42.67941,-19.54254],[-42.6794,-19.54256],[-42.67939,-19.54258],[-42.67938,-19.54261],[-42.67938,-19.54265],[-42.67938,-19.54268],[-42.67939,-19.5427],[-42.67941,-19.54272],[-42.67942,-19.54274],[-42.67945,-19.54275],[-42.67947,-19.54276],[-42.6795,-19.54277],[-42.67954,-19.54277],[-42.67957,-19.54276],[-42.6796,-19.54276],[-42.67962,-19.54274],[-42.67964,-19.54273],[-42.67965,-19.54271],[-42.67966,-19.54268],[-42.67967,-19.54265],[-42.67967,-19.54262],[-42.67966,-19.54259],[-42.67965,-19.54256],[-42.67964,-19.54254],[-42.67962,-19.54252],[-42.6796,-19.54251],[-42.67957,-19.5425],[-42.67954,-19.5425]],[[-42.67983,-19.54277],[-42.67979,-19.54277],[-42.67976,-19.54277],[-42.67973,-19.54278],[-42.67971,-19.5428],[-42.67969,-19.54281],[-42.67968,-19.54283],[-42.67967,-19.54286],[-42.67966,-19.54289],[-42.67966,-19.54292],[-42.67967,-19.54295],[-42.67968,-19.54298],[-42.67969,-19.543],[-42.67971,-19.54302],[-42.67973,-19.54303],[-42.67975,-19.54304],[-42.67979,-19.54304],[-42.67982,-19.54304],[-42.67985,-19.54304],[-42.67988,-19.54303],[-42.6799,-19.54302],[-42.67992,-19.543],[-42.67993,-19.54298],[-42.67994,-19.54295],[-42.67995,-19.54293],[-42.67995,-19.54289],[-42.67994,-19.54286],[-42.67994,-19.54284],[-42.67992,-19.54281],[-42.67991,-19.5428],[-42.67988,-19.54278],[-42.67986,-19.54278],[-42.67983,-19.54277]]]}},
{"type":"Feature","properties":{"fid":30,"DN":1},"geometry":{"type":"Polygon","coordinates":[[[-42.6848,-19.52319],[-42.6848,-19.52322],[-42.68479,-19.52325],[-42.68478,-19.52328],[-42.68477,-19.5233],[-42.68475,-19.52332],[-42.68473,-19.52333],[-42.6847,-19.52334],[-42.68467,-19.52334],[-42.68464,-19.52334],[-42.6846,-19.52333],[-42.68458,-19.52333],[-42.68456,-19.52331],[-42.68454,-19.5233],[-42.68453,-19.52327],[-42.68452,-19.52325],[-42.68451,-19.52322],[-42.68451,-19.52319],[-42.68452,-19.52316],[-42.68453,-19.52313],[-42.68454,-19.52311],[-42.68456,-19.52309],[-42.68458,-19.52308],[-42.68461,-19.52307],[-42.68464,-19.52307],[-42.68468,-19.52307],[-42.68471,-19.52307],[-42.68473,-19.52308],[-42.68476,-19.5231],[-42.68477,-19.52311],[-42.68479,-19.52313],[-42.68479,-19.52316],[-42.6848,-19.52319]]]}},
{"type":"Feature","properties":{"fid":31,"DN":1},"geometry":{"type":"Polygon","coordinates":[[[-42.68366,-19.52317],[-42.68366,-19.52321],[-42.68365,-19.52324],[-42.68364,-19.52326],[-42.68363,-19.52328],[-42.68361,-19.5233],[-42.68359,-19.52331],[-42.68356,-19.52332],[-42.68353,-19.52332],[-42.68349,-19.52332],[-42.68346,-19.52332],[-42.68344,-19.52331],[-42.68341,-19.5233],[-42.6834,-19.52328],[-42.68338,-19.52326],[-42.68337,-19.52323],[-42.68337,-19.5232],[-42.68337,-19.52317],[-42.68338,-19.52314],[-42.68339,-19.52312],[-42.6834,-19.52309],[-42.68342,-19.52308],[-42.68344,-19.52307],[-42.68347,-19.52306],[-42.6835,-19.52305],[-42.68353,-19.52305],[-42.68356,-19.52306],[-42.68359,-19.52307],[-42.68361,-19.52308],[-42.68363,-19.5231],[-42.68364,-19.52312],[-42.68365,-19.52314],[-42.68366,-19.52317]]]}},
{"type":"Feature","properties":{"fid":32,"DN":1},"geometry":{"type":"Polygon","coordinates":[[[-42.68023,-19.5234],[-42.68023,-19.52343],[-42.68022,-19.52346],[-42.6802,-19.52349],[-42.68017,-19.52351],[-42.68014,-19.52353],[-42.68009,-19.52354],[-42.68004,-19.52355],[-42.67997,-19.52355],[-42.6799,-19.52355],[-42.67984,-19.52354],[-42.67979,-19.52354],[-42.67974,-19.52352],[-42.67971,-19.5235],[-42.67968,-19.52348],[-42.67966,-19.52346],[-42.67966,-19.52343],[-42.67966,-19.52339],[-42.67967,-19.52336],[-42.67968,-19.52334],[-42.67971,-19.52332],[-42.67975,-19.5233],[-42.67979,-19.52329],[-42.67984,-19.52328],[-42.67991,-19.52328],[-42.67998,-19.52328],[-42.68004,-19.52328],[-42.68009,-19.52329],[-42.68014,-19.52331],[-42.68017,-19.52332],[-42.6802,-19.52335],[-42.68022,-19.52337],[-42.68023,-19.5234]]]}},
{"type":"Feature","properties":{"fid":33,"DN":1},"geometry":{"type":"Polygon","coordinates":[[[-42.67337,-19.52358],[-42.67337,-19.52362],[-42.67337,-19.52365],[-42.67336,-19.52367],[-42.67334,-19.52369],[-42.67332,-19.52371],[-42.6733,-19.52372],[-42.67328,-19.52373],[-42.67324,-19.52373],[-42.67321,-19.52373],[-42.67318,-19.52373],[-42.67315,-19.52372],[-42.67313,-19.52371],[-42.67311,-19.52369],[-42.6731,-19.52367],[-42.67309,-19.52364],[-42.67309,-19.52361],[-42.67309,-19.52358],[-42.67309,-19.52355],[-42.6731,-19.52353],[-42.67311,-19.5235],[-42.67313,-19.52349],[-42.67315,-19.52348],[-42.67318,-19.52347],[-42.67321,-19.52346],[-42.67325,-19.52346],[-42.67328,-19.52347],[-42.67331,-19.52348],[-42.67333,-19.52349],[-42.67335,-19.52351],[-42.67336,-19.52353],[-42.67337,-19.52355],[-42.67337,-19.52358]]]}},
{"type":"Feature","properties":{"fid":35,"DN":1},"geometry":{"type":"Polygon","coordinates":[[[-42.6788,-19.52311],[-42.6788,-19.52315],[-42.6788,-19.52318],[-42.67879,-19.5232],[-42.67877,-19.52322],[-42.67876,-19.52324],[-42.67873,-19.52325],[-42.67871,-19.52326],[-42.67868,-19.52326],[-42.67864,-19.52326],[-42.67861,-19.52327],[-42.67858,-19.52329],[-42.67856,-19.52331],[-42.67854,-19.52335],[-42.67853,-19.52339],[-42.67852,-19.52344],[-42.67851,-19.5235],[-42.67851,-19.52357],[-42.6785,-19.52362],[-42.67847,-19.52367],[-42.67843,-19.52372],[-42.67837,-19.52375],[-42.67831,-19.52377],[-42.67823,-19.52379],[-42.67813,-19.5238],[-42.67803,-19.5238],[-42.67793,-19.5238],[-42.67785,-19.52381],[-42.67778,-19.52382],[-42.67773,-19.52383],[-42.67769,-19.52386],[-42.67766,-19.52388],[-42.67765,-19.52391],[-42.67765,-19.52394],[-42.67763,-19.52397],[-42.67759,-19.524],[-42.67754,-19.52402],[-42.67747,-19.52403],[-42.67738,-19.52405],[-42.67727,-19.52405],[-42.67715,-19.52406],[-42.67701,-19.52405],[-42.67688,-19.52406],[-42.67677,-19.52406],[-42.67668,-19.52407],[-42.67661,-19.52409],[-42.67656,-19.52411],[-42.67652,-19.52414],[-42.6765,-19.52417],[-42.6765,-19.5242],[-42.6765,-19.52423],[-42.67649,-19.52425],[-42.67648,-19.52428],[-42.67646,-19.52429],[-42.67643,-19.5243],[-42.67641,-19.52431],[-42.67638,-19.52432],[-42.67634,-19.52432],[-42.67631,-19.52432],[-42.67628,-19.52433],[-42.67626,-19.52434],[-42.67624,-19.52436],[-42.67623,-19.52438],[-42.67622,-19.5244],[-42.67621,-19.52443],[-42.67621,-19.52447],[-42.67621,-19.5245],[-42.6762,-19.52452],[-42.67619,-19.52454],[-42.67617,-19.52456],[-42.67615,-19.52457],[-42.67612,-19.52458],[-42.67609,-19.52458],[-42.67605,-19.52458],[-42.67602,-19.52458],[-42.67599,-19.52457],[-42.67597,-19.52456],[-42.67595,-19.52454],[-42.67594,-19.52452],[-42.67593,-19.52449],[-42.67593,-19.52446],[-42.67593,-19.52443],[-42.67592,-19.5244],[-42.67592,-19.52437],[-42.6759,-19.52435],[-42.67589,-19.52434],[-42.67586,-19.52432],[-42.67584,-19.52431],[-42.67581,-19.52431],[-42.67577,-19.52431],[-42.67574,-19.52431],[-42.67571,-19.52432],[-42.67569,-19.52433],[-42.67567,-19.52435],[-42.67566,-19.52437],[-42.67565,-19.5244],[-42.67564,-19.52443],[-42.67564,-19.52446],[-42.67564,-19.52449],[-42.67563,-19.52451],[-42.67562,-19.52453],[-42.6756,-19.52455],[-42.67557,-19.52456],[-42.67555,-19.52457],[-42.67552,-19.52458],[-42.67548,-19.52458],[-42.67545,-19.52458],[-42.67542,-19.5246],[-42.6754,-19.52463],[-42.67538,-19.52466],[-42.67537,-19.5247],[-42.67536,-19.52475],[-42.67535,-19.52481],[-42.67535,-19.52488],[-42.67535,-19.52494],[-42.67536,-19.52499],[-42.67538,-19.52503],[-42.67539,-19.52506],[-42.67542,-19.52509],[-42.67544,-19.52511],[-42.67547,-19.52512],[-42.67551,-19.52512],[-42.67554,-19.52513],[-42.67557,-19.52517],[-42.67559,-19.52522],[-42.6756,-19.52529],[-42.67562,-19.52537],[-42.67562,-19.52547],[-42.67563,-19.52559],[-42.67562,-19.52573],[-42.67563,-19.52585],[-42.67564,-19.52595],[-42.67565,-19.52603],[-42.67566,-19.5261],[-42.67569,-19.52615],[-42.67571,-19.52619],[-42.67574,-19.5262],[-42.67578,-19.5262],[-42.67581,-19.52622],[-42.67584,-19.52626],[-42.67586,-19.52631],[-42.67587,-19.52637],[-42.67589,-19.52646],[-42.67589,-19.52656],[-42.6759,-19.52668],[-42.67589,-19.52681],[-42.67589,-19.52693],[-42.67588,-19.52703],[-42.67586,-19.52712],[-42.67584,-19.52719],[-42.67582,-19.52724],[-42.67579,-19.52727],[-42.67576,-19.52729],[-42.67573,-19.52729],[-42.6757,-19.52728],[-42.67567,-19.52726],[-42.67565,-19.52723],[-42.67563,-19.5272],[-42.67562,-19.52716],[-42.67561,-19.52711],[-42.67561,-19.52705],[-42.67561,-19.52698],[-42.6756,-19.52692],[-42.67558,-19.52687],[-42.67556,-19.52683],[-42.67552,-19.52679],[-42.67548,-19.52677],[-42.67542,-19.52675],[-42.67536,-19.52674],[-42.67529,-19.52674],[-42.67523,-19.52674],[-42.67517,-19.52675],[-42.67513,-19.52676],[-42.67509,-19.52678],[-42.67507,-19.5268],[-42.67505,-19.52682],[-42.67504,-19.52685],[-42.67504,-19.52689],[-42.67503,-19.52692],[-42.67502,-19.52694],[-42.67501,-19.52696],[-42.67499,-19.52698],[-42.67497,-19.52699],[-42.67494,-19.527],[-42.67491,-19.527],[-42.67487,-19.527],[-42.67484,-19.52701],[-42.67482,-19.52703],[-42.67479,-19.52705],[-42.67478,-19.52709],[-42.67476,-19.52713],[-42.67475,-19.52718],[-42.67475,-19.52724],[-42.67475,-19.52731],[-42.67474,-19.52737],[-42.67473,-19.52742],[-42.67472,-19.52746],[-42.6747,-19.52749],[-42.67468,-19.52752],[-42.67465,-19.52753],[-42.67462,-19.52754],[-42.67458,-19.52754],[-42.67455,-19.52755],[-42.67452,-19.52757],[-42.6745,-19.52759],[-42.67448,-19.52763],[-42.67447,-19.52767],[-42.67446,-19.52772],[-42.67445,-19.52778],[-42.67445,-19.52784],[-42.67445,-19.5279],[-42.67444,-19.52795],[-42.67442,-19.528],[-42.6744,-19.52803],[-42.67438,-19.52806],[-42.67436,-19.52807],[-42.67432,-19.52808],[-42.67429,-19.52808],[-42.67426,-19.52808],[-42.67423,-19.52807],[-42.67421,-19.52805],[-42.67419,-19.52804],[-42.67418,-19.52801],[-42.67417,-19.52799],[-42.67417,-19.52796],[-42.67417,-19.52793],[-42.67416,-19.5279],[-42.67415,-19.52787],[-42.67414,-19.52785],[-42.67412,-19.52783],[-42.6741,-19.52782],[-42.67407,-19.52781],[-42.67404,-19.52781],[-42.67401,-19.52781],[-42.67398,-19.5278],[-42.67395,-19.52779],[-42.67393,-19.52778],[-42.67391,-19.52776],[-42.6739,-19.52774],[-42.67389,-19.52771],[-42.67388,-19.52769],[-42.67388,-19.52765],[-42.67388,-19.52762],[-42.67387,-19.5276],[-42.67386,-19.52758],[-42.67384,-19.52756],[-42.67382,-19.52754],[-42.67379,-19.52754],[-42.67376,-19.52753],[-42.67372,-19.52753],[-42.67369,-19.52752],[-42.67367,-19.5275],[-42.67365,-19.52748],[-42.67363,-19.52745],[-42.67362,-19.5274],[-42.67361,-19.52735],[-42.6736,-19.52729],[-42.6736,-19.52722],[-42.67361,-19.52717],[-42.67362,-19.52712],[-42.67363,-19.52707],[-42.67365,-19.52704],[-42.67367,-19.52701],[-42.6737,-19.527],[-42.67373,-19.52699],[-42.67377,-19.52699],[-42.6738,-19.52699],[-42.67383,-19.52698],[-42.67385,-19.52697],[-42.67387,-19.52695],[-42.67388,-19.52693],[-42.67389,-19.5269],[-42.6739,-19.52687],[-42.6739,-19.52684],[-42.6739,-19.52681],[-42.67391,-19.52678],[-42.67392,-19.52676],[-42.67394,-19.52675],[-42.67396,-19.52673],[-42.67399,-19.52673],[-42.67402,-19.52672],[-42.67406,-19.52672],[-42.67409,-19.52671],[-42.67412,-19.5267],[-42.67414,-19.52667],[-42.67416,-19.52664],[-42.67417,-19.5266],[-42.67418,-19.52655],[-42.67419,-19.52649],[-42.67419,-19.52642],[-42.67419,-19.52636],[-42.6742,-19.52631],[-42.67422,-19.52627],[-42.67423,-19.52623],[-42.67426,-19.52621],[-42.67428,-19.52619],[-42.67432,-19.52618],[-42.67435,-19.52619],[-42.67438,-19.52617],[-42.67441,-19.52615],[-42.67443,-19.52611],[-42.67445,-19.52606],[-42.67447,-19.526],[-42.67448,-19.52592],[-42.67448,-19.52583],[-42.67448,-19.52573],[-42.67448,-19.52564],[-42.67447,-19.52556],[-42.67446,-19.5255],[-42.67444,-19.52545],[-42.67442,-19.52541],[-42.67439,-19.52539],[-42.67436,-19.52537],[-42.67433,-19.52537],[-42.6743,-19.52538],[-42.67427,-19.52538],[-42.67425,-19.5254],[-42.67423,-19.52541],[-42.67421,-19.52543],[-42.67421,-19.52546],[-42.6742,-19.52549],[-42.6742,-19.52552],[-42.6742,-19.52555],[-42.67419,-19.52558],[-42.67417,-19.5256],[-42.67415,-19.52562],[-42.67413,-19.52563],[-42.6741,-19.52564],[-42.67407,-19.52564],[-42.67404,-19.52564],[-42.67401,-19.52564],[-42.67398,-19.52563],[-42.67396,-19.52561],[-42.67394,-19.5256],[-42.67393,-19.52557],[-42.67392,-19.52555],[-42.67391,-19.52552],[-42.67391,-19.52549],[-42.67391,-19.52546],[-42.6739,-19.52543],[-42.67389,-19.52541],[-42.67387,-19.52539],[-42.67385,-19.52538],[-42.67382,-19.52537],[-42.67379,-19.52537],[-42.67376,-19.52537],[-42.67372,-19.52536],[-42.6737,-19.52535],[-42.67368,-19.52534],[-42.67366,-19.52532],[-42.67365,-19.5253],[-42.67364,-19.52528],[-42.67363,-19.52525],[-42.67363,-19.52521],[-42.67364,-19.52518],[-42.67365,-19.52516],[-42.67366,-19.52514],[-42.67368,-19.52512],[-42.6737,-19.52511],[-42.67373,-19.5251],[-42.67376,-19.52509],[-42.6738,-19.5251],[-42.67383,-19.52509],[-42.67385,-19.52508],[-42.67388,-19.52507],[-42.67389,-19.52505],[-42.67391,-19.52503],[-42.67392,-19.52501],[-42.67392,-19.52498],[-42.67392,-19.52494],[-42.67392,-19.52491],[-42.67391,-19.52489],[-42.6739,-19.52487],[-42.67388,-19.52485],[-42.67386,-19.52484],[-42.67383,-19.52483],[-42.6738,-19.52482],[-42.67376,-19.52482],[-42.67373,-19.52482],[-42.67371,-19.52481],[-42.67368,-19.5248],[-42.67367,-19.52478],[-42.67365,-19.52476],[-42.67364,-19.52473],[-42.67364,-19.5247],[-42.67364,-19.52467],[-42.67364,-19.52464],[-42.67363,-19.52461],[-42.67362,-19.52459],[-42.6736,-19.52458],[-42.67358,-19.52456],[-42.67355,-19.52455],[-42.67352,-19.52455],[-42.67348,-19.52455],[-42.67345,-19.52454],[-42.67342,-19.52452],[-42.6734,-19.5245],[-42.67339,-19.52446],[-42.67337,-19.52442],[-42.67336,-19.52437],[-42.67336,-19.52431],[-42.67336,-19.52424],[-42.67338,-19.52418],[-42.6734,-19.52413],[-42.67344,-19.52409],[-42.6735,-19.52406],[-42.67357,-19.52403],[-42.67365,-19.52402],[-42.67374,-19.52401],[-42.67385,-19.52401],[-42.67394,-19.52402],[-42.67402,-19.52403],[-42.67409,-19.52404],[-42.67414,-19.52406],[-42.67418,-19.52408],[-42.67421,-19.52411],[-42.67422,-19.52414],[-42.67422,-19.52417],[-42.67421,-19.5242],[-42.67421,-19.52422],[-42.67419,-19.52425],[-42.67417,-19.52426],[-42.67415,-19.52427],[-42.67412,-19.52428],[-42.67409,-19.52429],[-42.67406,-19.52429],[-42.67403,-19.52429],[-42.674,-19.5243],[-42.67398,-19.52431],[-42.67396,-19.52433],[-42.67394,-19.52435],[-42.67394,-19.52437],[-42.67393,-19.5244],[-42.67393,-19.52444],[-42.67395,-19.52447],[-42.67398,-19.52449],[-42.67404,-19.52451],[-42.67411,-19.52453],[-42.6742,-19.52455],[-42.6743,-19.52456],[-42.67443,-19.52456],[-42.67457,-19.52456],[-42.6747,-19.52456],[-42.6748,-19.52455],[-42.67489,-19.52454],[-42.67496,-19.52453],[-42.67502,-19.52451],[-42.67505,-19.52448],[-42.67507,-19.52445],[-42.67507,-19.52442],[-42.67508,-19.52439],[-42.67509,-19.52436],[-42.6751,-19.52434],[-42.67512,-19.52433],[-42.67514,-19.52431],[-42.67517,-19.5243],[-42.6752,-19.5243],[-42.67523,-19.5243],[-42.67527,-19.52429],[-42.67529,-19.52426],[-42.67532,-19.52423],[-42.67533,-19.52418],[-42.67535,-19.52411],[-42.67536,-19.52404],[-42.67536,-19.52395],[-42.67537,-19.52385],[-42.67536,-19.52376],[-42.67536,-19.52368],[-42.67534,-19.52362],[-42.67533,-19.52357],[-42.6753,-19.52353],[-42.67528,-19.5235],[-42.67525,-19.52349],[-42.67521,-19.52349],[-42.67518,-19.52348],[-42.67515,-19.52348],[-42.67513,-19.52346],[-42.67511,-19.52345],[-42.6751,-19.52342],[-42.67509,-19.5234],[-42.67509,-19.52337],[-42.67509,-19.52334],[-42.6751,-19.52331],[-42.67512,-19.52328],[-42.67514,-19.52326],[-42.67518,-19.52324],[-42.67522,-19.52323],[-42.67528,-19.52322],[-42.67534,-19.52322],[-42.67541,-19.52322],[-42.67547,-19.52323],[-42.67553,-19.52326],[-42.67557,-19.5233],[-42.67561,-19.52335],[-42.67563,-19.52341],[-42.67565,-19.52349],[-42.67566,-19.52358],[-42.67565,-19.52368],[-42.67566,-19.52377],[-42.67567,-19.52385],[-42.67568,-19.52391],[-42.67569,-19.52396],[-42.67572,-19.524],[-42.67574,-19.52402],[-42.67577,-19.52404],[-42.67581,-19.52404],[-42.67584,-19.52403],[-42.67587,-19.52401],[-42.67589,-19.52399],[-42.67591,-19.52395],[-42.67592,-19.52391],[-42.67593,-19.52386],[-42.67594,-19.5238],[-42.67594,-19.52374],[-42.67595,-19.52368],[-42.67597,-19.52363],[-42.67599,-19.52358],[-42.67603,-19.52355],[-42.67608,-19.52353],[-42.67613,-19.52351],[-42.67619,-19.5235],[-42.67626,-19.5235],[-42.67633,-19.5235],[-42.67638,-19.52349],[-42.67642,-19.52348],[-42.67646,-19.52346],[-42.67649,-19.52344],[-42.67651,-19.52342],[-42.67651,-19.52339],[-42.67652,-19.52335],[-42.67654,-19.52332],[-42.67658,-19.5233],[-42.67665,-19.52328],[-42.67674,-19.52326],[-42.67685,-19.52325],[-42.67699,-19.52325],[-42.67714,-19.52324],[-42.67732,-19.52325],[-42.67748,-19.52324],[-42.67761,-19.52324],[-42.67772,-19.52323],[-42.67781,-19.52321],[-42.67788,-19.52319],[-42.67792,-19.52316],[-42.67795,-19.52313],[-42.67795,-19.5231],[-42.67796,-19.52307],[-42.67799,-19.52305],[-42.67803,-19.52303],[-42.67808,-19.52301],[-42.67815,-19.523],[-42.67823,-19.52299],[-42.67832,-19.52299],[-42.67843,-19.52299],[-42.67852,-19.52299],[-42.6786,-19.523],[-42.67867,-19.52302],[-42.67872,-19.52303],[-42.67876,-19.52306],[-42.67879,-19.52308],[-42.6788,-19.52311]],[[-42.67537,-19.5262],[-42.6753,-19.5262],[-42.67523,-19.5262],[-42.67518,-19.52621],[-42.67514,-19.52622],[-42.6751,-19.52624],[-42.67507,-19.52626],[-42.67505,-19.52628],[-42.67505,-19.52631],[-42.67504,-19.52635],[-42.67505,-19.52638],[-42.67507,-19.5264],[-42.6751,-19.52642],[-42.67513,-19.52644],[-42.67518,-19.52645],[-42.67523,-19.52646],[-42.67529,-19.52647],[-42.67536,-19.52647],[-42.67543,-19.52647],[-42.67548,-19.52646],[-42.67553,-19.52645],[-42.67556,-19.52643],[-42.67559,-19.52641],[-42.67561,-19.52638],[-42.67562,-19.52635],[-42.67562,-19.52632],[-42.67561,-19.52629],[-42.67559,-19.52626],[-42.67556,-19.52624],[-42.67553,-19.52623],[-42.67548,-19.52621],[-42.67543,-19.5262],[-42.67537,-19.5262]]]}},
{"type":"Feature","properties":{"fid":38,"DN":1},"geometry":{"type":"Polygon","coordinates":[[[-42.66502,-19.52862],[-42.66502,-19.52865],[-42.66501,-19.52868],[-42.665,-19.52871],[-42.66499,-19.52873],[-42.66497,-19.52875],[-42.66495,-19.52876],[-42.66492,-19.52877],[-42.66489,-19.52877],[-42.66485,-19.52877],[-42.66482,-19.52877],[-42.6648,-19.52876],[-42.66477,-19.52874],[-42.66476,-19.52873],[-42.66474,-19.52871],[-42.66474,-19.52868],[-42.66473,-19.52865],[-42.66473,-19.52862],[-42.66474,-19.52859],[-42.66475,-19.52856],[-42.66476,-19.52854],[-42.66478,-19.52852],[-42.6648,-19.52851],[-42.66483,-19.5285],[-42.66486,-19.5285],[-42.66489,-19.5285],[-42.66493,-19.5285],[-42.66495,-19.52851],[-42.66497,-19.52853],[-42.66499,-19.52854],[-42.66501,-19.52856],[-42.66501,-19.52859],[-42.66502,-19.52862]]]}},
{"type":"Feature","properties":{"fid":39,"DN":1},"geometry":{"type":"Polygon","coordinates":[[[-42.67359,-19.52836],[-42.67358,-19.5286],[-42.67357,-19.5288],[-42.67355,-19.52898],[-42.67352,-19.52913],[-42.67349,-19.52925],[-42.67344,-19.52933],[-42.67339,-19.52939],[-42.67332,-19.52942],[-42.67325,-19.52942],[-42.67319,-19.52941],[-42.67314,-19.52939],[-42.67309,-19.52937],[-42.67306,-19.52933],[-42.67303,-19.52929],[-42.67301,-19.52924],[-42.67301,-19.52918],[-42.67301,-19.52911],[-42.67301,-19.52905],[-42.67302,-19.529],[-42.67304,-19.52896],[-42.67305,-19.52893],[-42.67308,-19.5289],[-42.6731,-19.52889],[-42.67313,-19.52888],[-42.67317,-19.52888],[-42.6732,-19.52886],[-42.67323,-19.52881],[-42.67325,-19.52875],[-42.67327,-19.52867],[-42.67329,-19.52856],[-42.6733,-19.52844],[-42.6733,-19.52829],[-42.67331,-19.52812],[-42.67331,-19.52797],[-42.67332,-19.52784],[-42.67334,-19.52774],[-42.67336,-19.52765],[-42.67338,-19.52759],[-42.67341,-19.52755],[-42.67344,-19.52753],[-42.67348,-19.52753],[-42.67351,-19.52756],[-42.67353,-19.52762],[-42.67355,-19.52771],[-42.67357,-19.52783],[-42.67358,-19.52797],[-42.67359,-19.52815],[-42.67359,-19.52836]]]}},
{"type":"Feature","properties":{"fid":42,"DN":1},"geometry":{"type":"Polygon","coordinates":[[[-42.665,-19.5297],[-42.665,-19.52974],[-42.66499,-19.52977],[-42.66497,-19.52979],[-42.66495,-19.52981],[-42.66491,-19.52983],[-42.66487,-19.52984],[-42.66481,-19.52985],[-42.66475,-19.52985],[-42.66468,-19.52985],[-42.66462,-19.52985],[-42.66456,-19.52984],[-42.66452,-19.52982],[-42.66448,-19.52981],[-42.66446,-19.52978],[-42.66444,-19.52976],[-42.66443,-19.52973],[-42.66443,-19.5297],[-42.66444,-19.52967],[-42.66446,-19.52964],[-42.66449,-19.52962],[-42.66452,-19.5296],[-42.66457,-19.52959],[-42.66462,-19.52958],[-42.66468,-19.52958],[-42.66475,-19.52958],[-42.66482,-19.52959],[-42.66487,-19.5296],[-42.66491,-19.52961],[-42.66495,-19.52963],[-42.66498,-19.52965],[-42.66499,-19.52967],[-42.665,-19.5297]]]}},
{"type":"Feature","properties":{"fid":43,"DN":1},"geometry":{"type":"Polygon","coordinates":[[[-42.67272,-19.52926],[-42.67272,-19.52929],[-42.67272,-19.52932],[-42.67273,-19.52935],[-42.67274,-19.52937],[-42.67276,-19.52939],[-42.67278,-19.5294],[-42.67281,-19.52941],[-42.67284,-19.52941],[-42.67288,-19.52942],[-42.67291,-19.52942],[-42.67293,-19.52943],[-42.67296,-19.52944],[-42.67297,-19.52946],[-42.67299,-19.52948],[-42.673,-19.52951],[-42.673,-19.52954],[-42.673,-19.52957],[-42.67301,-19.5296],[-42.67304,-19.52962],[-42.67308,-19.52965],[-42.67313,-19.52966],[-42.6732,-19.52968],[-42.67328,-19.52969],[-42.67337,-19.52969],[-42.67348,-19.52969],[-42.67357,-19.5297],[-42.67365,-19.52972],[-42.67372,-19.52975],[-42.67377,-19.52978],[-42.67381,-19.52983],[-42.67384,-19.52988],[-42.67385,-19.52994],[-42.67385,-19.53],[-42.67384,-19.53006],[-42.67384,-19.53011],[-42.67382,-19.53016],[-42.6738,-19.53019],[-42.67378,-19.53021],[-42.67375,-19.53023],[-42.67372,-19.53024],[-42.67369,-19.53024],[-42.67365,-19.53024],[-42.67363,-19.53025],[-42.67361,-19.53026],[-42.67359,-19.53028],[-42.67357,-19.5303],[-42.67356,-19.53033],[-42.67356,-19.53035],[-42.67356,-19.53039],[-42.67355,-19.53042],[-42.67353,-19.53044],[-42.6735,-19.53046],[-42.67347,-19.53048],[-42.67342,-19.53049],[-42.67337,-19.5305],[-42.67331,-19.5305],[-42.67324,-19.5305],[-42.67317,-19.53051],[-42.67312,-19.53053],[-42.67307,-19.53055],[-42.67304,-19.53058],[-42.67301,-19.53063],[-42.67299,-19.53068],[-42.67298,-19.53074],[-42.67298,-19.5308],[-42.67298,-19.53086],[-42.67297,-19.53091],[-42.67295,-19.53096],[-42.67293,-19.53099],[-42.67291,-19.53101],[-42.67289,-19.53103],[-42.67285,-19.53104],[-42.67282,-19.53104],[-42.67279,-19.53104],[-42.67276,-19.53105],[-42.67274,-19.53106],[-42.67272,-19.53108],[-42.67271,-19.5311],[-42.6727,-19.53113],[-42.67269,-19.53116],[-42.67269,-19.53119],[-42.67269,-19.53122],[-42.67268,-19.53124],[-42.67266,-19.53127],[-42.67265,-19.53128],[-42.67262,-19.53129],[-42.6726,-19.5313],[-42.67256,-19.53131],[-42.67253,-19.53131],[-42.6725,-19.53129],[-42.67247,-19.53125],[-42.67245,-19.5312],[-42.67243,-19.53114],[-42.67242,-19.53105],[-42.67241,-19.53095],[-42.67241,-19.53083],[-42.67241,-19.5307],[-42.67241,-19.53058],[-42.6724,-19.53048],[-42.67239,-19.53039],[-42.67237,-19.53032],[-42.67235,-19.53027],[-42.67233,-19.53024],[-42.67229,-19.53022],[-42.67226,-19.53022],[-42.67223,-19.53021],[-42.6722,-19.53019],[-42.67218,-19.53017],[-42.67216,-19.53013],[-42.67215,-19.53009],[-42.67214,-19.53004],[-42.67214,-19.52998],[-42.67214,-19.52991],[-42.67214,-19.52985],[-42.67215,-19.5298],[-42.67217,-19.52976],[-42.67219,-19.52973],[-42.67221,-19.5297],[-42.67224,-19.52969],[-42.67227,-19.52968],[-42.6723,-19.52968],[-42.67233,-19.52967],[-42.67236,-19.52965],[-42.67238,-19.52963],[-42.6724,-19.5296],[-42.67242,-19.52955],[-42.67243,-19.5295],[-42.67243,-19.52944],[-42.67243,-19.52938],[-42.67244,-19.52932],[-42.67245,-19.52927],[-42.67246,-19.52922],[-42.67248,-19.52919],[-42.6725,-19.52917],[-42.67253,-19.52915],[-42.67256,-19.52914],[-42.6726,-19.52914],[-42.67263,-19.52915],[-42.67265,-19.52915],[-42.67268,-19.52917],[-42.67269,-19.52918],[-42.67271,-19.52921],[-42.67271,-19.52923],[-42.67272,-19.52926]]]}},
{"type":"Feature","properties":{"fid":48,"DN":1},"geometry":{"type":"Polygon","coordinates":[[[-42.68459,-19.53808],[-42.68459,-19.53811],[-42.68458,-19.53814],[-42.68457,-19.53817],[-42.68456,-19.53819],[-42.68454,-19.5382],[-42.68452,-19.53822],[-42.68449,-19.53822],[-42.68446,-19.53823],[-42.68442,-19.53823],[-42.68439,-19.53822],[-42.68437,-19.53821],[-42.68434,-19.5382],[-42.68433,-19.53818],[-42.68431,-19.53816],[-42.6843,-19.53814],[-42.6843,-19.53811],[-42.6843,-19.53807],[-42.68431,-19.53804],[-42.68432,-19.53802],[-42.68433,-19.538],[-42.68435,-19.53798],[-42.68437,-19.53797],[-42.6844,-19.53796],[-42.68443,-19.53796],[-42.68446,-19.53796],[-42.68449,-19.53796],[-42.68452,-19.53797],[-42.68454,-19.53798],[-42.68456,-19.538],[-42.68457,-19.53802],[-42.68458,-19.53805],[-42.68459,-19.53808]]]}},
{"type":"Feature","properties":{"fid":49,"DN":1},"geometry":{"type":"Polygon","coordinates":[[[-42.68258,-19.53886],[-42.68258,-19.5389],[-42.68257,-19.53893],[-42.68255,-19.53895],[-42.68252,-19.53897],[-42.68249,-19.53899],[-42.68244,-19.539],[-42.68239,-19.53901],[-42.68232,-19.53901],[-42.68225,-19.53901],[-42.68219,-19.53901],[-42.68214,-19.539],[-42.68209,-19.53898],[-42.68206,-19.53897],[-42.68203,-19.53895],[-42.68201,-19.53892],[-42.682,-19.53889],[-42.68201,-19.53886],[-42.68201,-19.53883],[-42.68203,-19.5388],[-42.68206,-19.53878],[-42.6821,-19.53876],[-42.68214,-19.53875],[-42.68219,-19.53874],[-42.68226,-19.53874],[-42.68233,-19.53874],[-42.68239,-19.53875],[-42.68244,-19.53876],[-42.68249,-19.53877],[-42.68252,-19.53879],[-42.68255,-19.53881],[-42.68257,-19.53883],[-42.68258,-19.53886]]]}},
{"type":"Feature","properties":{"fid":50,"DN":1},"geometry":{"type":"Polygon","coordinates":[[[-42.682,-19.53913],[-42.682,-19.53916],[-42.68199,-19.53919],[-42.68197,-19.53922],[-42.68195,-19.53924],[-42.68191,-19.53925],[-42.68187,-19.53927],[-42.68181,-19.53927],[-42.68175,-19.53928],[-42.68168,-19.53928],[-42.68162,-19.53927],[-42.68156,-19.53926],[-42.68152,-19.53925],[-42.68148,-19.53923],[-42.68146,-19.53921],[-42.68144,-19.53918],[-42.68143,-19.53915],[-42.68143,-19.53912],[-42.68144,-19.53909],[-42.68146,-19.53907],[-42.68148,-19.53904],[-42.68152,-19.53903],[-42.68157,-19.53902],[-42.68162,-19.53901],[-42.68168,-19.539],[-42.68175,-19.53901],[-42.68182,-19.53901],[-42.68187,-19.53902],[-42.68191,-19.53903],[-42.68195,-19.53905],[-42.68198,-19.53907],[-42.68199,-19.5391],[-42.682,-19.53913]]]}},
{"type":"Feature","properties":{"fid":56,"DN":1},"geometry":{"type":"Polygon","coordinates":[[[-42.68165,-19.54345],[-42.68165,-19.54349],[-42.68165,-19.54352],[-42.68164,-19.54354],[-42.68163,-19.54356],[-42.68161,-19.54358],[-42.68159,-19.54359],[-42.68156,-19.5436],[-42.68153,-19.54361],[-42.68149,-19.5436],[-42.68146,-19.5436],[-42.68143,-19.54359],[-42.68141,-19.54358],[-42.68139,-19.54356],[-42.68138,-19.54354],[-42.68137,-19.54351],[-42.68137,-19.54348],[-42.68137,-19.54345],[-42.68137,-19.54342],[-42.68138,-19.5434],[-42.6814,-19.54338],[-42.68141,-19.54336],[-42.68144,-19.54335],[-42.68146,-19.54334],[-42.6815,-19.54333],[-42.68153,-19.54333],[-42.68156,-19.54334],[-42.68159,-19.54335],[-42.68161,-19.54336],[-42.68163,-19.54338],[-42.68164,-19.5434],[-42.68165,-19.54343],[-42.68165,-19.54345]]]}},
{"type":"Feature","properties":{"fid":57,"DN":1},"geometry":{"type":"Polygon","coordinates":[[[-42.66305,-19.52616],[-42.66305,-19.52619],[-42.66309,-19.52622],[-42.66317,-19.52625],[-42.66329,-19.52627],[-42.66345,-19.52629],[-42.66365,-19.52631],[-42.6639,-19.52632],[-42.66418,-19.52632],[-42.6645,-19.52633],[-42.66478,-19.52634],[-42.66502,-19.52635],[-42.66522,-19.52636],[-42.66538,-19.52638],[-42.6655,-19.52641],[-42.66558,-19.52643],[-42.66562,-19.52646],[-42.66562,-19.5265],[-42.66563,-19.52653],[-42.66566,-19.52655],[-42.6657,-19.52657],[-42.66575,-19.52659],[-42.66582,-19.5266],[-42.6659,-19.52661],[-42.66599,-19.52662],[-42.6661,-19.52662],[-42.66619,-19.52663],[-42.66627,-19.52664],[-42.66634,-19.52665],[-42.66639,-19.52667],[-42.66643,-19.52669],[-42.66646,-19.52671],[-42.66647,-19.52674],[-42.66647,-19.52678],[-42.66648,-19.52681],[-42.66651,-19.52683],[-42.66655,-19.52685],[-42.6666,-19.52687],[-42.66667,-19.52689],[-42.66675,-19.5269],[-42.66684,-19.5269],[-42.66695,-19.5269],[-42.66705,-19.52691],[-42.66713,-19.52692],[-42.66719,-19.52693],[-42.66725,-19.52695],[-42.66729,-19.52697],[-42.66731,-19.527],[-42.66733,-19.52703],[-42.66732,-19.52706],[-42.66734,-19.52709],[-42.66736,-19.52711],[-42.6674,-19.52714],[-42.66746,-19.52715],[-42.66752,-19.52717],[-42.6676,-19.52718],[-42.6677,-19.52718],[-42.6678,-19.52718],[-42.6679,-19.52719],[-42.66798,-19.5272],[-42.66805,-19.52721],[-42.6681,-19.52723],[-42.66814,-19.52725],[-42.66816,-19.52728],[-42.66818,-19.52731],[-42.66818,-19.52734],[-42.66819,-19.52737],[-42.6682,-19.5274],[-42.66823,-19.52742],[-42.66827,-19.52744],[-42.66831,-19.52745],[-42.66836,-19.52746],[-42.66843,-19.52746],[-42.6685,-19.52746],[-42.66856,-19.52747],[-42.66861,-19.52748],[-42.66866,-19.52749],[-42.66869,-19.52751],[-42.66872,-19.52753],[-42.66874,-19.52756],[-42.66874,-19.52759],[-42.66874,-19.52762],[-42.66875,-19.52765],[-42.66877,-19.52767],[-42.6688,-19.5277],[-42.66883,-19.52771],[-42.66888,-19.52773],[-42.66893,-19.52774],[-42.66899,-19.52774],[-42.66906,-19.52774],[-42.66913,-19.52775],[-42.66918,-19.52776],[-42.66922,-19.52777],[-42.66926,-19.52779],[-42.66929,-19.52781],[-42.6693,-19.52783],[-42.66931,-19.52786],[-42.66931,-19.5279],[-42.66932,-19.52793],[-42.66932,-19.52795],[-42.66934,-19.52797],[-42.66935,-19.52799],[-42.66938,-19.528],[-42.6694,-19.52801],[-42.66943,-19.52802],[-42.66947,-19.52802],[-42.6695,-19.52802],[-42.66953,-19.52803],[-42.66955,-19.52804],[-42.66957,-19.52806],[-42.66958,-19.52808],[-42.66959,-19.52811],[-42.66959,-19.52814],[-42.66959,-19.52817],[-42.6696,-19.5282],[-42.66961,-19.52823],[-42.66962,-19.52825],[-42.66964,-19.52827],[-42.66966,-19.52828],[-42.66969,-19.52829],[-42.66972,-19.52829],[-42.66975,-19.52829],[-42.66978,-19.5283],[-42.66981,-19.52831],[-42.66983,-19.52832],[-42.66985,-19.52834],[-42.66986,-19.52836],[-42.66987,-19.52838],[-42.66988,-19.52841],[-42.66987,-19.52845],[-42.66988,-19.52848],[-42.66989,-19.5285],[-42.6699,-19.52852],[-42.66992,-19.52854],[-42.66994,-19.52855],[-42.66997,-19.52856],[-42.67,-19.52857],[-42.67003,-19.52857],[-42.67006,-19.52857],[-42.67009,-19.52858],[-42.67011,-19.52859],[-42.67013,-19.52861],[-42.67014,-19.52863],[-42.67015,-19.52866],[-42.67016,-19.52869],[-42.67016,-19.52872],[-42.67016,-19.52875],[-42.67018,-19.52878],[-42.67021,-19.5288],[-42.67024,-19.52881],[-42.67029,-19.52883],[-42.67034,-19.52884],[-42.6704,-19.52884],[-42.67048,-19.52884],[-42.67054,-19.52885],[-42.67059,-19.52886],[-42.67064,-19.52887],[-42.67067,-19.52889],[-42.6707,-19.52891],[-42.67072,-19.52893],[-42.67072,-19.52896],[-42.67072,-19.529],[-42.67073,-19.52903],[-42.67074,-19.52905],[-42.67075,-19.52907],[-42.67077,-19.52909],[-42.67079,-19.5291],[-42.67082,-19.52911],[-42.67085,-19.52912],[-42.67088,-19.52912],[-42.67091,-19.52912],[-42.67094,-19.52913],[-42.67096,-19.52915],[-42.67098,-19.52916],[-42.67099,-19.52918],[-42.671,-19.52921],[-42.67101,-19.52924],[-42.67101,-19.52927],[-42.67101,-19.5293],[-42.67102,-19.52933],[-42.67103,-19.52935],[-42.67105,-19.52937],[-42.67107,-19.52938],[-42.6711,-19.52939],[-42.67113,-19.52939],[-42.67116,-19.52939],[-42.6712,-19.5294],[-42.67122,-19.52942],[-42.67124,-19.52945],[-42.67126,-19.52948],[-42.67127,-19.52952],[-42.67128,-19.52957],[-42.67129,-19.52963],[-42.67128,-19.5297],[-42.67129,-19.52976],[-42.6713,-19.52981],[-42.67131,-19.52985],[-42.67133,-19.52989],[-42.67135,-19.52991],[-42.67137,-19.52993],[-42.67141,-19.52994],[-42.67144,-19.52994],[-42.67147,-19.52994],[-42.6715,-19.52995],[-42.67152,-19.52996],[-42.67154,-19.52998],[-42.67155,-19.53],[-42.67156,-19.53003],[-42.67156,-19.53006],[-42.67156,-19.53009],[-42.67157,-19.53012],[-42.67158,-19.53015],[-42.67159,-19.53017],[-42.67161,-19.53019],[-42.67163,-19.5302],[-42.67166,-19.53021],[-42.67169,-19.53021],[-42.67172,-19.53021],[-42.67175,-19.53022],[-42.67178,-19.53024],[-42.6718,-19.53026],[-42.67182,-19.5303],[-42.67183,-19.53034],[-42.67184,-19.53039],[-42.67184,-19.53045],[-42.67184,-19.53052],[-42.67185,-19.53058],[-42.67186,-19.53063],[-42.67187,-19.53067],[-42.67189,-19.53071],[-42.67191,-19.53073],[-42.67193,-19.53075],[-42.67197,-19.53076],[-42.672,-19.53076],[-42.67203,-19.53077],[-42.67206,-19.5308],[-42.67208,-19.53083],[-42.6721,-19.53089],[-42.67211,-19.53095],[-42.67212,-19.53103],[-42.67212,-19.53111],[-42.67212,-19.53122],[-42.67212,-19.53131],[-42.67213,-19.53138],[-42.67214,-19.53144],[-42.67216,-19.5315],[-42.67218,-19.53153],[-42.67221,-19.53156],[-42.67224,-19.53157],[-42.67227,-19.53157],[-42.67231,-19.5316],[-42.67233,-19.53164],[-42.67235,-19.5317],[-42.67237,-19.53179],[-42.67238,-19.53189],[-42.67239,-19.53202],[-42.67239,-19.53217],[-42.67239,-19.53234],[-42.67238,-19.53248],[-42.67237,-19.53261],[-42.67236,-19.53272],[-42.67234,-19.5328],[-42.67231,-19.53286],[-42.67229,-19.53291],[-42.67226,-19.53293],[-42.67222,-19.53293],[-42.67219,-19.53293],[-42.67216,-19.53295],[-42.67214,-19.53298],[-42.67212,-19.53301],[-42.67211,-19.53305],[-42.6721,-19.5331],[-42.67209,-19.53316],[-42.67209,-19.53323],[-42.67209,-19.53329],[-42.6721,-19.53334],[-42.67212,-19.53338],[-42.67213,-19.53342],[-42.67215,-19.53344],[-42.67218,-19.53346],[-42.67221,-19.53347],[-42.67225,-19.53347],[-42.67228,-19.53347],[-42.67231,-19.53348],[-42.67233,-19.53349],[-42.67235,-19.53351],[-42.67236,-19.53353],[-42.67237,-19.53356],[-42.67237,-19.53359],[-42.67237,-19.53362],[-42.67237,-19.53365],[-42.67236,-19.53368],[-42.67234,-19.5337],[-42.67232,-19.53371],[-42.6723,-19.53373],[-42.67228,-19.53374],[-42.67224,-19.53374],[-42.67221,-19.53374],[-42.67218,-19.53375],[-42.67215,-19.53378],[-42.67213,-19.53381],[-42.67211,-19.53386],[-42.67209,-19.53393],[-42.67208,-19.534],[-42.67208,-19.53409],[-42.67208,-19.53419],[-42.67208,-19.53428],[-42.67209,-19.53436],[-42.6721,-19.53442],[-42.67212,-19.53447],[-42.67214,-19.53451],[-42.67217,-19.53454],[-42.6722,-19.53455],[-42.67223,-19.53455],[-42.67226,-19.53456],[-42.67229,-19.53459],[-42.67231,-19.53463],[-42.67233,-19.53468],[-42.67234,-19.53474],[-42.67235,-19.53482],[-42.67235,-19.53491],[-42.67235,-19.53501],[-42.67235,-19.5351],[-42.67236,-19.53517],[-42.67237,-19.53524],[-42.67239,-19.53529],[-42.67241,-19.53533],[-42.67244,-19.53535],[-42.67247,-19.53537],[-42.67251,-19.53537],[-42.67254,-19.53538],[-42.67256,-19.53539],[-42.67259,-19.53542],[-42.6726,-19.53545],[-42.67262,-19.5355],[-42.67262,-19.53555],[-42.67263,-19.53561],[-42.67263,-19.53567],[-42.67263,-19.53573],[-42.67264,-19.53578],[-42.67265,-19.53583],[-42.67267,-19.53586],[-42.67269,-19.53589],[-42.67272,-19.5359],[-42.67275,-19.53591],[-42.67278,-19.53591],[-42.67282,-19.53592],[-42.67284,-19.53593],[-42.67286,-19.53594],[-42.67288,-19.53596],[-42.67289,-19.53598],[-42.6729,-19.536],[-42.67291,-19.53603],[-42.67291,-19.53607],[-42.67292,-19.5361],[-42.67293,-19.53612],[-42.67296,-19.53614],[-42.67299,-19.53616],[-42.67304,-19.53617],[-42.67309,-19.53618],[-42.67315,-19.53619],[-42.67323,-19.53619],[-42.67329,-19.53619],[-42.67334,-19.5362],[-42.67339,-19.53622],[-42.67342,-19.53623],[-42.67345,-19.53625],[-42.67347,-19.53628],[-42.67347,-19.53631],[-42.67347,-19.53634],[-42.67348,-19.53637],[-42.6735,-19.5364],[-42.67353,-19.53642],[-42.67356,-19.53644],[-42.67361,-19.53645],[-42.67366,-19.53646],[-42.67372,-19.53647],[-42.67379,-19.53647],[-42.67386,-19.53647],[-42.67391,-19.53648],[-42.67395,-19.53649],[-42.67399,-19.53651],[-42.67402,-19.53653],[-42.67403,-19.53656],[-42.67404,-19.53659],[-42.67404,-19.53662],[-42.67404,-19.53665],[-42.67405,-19.53668],[-42.67407,-19.5367],[-42.67408,-19.53672],[-42.67411,-19.53673],[-42.67413,-19.53674],[-42.67416,-19.53674],[-42.6742,-19.53674],[-42.67423,-19.53675],[-42.67426,-19.53676],[-42.67428,-19.53677],[-42.6743,-19.53679],[-42.67431,-19.53681],[-42.67432,-19.53683],[-42.67432,-19.53686],[-42.67432,-19.5369],[-42.67433,-19.53693],[-42.67434,-19.53695],[-42.67435,-19.53697],[-42.67437,-19.53699],[-42.67439,-19.537],[-42.67441,-19.53701],[-42.67445,-19.53702],[-42.67448,-19.53702],[-42.67451,-19.53702],[-42.67454,-19.53703],[-42.67456,-19.53704],[-42.67458,-19.53706],[-42.67459,-19.53708],[-42.6746,-19.53711],[-42.6746,-19.53714],[-42.6746,-19.53717],[-42.67461,-19.5372],[-42.67462,-19.53723],[-42.67463,-19.53725],[-42.67465,-19.53726],[-42.67467,-19.53728],[-42.6747,-19.53729],[-42.67473,-19.53729],[-42.67476,-19.53729],[-42.67479,-19.5373],[-42.67482,-19.5373],[-42.67484,-19.53732],[-42.67486,-19.53733],[-42.67487,-19.53736],[-42.67488,-19.53738],[-42.67489,-19.53741],[-42.67489,-19.53745],[-42.67489,-19.53747],[-42.6749,-19.5375],[-42.67491,-19.53752],[-42.67493,-19.53754],[-42.67495,-19.53755],[-42.67498,-19.53756],[-42.67501,-19.53757],[-42.67504,-19.53757],[-42.67508,-19.53757],[-42.6751,-19.53758],[-42.67512,-19.53759],[-42.67514,-19.53761],[-42.67516,-19.53763],[-42.67516,-19.53766],[-42.67517,-19.53769],[-42.67517,-19.53772],[-42.67517,-19.53775],[-42.67518,-19.53777],[-42.67519,-19.5378],[-42.67521,-19.53781],[-42.67523,-19.53783],[-42.67526,-19.53783],[-42.67529,-19.53784],[-42.67533,-19.53784],[-42.67536,-19.53784],[-42.67538,-19.53785],[-42.67541,-19.53787],[-42.67542,-19.53788],[-42.67544,-19.5379],[-42.67545,-19.53793],[-42.67545,-19.53796],[-42.67545,-19.53799],[-42.67545,-19.53802],[-42.67546,-19.53805],[-42.67547,-19.53807],[-42.67549,-19.53809],[-42.67551,-19.5381],[-42.67554,-19.53811],[-42.67557,-19.53811],[-42.67561,-19.53811],[-42.67564,-19.53812],[-42.67567,-19.53813],[-42.67569,-19.53814],[-42.67571,-19.53816],[-42.67572,-19.53818],[-42.67573,-19.5382],[-42.67573,-19.53823],[-42.67573,-19.53827],[-42.67573,-19.5383],[-42.67574,-19.53832],[-42.67576,-19.53834],[-42.67577,-19.53836],[-42.6758,-19.53837],[-42.67582,-19.53838],[-42.67585,-19.53839],[-42.67589,-19.53839],[-42.67592,-19.53839],[-42.67595,-19.5384],[-42.67597,-19.53842],[-42.67599,-19.53843],[-42.676,-19.53845],[-42.67601,-19.53848],[-42.67601,-19.53851],[-42.67601,-19.53854],[-42.67602,-19.53857],[-42.67603,-19.5386],[-42.67604,-19.53862],[-42.67606,-19.53864],[-42.67608,-19.53865],[-42.6761,-19.53866],[-42.67614,-19.53866],[-42.67617,-19.53866],[-42.6762,-19.53867],[-42.67623,-19.53868],[-42.67625,-19.53869],[-42.67627,-19.53871],[-42.67628,-19.53873],[-42.67629,-19.53875],[-42.67629,-19.53878],[-42.67629,-19.53882],[-42.6763,-19.53885],[-42.67631,-19.53887],[-42.67632,-19.53889],[-42.67634,-19.53891],[-42.67636,-19.53892],[-42.67639,-19.53893],[-42.67642,-19.53894],[-42.67645,-19.53894],[-42.67648,-19.53894],[-42.67651,-19.53895],[-42.67653,-19.53896],[-42.67655,-19.53898],[-42.67656,-19.539],[-42.67657,-19.53903],[-42.67658,-19.53906],[-42.67658,-19.53909],[-42.67658,-19.53912],[-42.67659,-19.53915],[-42.6766,-19.53917],[-42.67662,-19.53918],[-42.67664,-19.5392],[-42.67667,-19.53921],[-42.6767,-19.53921],[-42.67673,-19.53921],[-42.67677,-19.53922],[-42.67679,-19.53923],[-42.67681,-19.53924],[-42.67683,-19.53926],[-42.67685,-19.53928],[-42.67685,-19.5393],[-42.67686,-19.53933],[-42.67686,-19.53937],[-42.67687,-19.5394],[-42.67688,-19.53942],[-42.67691,-19.53944],[-42.67695,-19.53946],[-42.67699,-19.53947],[-42.67704,-19.53948],[-42.67711,-19.53949],[-42.67718,-19.53949],[-42.67724,-19.53949],[-42.67729,-19.5395],[-42.67734,-19.53952],[-42.67737,-19.53953],[-42.6774,-19.53955],[-42.67742,-19.53958],[-42.67743,-19.53961],[-42.67742,-19.53964],[-42.67746,-19.53967],[-42.67754,-19.5397],[-42.67766,-19.53972],[-42.67782,-19.53974],[-42.67803,-19.53976],[-42.67827,-19.53977],[-42.67855,-19.53978],[-42.67887,-19.53978],[-42.67915,-19.53978],[-42.67939,-19.53977],[-42.67959,-19.53976],[-42.67975,-19.53975],[-42.67987,-19.53973],[-42.67995,-19.53971],[-42.67999,-19.53968],[-42.67999,-19.53964],[-42.68001,-19.53961],[-42.68004,-19.53959],[-42.68008,-19.53957],[-42.68013,-19.53955],[-42.6802,-19.53954],[-42.68028,-19.53953],[-42.68037,-19.53953],[-42.68048,-19.53953],[-42.68057,-19.53953],[-42.68065,-19.53952],[-42.68072,-19.53951],[-42.68077,-19.53949],[-42.68081,-19.53947],[-42.68084,-19.53945],[-42.68085,-19.53942],[-42.68086,-19.53938],[-42.68086,-19.53935],[-42.68088,-19.53933],[-42.68091,-19.53931],[-42.68095,-19.53929],[-42.68099,-19.53928],[-42.68104,-19.53927],[-42.68111,-19.53927],[-42.68118,-19.53927],[-42.68124,-19.53927],[-42.68129,-19.53928],[-42.68134,-19.5393],[-42.68137,-19.53931],[-42.6814,-19.53934],[-42.68142,-19.53936],[-42.68143,-19.53939],[-42.68143,-19.53942],[-42.68142,-19.53945],[-42.68141,-19.53948],[-42.6814,-19.5395],[-42.68138,-19.53952],[-42.68136,-19.53953],[-42.68133,-19.53954],[-42.6813,-19.53954],[-42.68126,-19.53954],[-42.68123,-19.53954],[-42.68121,-19.53955],[-42.68118,-19.53957],[-42.68116,-19.53958],[-42.68115,-19.5396],[-42.68114,-19.53963],[-42.68114,-19.53966],[-42.68114,-19.53969],[-42.68115,-19.53972],[-42.68116,-19.53975],[-42.68119,-19.53977],[-42.68122,-19.53979],[-42.68127,-19.5398],[-42.68132,-19.53981],[-42.68138,-19.53981],[-42.68146,-19.53981],[-42.68152,-19.53981],[-42.68157,-19.5398],[-42.68162,-19.53979],[-42.68165,-19.53977],[-42.68168,-19.53975],[-42.6817,-19.53973],[-42.68171,-19.5397],[-42.68171,-19.53966],[-42.68173,-19.53964],[-42.68178,-19.53961],[-42.68184,-19.53959],[-42.68193,-19.53957],[-42.68204,-19.53956],[-42.68218,-19.53956],[-42.68233,-19.53955],[-42.68251,-19.53956],[-42.68267,-19.53955],[-42.6828,-19.53955],[-42.68291,-19.53954],[-42.683,-19.53952],[-42.68307,-19.5395],[-42.68312,-19.53948],[-42.68314,-19.53945],[-42.68314,-19.53941],[-42.68314,-19.53938],[-42.68315,-19.53936],[-42.68317,-19.53934],[-42.68319,-19.53932],[-42.68321,-19.53931],[-42.68323,-19.5393],[-42.68327,-19.5393],[-42.6833,-19.5393],[-42.68333,-19.53929],[-42.68336,-19.53928],[-42.68338,-19.53927],[-42.6834,-19.53926],[-42.68341,-19.53923],[-42.68342,-19.53921],[-42.68343,-19.53918],[-42.68343,-19.53915],[-42.68343,-19.53912],[-42.68344,-19.53909],[-42.68346,-19.53907],[-42.68347,-19.53905],[-42.6835,-19.53904],[-42.68352,-19.53903],[-42.68356,-19.53903],[-42.68359,-19.53903],[-42.68362,-19.53903],[-42.68365,-19.53902],[-42.68367,-19.539],[-42.68369,-19.53899],[-42.6837,-19.53897],[-42.68371,-19.53894],[-42.68372,-19.53891],[-42.68372,-19.53888],[-42.68371,-19.53885],[-42.68369,-19.53882],[-42.68367,-19.5388],[-42.68363,-19.53878],[-42.68359,-19.53877],[-42.68353,-19.53876],[-42.68347,-19.53876],[-42.6834,-19.53876],[-42.68334,-19.53875],[-42.68328,-19.53874],[-42.68324,-19.53873],[-42.6832,-19.53871],[-42.68318,-19.53869],[-42.68316,-19.53866],[-42.68315,-19.53863],[-42.68315,-19.5386],[-42.68316,-19.53857],[-42.68318,-19.53855],[-42.68321,-19.53853],[-42.68324,-19.53851],[-42.68329,-19.5385],[-42.68334,-19.53849],[-42.6834,-19.53849],[-42.68347,-19.53849],[-42.68354,-19.53848],[-42.68359,-19.53847],[-42.68364,-19.53846],[-42.68367,-19.53845],[-42.6837,-19.53843],[-42.68372,-19.5384],[-42.68373,-19.53837],[-42.68373,-19.53834],[-42.68374,-19.53831],[-42.68375,-19.53828],[-42.68378,-19.53826],[-42.68382,-19.53825],[-42.68386,-19.53823],[-42.68392,-19.53823],[-42.68398,-19.53822],[-42.68405,-19.53822],[-42.68411,-19.53823],[-42.68416,-19.53824],[-42.68421,-19.53825],[-42.68424,-19.53827],[-42.68427,-19.53829],[-42.68429,-19.53831],[-42.6843,-19.53834],[-42.6843,-19.53838],[-42.68429,-19.53841],[-42.68428,-19.53843],[-42.68427,-19.53845],[-42.68425,-19.53847],[-42.68423,-19.53848],[-42.6842,-19.53849],[-42.68417,-19.5385],[-42.68413,-19.53849],[-42.6841,-19.5385],[-42.68408,-19.53851],[-42.68405,-19.53852],[-42.68404,-19.53854],[-42.68402,-19.53856],[-42.68401,-19.53858],[-42.68401,-19.53861],[-42.68401,-19.53865],[-42.68402,-19.53868],[-42.68405,-19.5387],[-42.68409,-19.53872],[-42.68414,-19.53874],[-42.68421,-19.53875],[-42.68429,-19.53876],[-42.68438,-19.53877],[-42.68449,-19.53877],[-42.68458,-19.53877],[-42.68466,-19.53876],[-42.68473,-19.53875],[-42.68478,-19.53873],[-42.68482,-19.53871],[-42.68485,-19.53869],[-42.68486,-19.53866],[-42.68486,-19.53862],[-42.68487,-19.53859],[-42.68488,-19.53857],[-42.68489,-19.53855],[-42.68491,-19.53853],[-42.68493,-19.53852],[-42.68496,-19.53851],[-42.68499,-19.53851],[-42.68503,-19.53851],[-42.68506,-19.5385],[-42.68508,-19.53849],[-42.68511,-19.53848],[-42.68513,-19.53847],[-42.68514,-19.53844],[-42.68515,-19.53842],[-42.68515,-19.53839],[-42.68515,-19.53836],[-42.68515,-19.53833],[-42.68514,-19.5383],[-42.68513,-19.53828],[-42.68511,-19.53826],[-42.68509,-19.53825],[-42.68506,-19.53824],[-42.68503,-19.53824],[-42.68499,-19.53823],[-42.68496,-19.53823],[-42.68494,-19.53821],[-42.68492,-19.53818],[-42.6849,-19.53815],[-42.68489,-19.53811],[-42.68488,-19.53806],[-42.68487,-19.538],[-42.68487,-19.53793],[-42.68489,-19.53787],[-42.68492,-19.53782],[-42.68496,-19.53778],[-42.68501,-19.53774],[-42.68508,-19.53772],[-42.68516,-19.5377],[-42.68525,-19.5377],[-42.68536,-19.5377],[-42.68545,-19.5377],[-42.68553,-19.53769],[-42.6856,-19.53768],[-42.68565,-19.53766],[-42.68569,-19.53764],[-42.68572,-19.53761],[-42.68574,-19.53758],[-42.68574,-19.53755],[-42.68575,-19.53752],[-42.68578,-19.5375],[-42.68582,-19.53748],[-42.68587,-19.53746],[-42.68594,-19.53745],[-42.68602,-19.53744],[-42.68611,-19.53744],[-42.68622,-19.53744],[-42.68631,-19.53745],[-42.68639,-19.53747],[-42.68646,-19.53749],[-42.68651,-19.53753],[-42.68655,-19.53757],[-42.68658,-19.53762],[-42.68659,-19.53768],[-42.68659,-19.53775],[-42.6866,-19.53781],[-42.68663,-19.53786],[-42.68667,-19.5379],[-42.68672,-19.53794],[-42.68679,-19.53796],[-42.68687,-19.53798],[-42.68696,-19.53799],[-42.68707,-19.53799],[-42.68716,-19.53802],[-42.68724,-19.53808],[-42.68731,-19.53817],[-42.68736,-19.53829],[-42.6874,-19.53844],[-42.68742,-19.53862],[-42.68743,-19.53882],[-42.68743,-19.53906],[-42.68742,-19.53927],[-42.68741,-19.53945],[-42.68739,-19.53959],[-42.68737,-19.53971],[-42.68735,-19.5398],[-42.68732,-19.53986],[-42.68729,-19.53989],[-42.68726,-19.53989],[-42.68722,-19.53988],[-42.6872,-19.53987],[-42.68718,-19.53986],[-42.68716,-19.53984],[-42.68715,-19.53982],[-42.68714,-19.5398],[-42.68713,-19.53977],[-42.68713,-19.53973],[-42.68712,-19.5397],[-42.68711,-19.53968],[-42.68708,-19.53966],[-42.68705,-19.53964],[-42.687,-19.53963],[-42.68695,-19.53962],[-42.68689,-19.53961],[-42.68681,-19.53961],[-42.68675,-19.53962],[-42.6867,-19.53962],[-42.68665,-19.53964],[-42.68662,-19.53965],[-42.68659,-19.53967],[-42.68657,-19.5397],[-42.68656,-19.53973],[-42.68656,-19.53976],[-42.68655,-19.53979],[-42.68653,-19.53982],[-42.68651,-19.53984],[-42.68647,-19.53985],[-42.68643,-19.53987],[-42.68637,-19.53987],[-42.68631,-19.53988],[-42.68624,-19.53988],[-42.68618,-19.53987],[-42.68612,-19.53986],[-42.68608,-19.53985],[-42.68604,-19.53983],[-42.68602,-19.53981],[-42.686,-19.53978],[-42.68599,-19.53975],[-42.68599,-19.53972],[-42.68598,-19.53969],[-42.68597,-19.53966],[-42.68594,-19.53964],[-42.6859,-19.53963],[-42.68586,-19.53961],[-42.68581,-19.5396],[-42.68574,-19.5396],[-42.68567,-19.5396],[-42.68561,-19.53961],[-42.68555,-19.53963],[-42.68551,-19.53967],[-42.68547,-19.53972],[-42.68545,-19.53978],[-42.68543,-19.53986],[-42.68542,-19.53995],[-42.68542,-19.54005],[-42.68541,-19.54014],[-42.6854,-19.54022],[-42.68539,-19.54028],[-42.68537,-19.54033],[-42.68534,-19.54037],[-42.68532,-19.54039],[-42.68529,-19.5404],[-42.68525,-19.5404],[-42.68522,-19.5404],[-42.68519,-19.54038],[-42.68517,-19.54035],[-42.68515,-19.54032],[-42.68514,-19.54028],[-42.68513,-19.54022],[-42.68513,-19.54017],[-42.68513,-19.5401],[-42.68513,-19.54004],[-42.68512,-19.53999],[-42.6851,-19.53995],[-42.68509,-19.53991],[-42.68506,-19.53989],[-42.68504,-19.53987],[-42.68501,-19.53986],[-42.68497,-19.53986],[-42.68494,-19.53986],[-42.68491,-19.53987],[-42.68489,-19.53988],[-42.68487,-19.5399],[-42.68486,-19.53992],[-42.68485,-19.53995],[-42.68485,-19.53998],[-42.68484,-19.54001],[-42.68484,-19.54004],[-42.68483,-19.54006],[-42.68482,-19.54009],[-42.6848,-19.5401],[-42.68478,-19.54011],[-42.68475,-19.54012],[-42.68472,-19.54013],[-42.68468,-19.54013],[-42.68465,-19.54013],[-42.68462,-19.54015],[-42.6846,-19.54018],[-42.68458,-19.54021],[-42.68457,-19.54025],[-42.68456,-19.5403],[-42.68455,-19.54036],[-42.68455,-19.54043],[-42.68455,-19.54049],[-42.68454,-19.54054],[-42.68452,-19.54058],[-42.68451,-19.54061],[-42.68448,-19.54064],[-42.68446,-19.54066],[-42.68442,-19.54066],[-42.68439,-19.54066],[-42.68436,-19.54067],[-42.68433,-19.54068],[-42.68431,-19.54069],[-42.68429,-19.5407],[-42.68428,-19.54073],[-42.68427,-19.54075],[-42.68426,-19.54078],[-42.68426,-19.54081],[-42.68426,-19.54084],[-42.68425,-19.54087],[-42.68423,-19.54089],[-42.68422,-19.54091],[-42.68419,-19.54092],[-42.68417,-19.54093],[-42.68414,-19.54093],[-42.6841,-19.54093],[-42.68407,-19.54093],[-42.68404,-19.54094],[-42.68402,-19.54096],[-42.684,-19.54097],[-42.68399,-19.54099],[-42.68398,-19.54102],[-42.68397,-19.54105],[-42.68397,-19.54108],[-42.68397,-19.54111],[-42.68396,-19.54114],[-42.68394,-19.54116],[-42.68393,-19.54117],[-42.6839,-19.54119],[-42.68388,-19.54119],[-42.68385,-19.5412],[-42.68381,-19.5412],[-42.68378,-19.5412],[-42.68375,-19.54121],[-42.68373,-19.54122],[-42.68371,-19.54124],[-42.6837,-19.54126],[-42.68369,-19.54129],[-42.68368,-19.54131],[-42.68368,-19.54135],[-42.68368,-19.54138],[-42.68367,-19.5414],[-42.68366,-19.54142],[-42.68364,-19.54144],[-42.68361,-19.54145],[-42.68359,-19.54146],[-42.68356,-19.54147],[-42.68352,-19.54146],[-42.68349,-19.54147],[-42.68346,-19.54148],[-42.68344,-19.54149],[-42.68342,-19.54151],[-42.68341,-19.54153],[-42.6834,-19.54155],[-42.68339,-19.54158],[-42.68339,-19.54162],[-42.68339,-19.54165],[-42.68338,-19.54167],[-42.68337,-19.54169],[-42.68335,-19.54171],[-42.68333,-19.54172],[-42.6833,-19.54173],[-42.68327,-19.54173],[-42.68323,-19.54173],[-42.6832,-19.54174],[-42.68317,-19.54174],[-42.68315,-19.54176],[-42.68313,-19.54177],[-42.68312,-19.54179],[-42.68311,-19.54182],[-42.6831,-19.54185],[-42.6831,-19.54188],[-42.68309,-19.54191],[-42.68305,-19.54194],[-42.683,-19.54196],[-42.68292,-19.54197],[-42.68284,-19.54198],[-42.68273,-19.54199],[-42.6826,-19.54199],[-42.68246,-19.54199],[-42.68234,-19.542],[-42.68223,-19.542],[-42.68214,-19.54201],[-42.68207,-19.54203],[-42.68201,-19.54205],[-42.68198,-19.54208],[-42.68196,-19.5421],[-42.68196,-19.54214],[-42.68195,-19.54217],[-42.68193,-19.54219],[-42.6819,-19.54221],[-42.68187,-19.54223],[-42.68182,-19.54224],[-42.68177,-19.54225],[-42.68171,-19.54225],[-42.68164,-19.54225],[-42.68157,-19.54226],[-42.68152,-19.54226],[-42.68147,-19.54228],[-42.68144,-19.54229],[-42.68141,-19.54231],[-42.68139,-19.54234],[-42.68138,-19.54237],[-42.68138,-19.5424],[-42.68138,-19.54243],[-42.68137,-19.54246],[-42.68136,-19.54248],[-42.68134,-19.54249],[-42.68131,-19.54251],[-42.68129,-19.54252],[-42.68126,-19.54252],[-42.68122,-19.54252],[-42.68119,-19.54251],[-42.68116,-19.54251],[-42.68114,-19.54249],[-42.68112,-19.54247],[-42.68111,-19.54245],[-42.6811,-19.54243],[-42.6811,-19.5424],[-42.6811,-19.54236],[-42.68109,-19.54233],[-42.68107,-19.54231],[-42.68105,-19.54229],[-42.68101,-19.54227],[-42.68097,-19.54226],[-42.68091,-19.54225],[-42.68085,-19.54224],[-42.68078,-19.54224],[-42.68072,-19.54225],[-42.68066,-19.54228],[-42.68062,-19.54232],[-42.68058,-19.54237],[-42.68055,-19.54243],[-42.68053,-19.54251],[-42.68052,-19.54259],[-42.68052,-19.5427],[-42.68053,-19.54278],[-42.68053,-19.54286],[-42.68055,-19.54292],[-42.68056,-19.54298],[-42.68058,-19.54301],[-42.68061,-19.54304],[-42.68064,-19.54305],[-42.68068,-19.54305],[-42.68071,-19.54306],[-42.68074,-19.54307],[-42.68076,-19.54308],[-42.68078,-19.5431],[-42.68079,-19.54312],[-42.6808,-19.54314],[-42.6808,-19.54317],[-42.6808,-19.54321],[-42.68079,-19.54324],[-42.68077,-19.54326],[-42.68075,-19.54328],[-42.68071,-19.5433],[-42.68067,-19.54331],[-42.68061,-19.54332],[-42.68055,-19.54332],[-42.68048,-19.54332],[-42.68042,-19.54334],[-42.68036,-19.54337],[-42.68032,-19.54342],[-42.68028,-19.54349],[-42.68025,-19.54357],[-42.68023,-19.54367],[-42.68022,-19.54379],[-42.68022,-19.54393],[-42.68022,-19.54405],[-42.68023,-19.54415],[-42.68024,-19.54423],[-42.68026,-19.5443],[-42.68028,-19.54435],[-42.68031,-19.54438],[-42.68034,-19.5444],[-42.68037,-19.5444],[-42.6804,-19.54441],[-42.68043,-19.54442],[-42.68045,-19.54443],[-42.68047,-19.54445],[-42.68048,-19.54447],[-42.68049,-19.54449],[-42.6805,-19.54452],[-42.6805,-19.54456],[-42.68049,-19.54459],[-42.68048,-19.54461],[-42.68047,-19.54463],[-42.68045,-19.54465],[-42.68043,-19.54466],[-42.6804,-19.54467],[-42.68037,-19.54467],[-42.68033,-19.54467],[-42.6803,-19.54468],[-42.68028,-19.54468],[-42.68025,-19.5447],[-42.68023,-19.54471],[-42.68022,-19.54474],[-42.68021,-19.54476],[-42.68021,-19.54479],[-42.68021,-19.54482],[-42.6802,-19.54485],[-42.68018,-19.54488],[-42.68015,-19.5449],[-42.68012,-19.54492],[-42.68007,-19.54493],[-42.68002,-19.54494],[-42.67995,-19.54494],[-42.67988,-19.54494],[-42.67982,-19.54492],[-42.67977,-19.54489],[-42.67972,-19.54483],[-42.67969,-19.54477],[-42.67966,-19.54468],[-42.67965,-19.54458],[-42.67964,-19.54446],[-42.67964,-19.54433],[-42.67963,-19.54421],[-42.67961,-19.54411],[-42.67957,-19.54402],[-42.67951,-19.54395],[-42.67945,-19.5439],[-42.67937,-19.54387],[-42.67927,-19.54385],[-42.67917,-19.54385],[-42.67907,-19.54385],[-42.67899,-19.54387],[-42.67893,-19.54389],[-42.67887,-19.54393],[-42.67883,-19.54397],[-42.6788,-19.54402],[-42.67879,-19.54408],[-42.67879,-19.54415],[-42.67879,-19.5442],[-42.6788,-19.54426],[-42.67881,-19.5443],[-42.67883,-19.54433],[-42.67885,-19.54436],[-42.67888,-19.54438],[-42.67891,-19.54438],[-42.67895,-19.54438],[-42.67898,-19.54438],[-42.679,-19.54437],[-42.67903,-19.54436],[-42.67904,-19.54434],[-42.67906,-19.54432],[-42.67907,-19.5443],[-42.67907,-19.54427],[-42.67907,-19.54423],[-42.67908,-19.5442],[-42.67909,-19.54418],[-42.6791,-19.54416],[-42.67912,-19.54414],[-42.67914,-19.54413],[-42.67917,-19.54412],[-42.6792,-19.54412],[-42.67923,-19.54412],[-42.67927,-19.54413],[-42.67929,-19.54416],[-42.67931,-19.54419],[-42.67933,-19.54425],[-42.67934,-19.54431],[-42.67935,-19.54439],[-42.67935,-19.54447],[-42.67935,-19.54458],[-42.67934,-19.54466],[-42.67932,-19.54474],[-42.6793,-19.5448],[-42.67926,-19.54485],[-42.67921,-19.54489],[-42.67916,-19.54492],[-42.6791,-19.54493],[-42.67903,-19.54493],[-42.67896,-19.54492],[-42.67891,-19.54491],[-42.67887,-19.5449],[-42.67883,-19.54488],[-42.6788,-19.54486],[-42.67879,-19.54484],[-42.67878,-19.54481],[-42.67878,-19.54477],[-42.67878,-19.54474],[-42.67877,-19.54472],[-42.67875,-19.5447],[-42.67874,-19.54468],[-42.67871,-19.54466],[-42.67869,-19.54466],[-42.67866,-19.54465],[-42.67862,-19.54465],[-42.67859,-19.54465],[-42.67856,-19.54464],[-42.67854,-19.54462],[-42.67852,-19.54461],[-42.67851,-19.54459],[-42.6785,-19.54456],[-42.6785,-19.54453],[-42.6785,-19.5445],[-42.67849,-19.54447],[-42.67848,-19.54444],[-42.67847,-19.54442],[-42.67845,-19.5444],[-42.67843,-19.54439],[-42.67841,-19.54438],[-42.67837,-19.54438],[-42.67834,-19.54438],[-42.67831,-19.54438],[-42.67828,-19.54439],[-42.67826,-19.5444],[-42.67824,-19.54442],[-42.67823,-19.54444],[-42.67822,-19.54446],[-42.67821,-19.54449],[-42.67821,-19.54453],[-42.6782,-19.54456],[-42.67818,-19.54458],[-42.67816,-19.5446],[-42.67812,-19.54462],[-42.67808,-19.54463],[-42.67802,-19.54464],[-42.67796,-19.54464],[-42.67789,-19.54464],[-42.67783,-19.54464],[-42.67777,-19.54463],[-42.67773,-19.54461],[-42.67769,-19.5446],[-42.67767,-19.54458],[-42.67765,-19.54455],[-42.67764,-19.54452],[-42.67764,-19.54449],[-42.67764,-19.54446],[-42.67763,-19.54443],[-42.67762,-19.54441],[-42.6776,-19.54439],[-42.67758,-19.54438],[-42.67755,-19.54437],[-42.67752,-19.54437],[-42.67748,-19.54437],[-42.67745,-19.54436],[-42.67742,-19.54435],[-42.6774,-19.54434],[-42.67738,-19.54432],[-42.67737,-19.5443],[-42.67736,-19.54428],[-42.67736,-19.54425],[-42.67736,-19.54421],[-42.67735,-19.54418],[-42.67733,-19.54416],[-42.67731,-19.54413],[-42.67727,-19.54412],[-42.67723,-19.5441],[-42.67717,-19.5441],[-42.67711,-19.54409],[-42.67704,-19.54409],[-42.67698,-19.54408],[-42.67692,-19.54407],[-42.67688,-19.54406],[-42.67684,-19.54404],[-42.67682,-19.54402],[-42.6768,-19.544],[-42.67679,-19.54397],[-42.67679,-19.54393],[-42.67679,-19.5439],[-42.67678,-19.54388],[-42.67677,-19.54386],[-42.67675,-19.54384],[-42.67673,-19.54383],[-42.6767,-19.54382],[-42.67667,-19.54381],[-42.67663,-19.54381],[-42.6766,-19.54381],[-42.67658,-19.5438],[-42.67655,-19.54379],[-42.67654,-19.54377],[-42.67652,-19.54375],[-42.67651,-19.54372],[-42.67651,-19.54369],[-42.67651,-19.54366],[-42.6765,-19.54363],[-42.67648,-19.5436],[-42.67646,-19.54358],[-42.67642,-19.54357],[-42.67638,-19.54355],[-42.67632,-19.54354],[-42.67626,-19.54354],[-42.67619,-19.54354],[-42.67613,-19.54353],[-42.67608,-19.54351],[-42.67603,-19.54348],[-42.676,-19.54345],[-42.67597,-19.54341],[-42.67595,-19.54336],[-42.67594,-19.5433],[-42.67595,-19.54323],[-42.67594,-19.54317],[-42.67593,-19.54312],[-42.67592,-19.54308],[-42.6759,-19.54304],[-42.67588,-19.54302],[-42.67585,-19.543],[-42.67582,-19.54299],[-42.67579,-19.54299],[-42.67576,-19.54299],[-42.67573,-19.54298],[-42.67571,-19.54296],[-42.67569,-19.54295],[-42.67568,-19.54293],[-42.67567,-19.5429],[-42.67566,-19.54287],[-42.67567,-19.54284],[-42.67564,-19.54281],[-42.67559,-19.54278],[-42.67551,-19.54276],[-42.6754,-19.54274],[-42.67527,-19.54273],[-42.6751,-19.54271],[-42.67492,-19.54271],[-42.6747,-19.54271],[-42.67452,-19.5427],[-42.67436,-19.54269],[-42.67422,-19.54267],[-42.67412,-19.54266],[-42.67404,-19.54263],[-42.67398,-19.54261],[-42.67396,-19.54258],[-42.67396,-19.54254],[-42.67395,-19.54251],[-42.67394,-19.54249],[-42.67393,-19.54247],[-42.67391,-19.54245],[-42.67389,-19.54244],[-42.67386,-19.54243],[-42.67383,-19.54242],[-42.6738,-19.54242],[-42.67377,-19.54242],[-42.67374,-19.54241],[-42.67372,-19.5424],[-42.6737,-19.54238],[-42.67369,-19.54236],[-42.67368,-19.54233],[-42.67367,-19.5423],[-42.67367,-19.54227],[-42.67367,-19.54224],[-42.67366,-19.54221],[-42.67365,-19.54219],[-42.67363,-19.54218],[-42.67361,-19.54216],[-42.67358,-19.54215],[-42.67355,-19.54215],[-42.67352,-19.54215],[-42.67348,-19.54214],[-42.67346,-19.54212],[-42.67344,-19.5421],[-42.67342,-19.54206],[-42.67341,-19.54202],[-42.6734,-19.54197],[-42.67339,-19.54191],[-42.67339,-19.54184],[-42.67339,-19.54178],[-42.67337,-19.54173],[-42.67334,-19.54169],[-42.67331,-19.54166],[-42.67326,-19.54163],[-42.67321,-19.54161],[-42.67315,-19.5416],[-42.67308,-19.5416],[-42.67301,-19.5416],[-42.67296,-19.54159],[-42.67292,-19.54157],[-42.67288,-19.54156],[-42.67285,-19.54154],[-42.67284,-19.54151],[-42.67283,-19.54148],[-42.67283,-19.54145],[-42.67283,-19.54142],[-42.67282,-19.54139],[-42.6728,-19.54137],[-42.67279,-19.54135],[-42.67276,-19.54134],[-42.67274,-19.54133],[-42.67271,-19.54133],[-42.67267,-19.54133],[-42.67264,-19.5413],[-42.67261,-19.54125],[-42.67259,-19.54117],[-42.67258,-19.54107],[-42.67256,-19.54094],[-42.67256,-19.54079],[-42.67256,-19.54061],[-42.67256,-19.54041],[-42.67256,-19.54023],[-42.67255,-19.54008],[-42.67254,-19.53995],[-42.67252,-19.53985],[-42.6725,-19.53977],[-42.67247,-19.53972],[-42.67244,-19.5397],[-42.67241,-19.5397],[-42.67238,-19.53969],[-42.67235,-19.53967],[-42.67233,-19.53965],[-42.67231,-19.53961],[-42.6723,-19.53957],[-42.67229,-19.53952],[-42.67229,-19.53946],[-42.67229,-19.53939],[-42.67228,-19.53933],[-42.67228,-19.53928],[-42.67226,-19.53924],[-42.67225,-19.5392],[-42.67222,-19.53918],[-42.6722,-19.53916],[-42.67217,-19.53915],[-42.67213,-19.53915],[-42.6721,-19.53915],[-42.67207,-19.53914],[-42.67205,-19.53913],[-42.67203,-19.53911],[-42.67202,-19.53909],[-42.67201,-19.53906],[-42.67201,-19.53903],[-42.67201,-19.539],[-42.67201,-19.53897],[-42.67202,-19.53894],[-42.67204,-19.53892],[-42.67205,-19.53891],[-42.67208,-19.53889],[-42.6721,-19.53889],[-42.67213,-19.53888],[-42.67217,-19.53888],[-42.6722,-19.53888],[-42.67223,-19.53887],[-42.67225,-19.53886],[-42.67227,-19.53884],[-42.67228,-19.53882],[-42.67229,-19.5388],[-42.6723,-19.53877],[-42.6723,-19.53873],[-42.67229,-19.5387],[-42.67228,-19.53868],[-42.67227,-19.53866],[-42.67225,-19.53864],[-42.67223,-19.53863],[-42.67221,-19.53862],[-42.67217,-19.53861],[-42.67214,-19.53861],[-42.67211,-19.53861],[-42.67208,-19.5386],[-42.67206,-19.53858],[-42.67204,-19.53857],[-42.67203,-19.53855],[-42.67202,-19.53852],[-42.67202,-19.53849],[-42.67202,-19.53846],[-42.67201,-19.53843],[-42.672,-19.5384],[-42.67199,-19.53838],[-42.67197,-19.53836],[-42.67195,-19.53835],[-42.67192,-19.53834],[-42.67189,-19.53834],[-42.67186,-19.53834],[-42.67183,-19.53832],[-42.6718,-19.5383],[-42.67178,-19.53826],[-42.67176,-19.53821],[-42.67175,-19.53814],[-42.67174,-19.53807],[-42.67174,-19.53798],[-42.67174,-19.53788],[-42.67174,-19.53779],[-42.67173,-19.53771],[-42.67171,-19.53765],[-42.6717,-19.5376],[-42.67168,-19.53756],[-42.67165,-19.53753],[-42.67162,-19.53752],[-42.67158,-19.53752],[-42.67155,-19.53752],[-42.67153,-19.53751],[-42.6715,-19.53749],[-42.67149,-19.53748],[-42.67147,-19.53746],[-42.67146,-19.53743],[-42.67146,-19.5374],[-42.67146,-19.53737],[-42.67146,-19.53734],[-42.67147,-19.53731],[-42.67149,-19.53729],[-42.67151,-19.53727],[-42.67153,-19.53726],[-42.67156,-19.53725],[-42.67159,-19.53725],[-42.67162,-19.53725],[-42.67165,-19.53725],[-42.67168,-19.53724],[-42.6717,-19.53723],[-42.67172,-19.53721],[-42.67173,-19.53719],[-42.67174,-19.53716],[-42.67175,-19.53713],[-42.67175,-19.5371],[-42.67175,-19.53707],[-42.67174,-19.53704],[-42.67172,-19.53702],[-42.67171,-19.53701],[-42.67168,-19.53699],[-42.67166,-19.53698],[-42.67163,-19.53698],[-42.67159,-19.53698],[-42.67156,-19.53697],[-42.67153,-19.53695],[-42.67151,-19.53693],[-42.67149,-19.53689],[-42.67148,-19.53685],[-42.67147,-19.5368],[-42.67147,-19.53674],[-42.67147,-19.53667],[-42.67148,-19.53661],[-42.67149,-19.53656],[-42.6715,-19.53652],[-42.67152,-19.53649],[-42.67154,-19.53646],[-42.67157,-19.53645],[-42.6716,-19.53644],[-42.67163,-19.53644],[-42.67167,-19.53643],[-42.67169,-19.53643],[-42.67171,-19.53641],[-42.67173,-19.5364],[-42.67175,-19.53638],[-42.67176,-19.53635],[-42.67176,-19.53632],[-42.67176,-19.53629],[-42.67175,-19.53626],[-42.67174,-19.53623],[-42.67171,-19.53621],[-42.67167,-19.53619],[-42.67163,-19.53618],[-42.67158,-19.53617],[-42.67151,-19.53617],[-42.67144,-19.53617],[-42.67138,-19.53616],[-42.67133,-19.53615],[-42.67128,-19.53614],[-42.67125,-19.53612],[-42.67122,-19.5361],[-42.6712,-19.53607],[-42.67119,-19.53604],[-42.67119,-19.53601],[-42.67119,-19.53598],[-42.67118,-19.53595],[-42.67117,-19.53593],[-42.67115,-19.53592],[-42.67113,-19.5359],[-42.6711,-19.53589],[-42.67107,-19.53589],[-42.67104,-19.53589],[-42.671,-19.5359],[-42.67098,-19.53591],[-42.67095,-19.53594],[-42.67094,-19.53597],[-42.67092,-19.53601],[-42.67091,-19.53607],[-42.67091,-19.53612],[-42.67091,-19.53619],[-42.6709,-19.53625],[-42.67089,-19.5363],[-42.67088,-19.53634],[-42.67086,-19.53638],[-42.67084,-19.5364],[-42.67081,-19.53642],[-42.67078,-19.53643],[-42.67074,-19.53643],[-42.67071,-19.53642],[-42.67068,-19.53641],[-42.67066,-19.5364],[-42.67064,-19.53638],[-42.67063,-19.53636],[-42.67062,-19.53634],[-42.67062,-19.53631],[-42.67062,-19.53627],[-42.67062,-19.53624],[-42.67061,-19.53622],[-42.67059,-19.5362],[-42.67058,-19.53618],[-42.67055,-19.53617],[-42.67053,-19.53616],[-42.6705,-19.53615],[-42.67046,-19.53615],[-42.67043,-19.53616],[-42.6704,-19.53616],[-42.67038,-19.53618],[-42.67036,-19.53619],[-42.67035,-19.53621],[-42.67034,-19.53624],[-42.67033,-19.53627],[-42.67033,-19.5363],[-42.67032,-19.53633],[-42.67029,-19.53636],[-42.67025,-19.53638],[-42.6702,-19.53639],[-42.67013,-19.53641],[-42.67005,-19.53641],[-42.66996,-19.53642],[-42.66985,-19.53642],[-42.66976,-19.53641],[-42.66968,-19.53639],[-42.66961,-19.53636],[-42.66956,-19.53633],[-42.66952,-19.53628],[-42.66949,-19.53623],[-42.66948,-19.53617],[-42.66948,-19.53611],[-42.66947,-19.53605],[-42.66945,-19.536],[-42.66943,-19.53595],[-42.66939,-19.53592],[-42.66935,-19.53589],[-42.6693,-19.53588],[-42.66923,-19.53587],[-42.66916,-19.53587],[-42.6691,-19.53586],[-42.66905,-19.53585],[-42.669,-19.53584],[-42.66897,-19.53582],[-42.66894,-19.5358],[-42.66892,-19.53577],[-42.66891,-19.53574],[-42.66891,-19.53571],[-42.66891,-19.53568],[-42.6689,-19.53565],[-42.66889,-19.53563],[-42.66887,-19.53562],[-42.66885,-19.5356],[-42.66882,-19.53559],[-42.66879,-19.53559],[-42.66875,-19.53559],[-42.66872,-19.53558],[-42.6687,-19.53558],[-42.66867,-19.53556],[-42.66866,-19.53555],[-42.66864,-19.53552],[-42.66864,-19.5355],[-42.66863,-19.53547],[-42.66863,-19.53544],[-42.66863,-19.53541],[-42.66862,-19.53538],[-42.66861,-19.53536],[-42.66859,-19.53534],[-42.66857,-19.53533],[-42.66854,-19.53532],[-42.66851,-19.53532],[-42.66847,-19.53531],[-42.66844,-19.5353],[-42.66842,-19.53528],[-42.66839,-19.53524],[-42.66838,-19.53519],[-42.66836,-19.53512],[-42.66836,-19.53505],[-42.66835,-19.53496],[-42.66835,-19.53486],[-42.66837,-19.53477],[-42.66838,-19.53469],[-42.66841,-19.53463],[-42.66845,-19.53458],[-42.66849,-19.53454],[-42.66855,-19.53452],[-42.66861,-19.5345],[-42.66868,-19.53451],[-42.66874,-19.5345],[-42.6688,-19.53449],[-42.66884,-19.53448],[-42.66888,-19.53447],[-42.66891,-19.53444],[-42.66892,-19.53442],[-42.66893,-19.53439],[-42.66893,-19.53436],[-42.66894,-19.53433],[-42.66895,-19.5343],[-42.66896,-19.53428],[-42.66898,-19.53426],[-42.669,-19.53425],[-42.66903,-19.53424],[-42.66906,-19.53424],[-42.6691,-19.53424],[-42.66913,-19.53424],[-42.66915,-19.53423],[-42.66918,-19.53422],[-42.66919,-19.5342],[-42.66921,-19.53418],[-42.66922,-19.53415],[-42.66922,-19.53412],[-42.66922,-19.53409],[-42.66922,-19.53406],[-42.66921,-19.53403],[-42.6692,-19.53401],[-42.66918,-19.534],[-42.66916,-19.53398],[-42.66913,-19.53397],[-42.6691,-19.53397],[-42.66906,-19.53397],[-42.66903,-19.53396],[-42.66901,-19.53396],[-42.66898,-19.53394],[-42.66897,-19.53393],[-42.66895,-19.5339],[-42.66894,-19.53388],[-42.66894,-19.53385],[-42.66894,-19.53381],[-42.66895,-19.53379],[-42.66896,-19.53376],[-42.66897,-19.53374],[-42.66899,-19.53372],[-42.66901,-19.53371],[-42.66904,-19.5337],[-42.66907,-19.5337],[-42.6691,-19.5337],[-42.66913,-19.53369],[-42.66916,-19.53367],[-42.66918,-19.53365],[-42.6692,-19.53362],[-42.66922,-19.53357],[-42.66923,-19.53352],[-42.66923,-19.53346],[-42.66923,-19.5334],[-42.66922,-19.53334],[-42.66921,-19.53329],[-42.66918,-19.53324],[-42.66915,-19.53321],[-42.6691,-19.53318],[-42.66905,-19.53316],[-42.66899,-19.53316],[-42.66891,-19.53315],[-42.66885,-19.53315],[-42.6688,-19.53314],[-42.66875,-19.53313],[-42.66872,-19.53311],[-42.66869,-19.53309],[-42.66868,-19.53306],[-42.66867,-19.53303],[-42.66867,-19.533],[-42.66866,-19.53297],[-42.66865,-19.53294],[-42.66864,-19.53292],[-42.66862,-19.53291],[-42.6686,-19.53289],[-42.66857,-19.53288],[-42.66854,-19.53288],[-42.66851,-19.53288],[-42.66848,-19.53287],[-42.66845,-19.53285],[-42.66843,-19.53283],[-42.66841,-19.53279],[-42.6684,-19.53275],[-42.66839,-19.5327],[-42.66839,-19.53264],[-42.66839,-19.53257],[-42.66838,-19.53251],[-42.66838,-19.53246],[-42.66836,-19.53242],[-42.66835,-19.53239],[-42.66832,-19.53236],[-42.6683,-19.53234],[-42.66827,-19.53233],[-42.66823,-19.53233],[-42.6682,-19.53233],[-42.66817,-19.53232],[-42.66815,-19.53231],[-42.66813,-19.53229],[-42.66812,-19.53227],[-42.66811,-19.53224],[-42.66811,-19.53221],[-42.66811,-19.53218],[-42.6681,-19.53215],[-42.6681,-19.53212],[-42.66808,-19.5321],[-42.66806,-19.53209],[-42.66804,-19.53207],[-42.66802,-19.53206],[-42.66798,-19.53206],[-42.66795,-19.53206],[-42.66792,-19.53205],[-42.66789,-19.53205],[-42.66787,-19.53203],[-42.66785,-19.53202],[-42.66784,-19.53199],[-42.66783,-19.53197],[-42.66783,-19.53194],[-42.66783,-19.53191],[-42.66782,-19.53188],[-42.66781,-19.53185],[-42.6678,-19.53183],[-42.66778,-19.53181],[-42.66776,-19.5318],[-42.66773,-19.53179],[-42.6677,-19.53179],[-42.66767,-19.53178],[-42.66764,-19.53178],[-42.66761,-19.53177],[-42.66759,-19.53176],[-42.66757,-19.53174],[-42.66756,-19.53172],[-42.66755,-19.53169],[-42.66754,-19.53166],[-42.66754,-19.53163],[-42.66754,-19.5316],[-42.66753,-19.53158],[-42.66752,-19.53155],[-42.6675,-19.53154],[-42.66748,-19.53152],[-42.66745,-19.53152],[-42.66742,-19.53151],[-42.66739,-19.53151],[-42.66735,-19.53151],[-42.66733,-19.5315],[-42.66731,-19.53148],[-42.66729,-19.53147],[-42.66727,-19.53145],[-42.66727,-19.53142],[-42.66726,-19.53139],[-42.66726,-19.53136],[-42.66726,-19.53133],[-42.66725,-19.5313],[-42.66724,-19.53128],[-42.66722,-19.53126],[-42.6672,-19.53125],[-42.66717,-19.53124],[-42.66714,-19.53124],[-42.6671,-19.53124],[-42.66707,-19.53123],[-42.66705,-19.53122],[-42.66702,-19.53121],[-42.66701,-19.53119],[-42.66699,-19.53117],[-42.66698,-19.53115],[-42.66698,-19.53112],[-42.66698,-19.53108],[-42.66697,-19.53105],[-42.66696,-19.53103],[-42.66693,-19.53101],[-42.66689,-19.53099],[-42.66685,-19.53097],[-42.6668,-19.53097],[-42.66673,-19.53096],[-42.66666,-19.53096],[-42.6666,-19.53095],[-42.66655,-19.53095],[-42.6665,-19.53093],[-42.66647,-19.53091],[-42.66644,-19.53089],[-42.66642,-19.53087],[-42.66641,-19.53084],[-42.66641,-19.5308],[-42.66641,-19.53077],[-42.66639,-19.53075],[-42.66636,-19.53073],[-42.66633,-19.53071],[-42.66628,-19.5307],[-42.66623,-19.53069],[-42.66617,-19.53068],[-42.66609,-19.53068],[-42.66603,-19.53068],[-42.66598,-19.53067],[-42.66593,-19.53065],[-42.6659,-19.53064],[-42.66587,-19.53062],[-42.66585,-19.53059],[-42.66585,-19.53056],[-42.66585,-19.53053],[-42.66584,-19.5305],[-42.66583,-19.53047],[-42.66582,-19.53045],[-42.6658,-19.53043],[-42.66578,-19.53042],[-42.66575,-19.53041],[-42.66572,-19.53041],[-42.66569,-19.53041],[-42.66566,-19.5304],[-42.66563,-19.53039],[-42.66561,-19.53038],[-42.66559,-19.53036],[-42.66558,-19.53034],[-42.66557,-19.53032],[-42.66556,-19.53029],[-42.66557,-19.53025],[-42.66556,-19.53022],[-42.66555,-19.5302],[-42.66554,-19.53018],[-42.66552,-19.53016],[-42.6655,-19.53015],[-42.66547,-19.53014],[-42.66544,-19.53013],[-42.66541,-19.53013],[-42.66538,-19.53013],[-42.66535,-19.53012],[-42.66533,-19.5301],[-42.66531,-19.53009],[-42.6653,-19.53007],[-42.66529,-19.53004],[-42.66528,-19.53001],[-42.66528,-19.52998],[-42.66529,-19.52995],[-42.6653,-19.52992],[-42.66531,-19.5299],[-42.66533,-19.52988],[-42.66535,-19.52987],[-42.66538,-19.52986],[-42.66541,-19.52986],[-42.66545,-19.52986],[-42.66548,-19.52986],[-42.6655,-19.52985],[-42.66553,-19.52984],[-42.66554,-19.52982],[-42.66556,-19.5298],[-42.66557,-19.52977],[-42.66557,-19.52974],[-42.66557,-19.52971],[-42.66557,-19.52968],[-42.66556,-19.52966],[-42.66555,-19.52963],[-42.66553,-19.52962],[-42.66551,-19.5296],[-42.66548,-19.52959],[-42.66545,-19.52959],[-42.66541,-19.52959],[-42.66538,-19.52958],[-42.66536,-19.52955],[-42.66533,-19.52951],[-42.66532,-19.52946],[-42.66531,-19.5294],[-42.6653,-19.52932],[-42.66529,-19.52923],[-42.6653,-19.52913],[-42.6653,-19.52904],[-42.66531,-19.52897],[-42.66533,-19.5289],[-42.66534,-19.52885],[-42.66537,-19.52881],[-42.66539,-19.52879],[-42.66543,-19.52878],[-42.66546,-19.52878],[-42.66549,-19.52877],[-42.66552,-19.52875],[-42.66554,-19.52873],[-42.66556,-19.52869],[-42.66557,-19.52865],[-42.66558,-19.5286],[-42.66559,-19.52854],[-42.66559,-19.52848],[-42.66559,-19.52842],[-42.66558,-19.52837],[-42.66557,-19.52832],[-42.66555,-19.52829],[-42.66553,-19.52826],[-42.6655,-19.52825],[-42.66547,-19.52824],[-42.66543,-19.52824],[-42.6654,-19.52823],[-42.66538,-19.52822],[-42.66535,-19.52821],[-42.66534,-19.52819],[-42.66532,-19.52817],[-42.66531,-19.52815],[-42.66531,-19.52812],[-42.66531,-19.52808],[-42.66532,-19.52805],[-42.66533,-19.52803],[-42.66534,-19.52801],[-42.66536,-19.52799],[-42.66538,-19.52798],[-42.66541,-19.52797],[-42.66544,-19.52797],[-42.66547,-19.52797],[-42.6655,-19.52796],[-42.66553,-19.52795],[-42.66555,-19.52794],[-42.66557,-19.52793],[-42.66559,-19.5279],[-42.66559,-19.52788],[-42.6656,-19.52785],[-42.6656,-19.52782],[-42.66559,-19.52779],[-42.66557,-19.52776],[-42.66555,-19.52774],[-42.66551,-19.52772],[-42.66547,-19.52771],[-42.66541,-19.5277],[-42.66535,-19.52769],[-42.66528,-19.52769],[-42.66522,-19.5277],[-42.66516,-19.52772],[-42.66512,-19.52774],[-42.66508,-19.52777],[-42.66506,-19.52782],[-42.66504,-19.52787],[-42.66503,-19.52793],[-42.66503,-19.52799],[-42.66502,-19.52805],[-42.66501,-19.5281],[-42.665,-19.52815],[-42.66498,-19.52818],[-42.66496,-19.5282],[-42.66493,-19.52822],[-42.6649,-19.52823],[-42.66486,-19.52823],[-42.66483,-19.52823],[-42.6648,-19.52824],[-42.66478,-19.52825],[-42.66476,-19.52827],[-42.66475,-19.52829],[-42.66474,-19.52832],[-42.66474,-19.52835],[-42.66474,-19.52838],[-42.66473,-19.52841],[-42.66472,-19.52843],[-42.66471,-19.52846],[-42.66469,-19.52847],[-42.66467,-19.52848],[-42.66464,-19.52849],[-42.66461,-19.5285],[-42.66457,-19.5285],[-42.66454,-19.5285],[-42.66451,-19.52852],[-42.66449,-19.52855],[-42.66447,-19.52858],[-42.66446,-19.52862],[-42.66445,-19.52867],[-42.66444,-19.52873],[-42.66444,-19.5288],[-42.66445,-19.52886],[-42.66446,-19.52891],[-42.66447,-19.52895],[-42.66449,-19.52899],[-42.66451,-19.52901],[-42.66453,-19.52903],[-42.66457,-19.52904],[-42.6646,-19.52904],[-42.66463,-19.52904],[-42.66466,-19.52905],[-42.66468,-19.52906],[-42.6647,-19.52908],[-42.66471,-19.5291],[-42.66472,-19.52913],[-42.66472,-19.52916],[-42.66472,-19.52919],[-42.66472,-19.52922],[-42.66471,-19.52925],[-42.6647,-19.52927],[-42.66468,-19.52928],[-42.66466,-19.5293],[-42.66463,-19.5293],[-42.6646,-19.52931],[-42.66456,-19.52931],[-42.66453,-19.52931],[-42.6645,-19.52932],[-42.66448,-19.52933],[-42.66446,-19.52935],[-42.66445,-19.52937],[-42.66444,-19.5294],[-42.66443,-19.52942],[-42.66443,-19.52946],[-42.66443,-19.52949],[-42.66441,-19.52951],[-42.66438,-19.52953],[-42.66434,-19.52955],[-42.6643,-19.52956],[-42.66425,-19.52957],[-42.66418,-19.52957],[-42.66411,-19.52957],[-42.66405,-19.52957],[-42.664,-19.52956],[-42.66395,-19.52955],[-42.66392,-19.52953],[-42.66389,-19.52951],[-42.66387,-19.52948],[-42.66386,-19.52945],[-42.66386,-19.52942],[-42.66387,-19.52939],[-42.66388,-19.52936],[-42.66389,-19.52934],[-42.66391,-19.52932],[-42.66393,-19.52931],[-42.66396,-19.5293],[-42.66399,-19.5293],[-42.66403,-19.5293],[-42.66406,-19.52929],[-42.66408,-19.52928],[-42.66411,-19.52925],[-42.66413,-19.52922],[-42.66414,-19.52918],[-42.66415,-19.52912],[-42.66415,-19.52907],[-42.66416,-19.529],[-42.66415,-19.52894],[-42.66413,-19.52889],[-42.6641,-19.52885],[-42.66407,-19.52881],[-42.66402,-19.52878],[-42.66397,-19.52877],[-42.66391,-19.52876],[-42.66384,-19.52876],[-42.66378,-19.52876],[-42.66372,-19.52877],[-42.66368,-19.52878],[-42.66364,-19.5288],[-42.66361,-19.52882],[-42.6636,-19.52884],[-42.66359,-19.52887],[-42.66359,-19.52891],[-42.66358,-19.52894],[-42.66357,-19.52896],[-42.66356,-19.52898],[-42.66354,-19.529],[-42.66352,-19.52901],[-42.66349,-19.52902],[-42.66346,-19.52902],[-42.66342,-19.52902],[-42.66339,-19.52903],[-42.66337,-19.52903],[-42.66334,-19.52905],[-42.66332,-19.52906],[-42.66331,-19.52908],[-42.6633,-19.52911],[-42.6633,-19.52914],[-42.6633,-19.52917],[-42.66328,-19.5292],[-42.66326,-19.52923],[-42.66321,-19.52925],[-42.66316,-19.52926],[-42.66309,-19.52928],[-42.66301,-19.52928],[-42.66292,-19.52929],[-42.66281,-19.52929],[-42.66272,-19.52929],[-42.66264,-19.5293],[-42.66257,-19.52931],[-42.66252,-19.52932],[-42.66248,-19.52934],[-42.66245,-19.52937],[-42.66244,-19.5294],[-42.66244,-19.52943],[-42.66243,-19.52946],[-42.66241,-19.52949],[-42.66238,-19.52951],[-42.66235,-19.52952],[-42.6623,-19.52954],[-42.66225,-19.52954],[-42.66218,-19.52955],[-42.66211,-19.52955],[-42.66205,-19.52952],[-42.662,-19.52947],[-42.66195,-19.52939],[-42.66192,-19.52929],[-42.6619,-19.52916],[-42.66188,-19.52901],[-42.66187,-19.52883],[-42.66188,-19.52863],[-42.66191,-19.52845],[-42.66197,-19.5283],[-42.66207,-19.52818],[-42.6622,-19.52808],[-42.66235,-19.528],[-42.66254,-19.52795],[-42.66276,-19.52793],[-42.66301,-19.52793],[-42.66323,-19.52793],[-42.66342,-19.52793],[-42.66357,-19.52792],[-42.6637,-19.5279],[-42.66379,-19.52788],[-42.66386,-19.52786],[-42.66389,-19.52783],[-42.66389,-19.52779],[-42.66388,-19.52776],[-42.66386,-19.52774],[-42.66383,-19.52772],[-42.6638,-19.5277],[-42.66375,-19.52769],[-42.6637,-19.52768],[-42.66364,-19.52767],[-42.66357,-19.52767],[-42.66351,-19.52767],[-42.66345,-19.52766],[-42.66341,-19.52764],[-42.66337,-19.52763],[-42.66335,-19.5276],[-42.66333,-19.52758],[-42.66332,-19.52755],[-42.66332,-19.52752],[-42.6633,-19.52749],[-42.66325,-19.52746],[-42.66319,-19.52744],[-42.6631,-19.52742],[-42.66299,-19.52741],[-42.66285,-19.52739],[-42.6627,-19.52739],[-42.66252,-19.52739],[-42.66236,-19.52736],[-42.66223,-19.52732],[-42.66212,-19.52725],[-42.66203,-19.52717],[-42.66197,-19.52706],[-42.66192,-19.52693],[-42.6619,-19.52679],[-42.66191,-19.52662],[-42.66193,-19.52647],[-42.66196,-19.52634],[-42.66202,-19.52624],[-42.66209,-19.52615],[-42.66218,-19.52609],[-42.66229,-19.52605],[-42.66241,-19.52603],[-42.66256,-19.52603],[-42.66268,-19.52604],[-42.66279,-19.52605],[-42.66288,-19.52606],[-42.66295,-19.52608],[-42.663,-19.5261],[-42.66304,-19.52613],[-42.66305,-19.52616]],[[-42.66832,-19.52827],[-42.66829,-19.52827],[-42.66826,-19.52828],[-42.66823,-19.52829],[-42.66821,-19.5283],[-42.66819,-19.52831],[-42.66818,-19.52834],[-42.66817,-19.52836],[-42.66816,-19.52839],[-42.66816,-19.52842],[-42.66816,-19.52845],[-42.66815,-19.52848],[-42.66813,-19.5285],[-42.66812,-19.52852],[-42.66809,-19.52853],[-42.66807,-19.52854],[-42.66803,-19.52854],[-42.668,-19.52854],[-42.66797,-19.52855],[-42.66794,-19.52858],[-42.66792,-19.52862],[-42.6679,-19.52867],[-42.66789,-19.52873],[-42.66788,-19.52881],[-42.66787,-19.52889],[-42.66787,-19.529],[-42.66788,-19.52908],[-42.66789,-19.52916],[-42.66792,-19.52922],[-42.66795,-19.52928],[-42.668,-19.52931],[-42.66805,-19.52934],[-42.66811,-19.52935],[-42.66818,-19.52935],[-42.66825,-19.52934],[-42.6683,-19.52931],[-42.66835,-19.52926],[-42.66838,-19.52919],[-42.66841,-19.5291],[-42.66843,-19.529],[-42.66844,-19.52888],[-42.66844,-19.52875],[-42.66844,-19.52863],[-42.66843,-19.52853],[-42.66842,-19.52844],[-42.6684,-19.52838],[-42.66838,-19.52833],[-42.66836,-19.52829],[-42.66832,-19.52827]],[[-42.66404,-19.52822],[-42.66401,-19.52822],[-42.66397,-19.52822],[-42.66395,-19.52823],[-42.66393,-19.52824],[-42.66391,-19.52826],[-42.66389,-19.52828],[-42.66388,-19.52831],[-42.66388,-19.52833],[-42.66388,-19.52837],[-42.66388,-19.5284],[-42.66389,-19.52842],[-42.6639,-19.52844],[-42.66392,-19.52846],[-42.66394,-19.52848],[-42.66397,-19.52848],[-42.664,-19.52849],[-42.66404,-19.52849],[-42.66407,-19.52849],[-42.6641,-19.52848],[-42.66412,-19.52846],[-42.66414,-19.52845],[-42.66415,-19.52843],[-42.66416,-19.5284],[-42.66416,-19.52837],[-42.66416,-19.52834],[-42.66416,-19.52831],[-42.66415,-19.52828],[-42.66414,-19.52826],[-42.66412,-19.52824],[-42.6641,-19.52823],[-42.66407,-19.52822],[-42.66404,-19.52822]],[[-42.6683,-19.52963],[-42.66827,-19.52963],[-42.66824,-19.52963],[-42.66821,-19.52964],[-42.66819,-19.52965],[-42.66817,-19.52967],[-42.66816,-19.52969],[-42.66815,-19.52971],[-42.66814,-19.52974],[-42.66814,-19.52978],[-42.66815,-19.52981],[-42.66815,-19.52983],[-42.66817,-19.52985],[-42.66819,-19.52987],[-42.66821,-19.52988],[-42.66823,-19.52989],[-42.66827,-19.5299],[-42.6683,-19.5299],[-42.66833,-19.52989],[-42.66836,-19.52989],[-42.66838,-19.52987],[-42.6684,-19.52986],[-42.66841,-19.52984],[-42.66842,-19.52981],[-42.66843,-19.52978],[-42.66843,-19.52975],[-42.66842,-19.52972],[-42.66842,-19.52969],[-42.6684,-19.52967],[-42.66838,-19.52965],[-42.66836,-19.52964],[-42.66834,-19.52963],[-42.6683,-19.52963]],[[-42.66902,-19.53045],[-42.66895,-19.53045],[-42.66889,-19.53046],[-42.66884,-19.53047],[-42.66879,-19.5305],[-42.66876,-19.53053],[-42.66873,-19.53057],[-42.66871,-19.53062],[-42.6687,-19.53068],[-42.6687,-19.53075],[-42.6687,-19.53081],[-42.66871,-19.53086],[-42.66872,-19.5309],[-42.66874,-19.53094],[-42.66876,-19.53096],[-42.66879,-19.53098],[-42.66882,-19.53099],[-42.66886,-19.53099],[-42.66889,-19.53099],[-42.66891,-19.531],[-42.66894,-19.53101],[-42.66895,-19.53103],[-42.66897,-19.53105],[-42.66898,-19.53108],[-42.66898,-19.53111],[-42.66898,-19.53114],[-42.66898,-19.53117],[-42.66899,-19.5312],[-42.669,-19.53122],[-42.66902,-19.53124],[-42.66904,-19.53125],[-42.66907,-19.53126],[-42.6691,-19.53126],[-42.66914,-19.53126],[-42.66917,-19.53127],[-42.6692,-19.53128],[-42.66922,-19.53129],[-42.66924,-19.53131],[-42.66925,-19.53133],[-42.66926,-19.53135],[-42.66926,-19.53138],[-42.66926,-19.53142],[-42.66927,-19.53145],[-42.6693,-19.53147],[-42.66934,-19.53149],[-42.66939,-19.53151],[-42.66946,-19.53152],[-42.66954,-19.53153],[-42.66963,-19.53154],[-42.66974,-19.53154],[-42.66983,-19.53153],[-42.66992,-19.53152],[-42.66998,-19.53149],[-42.67004,-19.53146],[-42.67008,-19.53142],[-42.6701,-19.53137],[-42.67012,-19.53131],[-42.67012,-19.53124],[-42.67012,-19.53118],[-42.67011,-19.53113],[-42.6701,-19.53109],[-42.67008,-19.53105],[-42.67006,-19.53103],[-42.67003,-19.53101],[-42.67,-19.531],[-42.66996,-19.531],[-42.66993,-19.53101],[-42.6699,-19.53101],[-42.66988,-19.53103],[-42.66986,-19.53104],[-42.66985,-19.53106],[-42.66984,-19.53109],[-42.66984,-19.53112],[-42.66984,-19.53115],[-42.66983,-19.53118],[-42.66982,-19.53121],[-42.66981,-19.53123],[-42.66979,-19.53125],[-42.66977,-19.53126],[-42.66974,-19.53127],[-42.66971,-19.53127],[-42.66967,-19.53127],[-42.66964,-19.53126],[-42.66962,-19.53124],[-42.66959,-19.53122],[-42.66958,-19.53118],[-42.66956,-19.53114],[-42.66956,-19.53109],[-42.66955,-19.53103],[-42.66955,-19.53096],[-42.66955,-19.5309],[-42.66954,-19.53085],[-42.66953,-19.53081],[-42.66951,-19.53078],[-42.66949,-19.53075],[-42.66946,-19.53073],[-42.66943,-19.53072],[-42.6694,-19.53072],[-42.66936,-19.53072],[-42.66934,-19.53071],[-42.66932,-19.5307],[-42.6693,-19.53068],[-42.66929,-19.53066],[-42.66928,-19.53063],[-42.66927,-19.5306],[-42.66927,-19.53057],[-42.66926,-19.53054],[-42.66925,-19.53051],[-42.66922,-19.53049],[-42.66919,-19.53048],[-42.66914,-19.53046],[-42.66909,-19.53045],[-42.66902,-19.53045]],[[-42.671,-19.53237],[-42.67092,-19.53237],[-42.67086,-19.53238],[-42.67081,-19.53239],[-42.67076,-19.53242],[-42.67073,-19.53245],[-42.6707,-19.53249],[-42.67068,-19.53254],[-42.67067,-19.5326],[-42.67067,-19.53267],[-42.67067,-19.53273],[-42.67068,-19.53278],[-42.6707,-19.53282],[-42.67071,-19.53286],[-42.67073,-19.53288],[-42.67076,-19.5329],[-42.67079,-19.53291],[-42.67083,-19.53291],[-42.67086,-19.53291],[-42.67089,-19.53292],[-42.67091,-19.53293],[-42.67093,-19.53295],[-42.67094,-19.53297],[-42.67095,-19.533],[-42.67095,-19.53303],[-42.67095,-19.53306],[-42.67095,-19.53309],[-42.67096,-19.53312],[-42.67098,-19.53314],[-42.67099,-19.53316],[-42.67102,-19.53317],[-42.67104,-19.53318],[-42.67107,-19.53318],[-42.67111,-19.53318],[-42.67114,-19.53319],[-42.67117,-19.53321],[-42.67119,-19.53323],[-42.67121,-19.53327],[-42.67122,-19.53331],[-42.67123,-19.53336],[-42.67123,-19.53342],[-42.67123,-19.53349],[-42.67123,-19.53355],[-42.67124,-19.5336],[-42.67125,-19.53364],[-42.67127,-19.53368],[-42.67129,-19.5337],[-42.67132,-19.53372],[-42.67135,-19.53373],[-42.67139,-19.53373],[-42.67142,-19.53371],[-42.67145,-19.53368],[-42.67147,-19.53363],[-42.67149,-19.53356],[-42.6715,-19.53348],[-42.67151,-19.53337],[-42.67152,-19.53326],[-42.67152,-19.53312],[-42.67152,-19.533],[-42.67151,-19.5329],[-42.6715,-19.53282],[-42.67148,-19.53275],[-42.67146,-19.5327],[-42.67143,-19.53266],[-42.6714,-19.53265],[-42.67137,-19.53264],[-42.67134,-19.53264],[-42.67131,-19.53263],[-42.67129,-19.53262],[-42.67127,-19.5326],[-42.67126,-19.53258],[-42.67125,-19.53255],[-42.67124,-19.53252],[-42.67124,-19.53249],[-42.67124,-19.53246],[-42.67122,-19.53244],[-42.67119,-19.53241],[-42.67116,-19.5324],[-42.67111,-19.53238],[-42.67106,-19.53237],[-42.671,-19.53237]],[[-42.66937,-19.53479],[-42.66934,-19.53478],[-42.66931,-19.53479],[-42.66928,-19.5348],[-42.66926,-19.53481],[-42.66924,-19.53483],[-42.66923,-19.53485],[-42.66922,-19.53487],[-42.66921,-19.5349],[-42.66921,-19.53494],[-42.66921,-19.53496],[-42.66922,-19.53499],[-42.66924,-19.53501],[-42.66925,-19.53503],[-42.66928,-19.53504],[-42.6693,-19.53505],[-42.66933,-19.53506],[-42.66937,-19.53506],[-42.6694,-19.53505],[-42.66943,-19.53504],[-42.66945,-19.53503],[-42.66947,-19.53501],[-42.66948,-19.53499],[-42.66949,-19.53497],[-42.6695,-19.53494],[-42.6695,-19.53491],[-42.66949,-19.53488],[-42.66948,-19.53485],[-42.66947,-19.53483],[-42.66945,-19.53481],[-42.66943,-19.5348],[-42.6694,-19.53479],[-42.66937,-19.53479]],[[-42.67079,-19.53562],[-42.67075,-19.53562],[-42.67072,-19.53562],[-42.6707,-19.53563],[-42.67067,-19.53564],[-42.67065,-19.53566],[-42.67064,-19.53568],[-42.67063,-19.5357],[-42.67063,-19.53573],[-42.67063,-19.53577],[-42.67063,-19.5358],[-42.67064,-19.53582],[-42.67065,-19.53584],[-42.67067,-19.53586],[-42.67069,-19.53587],[-42.67072,-19.53588],[-42.67075,-19.53589],[-42.67079,-19.53589],[-42.67082,-19.53588],[-42.67084,-19.53587],[-42.67087,-19.53586],[-42.67088,-19.53585],[-42.6709,-19.53582],[-42.67091,-19.5358],[-42.67091,-19.53577],[-42.67091,-19.53574],[-42.67091,-19.53571],[-42.6709,-19.53568],[-42.67089,-19.53566],[-42.67087,-19.53564],[-42.67085,-19.53563],[-42.67082,-19.53562],[-42.67079,-19.53562]],[[-42.68015,-19.54034],[-42.68011,-19.54034],[-42.68008,-19.54034],[-42.68005,-19.54035],[-42.68003,-19.54036],[-42.68001,-19.54038],[-42.68,-19.5404],[-42.67999,-19.54043],[-42.67998,-19.54046],[-42.67998,-19.54049],[-42.67998,-19.54052],[-42.67997,-19.54054],[-42.67995,-19.54056],[-42.67994,-19.54058],[-42.67991,-19.54059],[-42.67989,-19.5406],[-42.67986,-19.54061],[-42.67982,-19.54061],[-42.67979,-19.54061],[-42.67976,-19.54062],[-42.67974,-19.54063],[-42.67972,-19.54065],[-42.67971,-19.54067],[-42.6797,-19.54069],[-42.67969,-19.54072],[-42.67969,-19.54076],[-42.67969,-19.54079],[-42.67968,-19.54081],[-42.67967,-19.54083],[-42.67965,-19.54085],[-42.67962,-19.54086],[-42.6796,-19.54087],[-42.67957,-19.54087],[-42.67953,-19.54087],[-42.6795,-19.54088],[-42.67947,-19.54088],[-42.67945,-19.5409],[-42.67943,-19.54091],[-42.67942,-19.54093],[-42.67941,-19.54096],[-42.6794,-19.54099],[-42.6794,-19.54102],[-42.67942,-19.54105],[-42.67944,-19.54108],[-42.67948,-19.5411],[-42.67954,-19.54112],[-42.6796,-19.54113],[-42.67968,-19.54114],[-42.67978,-19.54115],[-42.67988,-19.54115],[-42.67998,-19.54115],[-42.68006,-19.54116],[-42.68012,-19.54118],[-42.68018,-19.54119],[-42.68022,-19.54122],[-42.68024,-19.54124],[-42.68026,-19.54127],[-42.68026,-19.5413],[-42.68026,-19.54133],[-42.68027,-19.54136],[-42.68028,-19.54138],[-42.6803,-19.5414],[-42.68032,-19.54141],[-42.68035,-19.54142],[-42.68038,-19.54142],[-42.68042,-19.54143],[-42.68045,-19.54142],[-42.68047,-19.5414],[-42.6805,-19.54138],[-42.68052,-19.54134],[-42.68053,-19.5413],[-42.68054,-19.54125],[-42.68054,-19.54119],[-42.68054,-19.54112],[-42.68054,-19.54106],[-42.68053,-19.54101],[-42.68052,-19.54097],[-42.6805,-19.54094],[-42.68048,-19.54091],[-42.68045,-19.54089],[-42.68042,-19.54088],[-42.68039,-19.54088],[-42.68036,-19.54087],[-42.68033,-19.54086],[-42.68031,-19.54083],[-42.68029,-19.5408],[-42.68028,-19.54075],[-42.68027,-19.5407],[-42.68027,-19.54064],[-42.68027,-19.54058],[-42.68026,-19.54052],[-42.68026,-19.54047],[-42.68024,-19.54042],[-42.68023,-19.54039],[-42.6802,-19.54036],[-42.68018,-19.54035],[-42.68015,-19.54034]],[[-42.67745,-19.5403],[-42.67738,-19.5403],[-42.67732,-19.54031],[-42.67726,-19.54031],[-42.67722,-19.54033],[-42.67718,-19.54034],[-42.67716,-19.54036],[-42.67714,-19.54039],[-42.67713,-19.54042],[-42.67713,-19.54045],[-42.67714,-19.54048],[-42.67715,-19.54051],[-42.67718,-19.54053],[-42.67722,-19.54055],[-42.67726,-19.54056],[-42.67731,-19.54057],[-42.67738,-19.54057],[-42.67745,-19.54057],[-42.67751,-19.54057],[-42.67756,-19.54056],[-42.67761,-19.54055],[-42.67764,-19.54053],[-42.67767,-19.54051],[-42.67769,-19.54049],[-42.6777,-19.54046],[-42.6777,-19.54043],[-42.67769,-19.5404],[-42.67767,-19.54037],[-42.67765,-19.54035],[-42.67761,-19.54033],[-42.67757,-19.54032],[-42.67751,-19.54031],[-42.67745,-19.5403]],[[-42.67954,-19.5425],[-42.67951,-19.5425],[-42.67948,-19.5425],[-42.67945,-19.54251],[-42.67943,-19.54252],[-42.67941,-19.54254],[-42.6794,-19.54256],[-42.67939,-19.54258],[-42.67938,-19.54261],[-42.67938,-19.54265],[-42.67938,-19.54268],[-42.67939,-19.5427],[-42.67941,-19.54272],[-42.67942,-19.54274],[-42.67945,-19.54275],[-42.67947,-19.54276],[-42.6795,-19.54277],[-42.67954,-19.54277],[-42.67957,-19.54276],[-42.6796,-19.54276],[-42.67962,-19.54274],[-42.67964,-19.54273],[-42.67965,-19.54271],[-42.67966,-19.54268],[-42.67967,-19.54265],[-42.67967,-19.54262],[-42.67966,-19.54259],[-42.67965,-19.54256],[-42.67964,-19.54254],[-42.67962,-19.54252],[-42.6796,-19.54251],[-42.67957,-19.5425],[-42.67954,-19.5425]],[[-42.67983,-19.54277],[-42.67979,-19.54277],[-42.67976,-19.54277],[-42.67973,-19.54278],[-42.67971,-19.5428],[-42.67969,-19.54281],[-42.67968,-19.54283],[-42.67967,-19.54286],[-42.67966,-19.54289],[-42.67966,-19.54292],[-42.67967,-19.54295],[-42.67968,-19.54298],[-42.67969,-19.543],[-42.67971,-19.54302],[-42.67973,-19.54303],[-42.67975,-19.54304],[-42.67979,-19.54304],[-42.67982,-19.54304],[-42.67985,-19.54304],[-42.67988,-19.54303],[-42.6799,-19.54302],[-42.67992,-19.543],[-42.67993,-19.54298],[-42.67994,-19.54295],[-42.67995,-19.54293],[-42.67995,-19.54289],[-42.67994,-19.54286],[-42.67994,-19.54284],[-42.67992,-19.54281],[-42.67991,-19.5428],[-42.67988,-19.54278],[-42.67986,-19.54278],[-42.67983,-19.54277]]]}}
]
}
